race_id,race_date,track,race_no,actual_1st,v11_top1,v11_hit,v11_actual_rank,v7_top1,v7_hit,v7_actual_rank,v11_top1_score,v7_top1_score
2420240401010006,2024-04-01,宇都宮競輪,6,3,7,0,2,1,0,3,100.0,100.0
2420240401010007,2024-04-01,宇都宮競輪,7,4,1,0,2,4,1,1,100.0,100.0
2420240401010008,2024-04-01,宇都宮競輪,8,6,4,0,7,4,0,7,100.0,100.0
2420240401010009,2024-04-01,宇都宮競輪,9,2,7,0,7,7,0,5,100.0,100.0
2420240401010010,2024-04-01,宇都宮競輪,10,1,1,1,1,1,1,1,100.0,100.0
2420240401010011,2024-04-01,宇都宮競輪,11,4,5,0,2,5,0,2,100.0,100.0
2420240401010012,2024-04-01,宇都宮競輪,12,6,1,0,7,1,0,7,100.0,100.0
8120240401010008,2024-04-01,小倉競輪,8,7,1,0,2,2,0,2,100.0,100.0
8120240401010009,2024-04-01,小倉競輪,9,5,1,0,2,1,0,2,100.0,100.0
8120240401010010,2024-04-01,小倉競輪,10,1,5,0,2,1,1,1,100.0,100.0
8120240401010011,2024-04-01,小倉競輪,11,7,7,1,1,7,1,1,100.0,100.0
8120240401010012,2024-04-01,小倉競輪,12,1,7,0,5,7,0,3,100.0,100.0
2420240401020006,2024-04-02,宇都宮競輪,6,5,3,0,4,3,0,3,100.0,100.0
2420240401020007,2024-04-02,宇都宮競輪,7,2,5,0,5,5,0,4,100.0,100.0
2420240401020008,2024-04-02,宇都宮競輪,8,5,2,0,3,2,0,5,100.0,100.0
2420240401020009,2024-04-02,宇都宮競輪,9,5,7,0,6,1,0,6,100.0,100.0
2420240401020010,2024-04-02,宇都宮競輪,10,6,3,0,6,3,0,5,100.0,100.0
2420240401020011,2024-04-02,宇都宮競輪,11,3,2,0,3,2,0,2,100.0,100.0
2420240401020012,2024-04-02,宇都宮競輪,12,2,1,0,4,1,0,4,100.0,100.0
8120240401020008,2024-04-02,小倉競輪,8,2,2,1,1,2,1,1,100.0,100.0
8120240401020009,2024-04-02,小倉競輪,9,2,2,1,1,2,1,1,100.0,100.0
8120240401020010,2024-04-02,小倉競輪,10,3,5,0,2,3,1,1,100.0,100.0
8120240401020011,2024-04-02,小倉競輪,11,1,1,1,1,1,1,1,100.0,100.0
8120240401020012,2024-04-02,小倉競輪,12,3,2,0,4,2,0,4,100.0,100.0
6120240402010008,2024-04-02,玉野競輪,8,1,1,1,1,1,1,1,100.0,100.0
6120240402010009,2024-04-02,玉野競輪,9,3,3,1,1,3,1,1,100.0,100.0
6120240402010010,2024-04-02,玉野競輪,10,7,4,0,4,4,0,3,100.0,100.0
6120240402010011,2024-04-02,玉野競輪,11,3,1,0,3,1,0,3,100.0,100.0
6120240402010012,2024-04-02,玉野競輪,12,3,7,0,4,7,0,3,100.0,100.0
2420240401030005,2024-04-03,宇都宮競輪,5,5,1,0,3,1,0,6,100.0,100.0
2420240401030006,2024-04-03,宇都宮競輪,6,5,3,0,2,3,0,2,100.0,100.0
2420240401030007,2024-04-03,宇都宮競輪,7,3,3,1,1,4,0,2,100.0,100.0
2420240401030008,2024-04-03,宇都宮競輪,8,2,1,0,2,1,0,3,100.0,100.0
2420240401030009,2024-04-03,宇都宮競輪,9,1,2,0,3,5,0,4,100.0,100.0
2420240401030010,2024-04-03,宇都宮競輪,10,7,7,1,1,7,1,1,100.0,100.0
2420240401030012,2024-04-03,宇都宮競輪,12,5,5,1,1,5,1,1,100.0,100.0
8120240401030006,2024-04-03,小倉競輪,6,5,2,0,2,2,0,2,100.0,100.0
8120240401030007,2024-04-03,小倉競輪,7,5,5,1,1,5,1,1,100.0,100.0
8120240401030008,2024-04-03,小倉競輪,8,7,6,0,2,6,0,4,100.0,100.0
8120240401030009,2024-04-03,小倉競輪,9,4,1,0,3,1,0,2,100.0,100.0
8120240401030012,2024-04-03,小倉競輪,12,5,3,0,5,3,0,6,100.0,100.0
6120240402020008,2024-04-03,玉野競輪,8,3,3,1,1,3,1,1,100.0,100.0
6120240402020009,2024-04-03,玉野競輪,9,1,7,0,2,7,0,2,100.0,100.0
6120240402020010,2024-04-03,玉野競輪,10,5,7,0,5,3,0,6,100.0,100.0
6120240402020011,2024-04-03,玉野競輪,11,4,2,0,2,2,0,2,100.0,100.0
6120240402020012,2024-04-03,玉野競輪,12,7,5,0,4,5,0,5,100.0,100.0
5520240404010006,2024-04-04,和歌山競輪,6,7,5,0,2,5,0,2,100.0,100.0
5520240404010007,2024-04-04,和歌山競輪,7,1,1,1,1,1,1,1,100.0,100.0
5520240404010009,2024-04-04,和歌山競輪,9,2,5,0,3,2,1,1,100.0,100.0
5520240404010010,2024-04-04,和歌山競輪,10,6,4,0,5,2,0,5,100.0,100.0
5520240404010011,2024-04-04,和歌山競輪,11,1,7,0,2,1,1,1,100.0,100.0
5520240404010012,2024-04-04,和歌山競輪,12,7,7,1,1,2,0,2,100.0,100.0
6120240402030006,2024-04-04,玉野競輪,6,1,5,0,7,5,0,7,100.0,100.0
6120240402030007,2024-04-04,玉野競輪,7,1,3,0,3,3,0,2,100.0,100.0
6120240402030008,2024-04-04,玉野競輪,8,4,4,1,1,2,0,2,100.0,100.0
6120240402030009,2024-04-04,玉野競輪,9,1,3,0,3,5,0,3,100.0,100.0
6120240402030012,2024-04-04,玉野競輪,12,2,5,0,2,2,1,1,100.0,100.0
1320240405010008,2024-04-05,いわき平競輪,8,7,3,0,5,3,0,5,100.0,100.0
1320240405010009,2024-04-05,いわき平競輪,9,1,1,1,1,5,0,4,100.0,100.0
1320240405010010,2024-04-05,いわき平競輪,10,5,2,0,6,2,0,4,100.0,100.0
1320240405010011,2024-04-05,いわき平競輪,11,4,7,0,4,1,0,6,100.0,100.0
1320240405010012,2024-04-05,いわき平競輪,12,3,2,0,4,2,0,2,100.0,100.0
5520240404020006,2024-04-05,和歌山競輪,6,7,4,0,3,4,0,4,100.0,100.0
5520240404020007,2024-04-05,和歌山競輪,7,5,1,0,3,1,0,2,100.0,100.0
5520240404020008,2024-04-05,和歌山競輪,8,6,4,0,6,4,0,6,100.0,100.0
5520240404020009,2024-04-05,和歌山競輪,9,4,4,1,1,1,0,3,100.0,100.0
5520240404020010,2024-04-05,和歌山競輪,10,1,1,1,1,1,1,1,100.0,100.0
5520240404020011,2024-04-05,和歌山競輪,11,1,3,0,3,3,0,4,100.0,100.0
5520240404020012,2024-04-05,和歌山競輪,12,4,4,1,1,4,1,1,100.0,100.0
1320240405020008,2024-04-06,いわき平競輪,8,1,1,1,1,5,0,2,100.0,100.0
1320240405020009,2024-04-06,いわき平競輪,9,2,3,0,2,3,0,2,100.0,100.0
1320240405020010,2024-04-06,いわき平競輪,10,7,2,0,5,1,0,4,100.0,100.0
1320240405020011,2024-04-06,いわき平競輪,11,2,2,1,1,2,1,1,100.0,100.0
1320240405020012,2024-04-06,いわき平競輪,12,2,4,0,3,4,0,7,100.0,100.0
5520240404030006,2024-04-06,和歌山競輪,6,4,4,1,1,4,1,1,100.0,100.0
5520240404030007,2024-04-06,和歌山競輪,7,3,3,1,1,3,1,1,100.0,100.0
5520240404030008,2024-04-06,和歌山競輪,8,6,5,0,4,5,0,6,100.0,100.0
5520240404030009,2024-04-06,和歌山競輪,9,7,5,0,4,2,0,4,100.0,100.0
5520240404030010,2024-04-06,和歌山競輪,10,2,2,1,1,4,0,2,100.0,100.0
5520240404030012,2024-04-06,和歌山競輪,12,4,5,0,2,1,0,5,100.0,100.0
1320240405030006,2024-04-07,いわき平競輪,6,7,7,1,1,5,0,4,100.0,100.0
1320240405030007,2024-04-07,いわき平競輪,7,7,7,1,1,7,1,1,100.0,100.0
1320240405030008,2024-04-07,いわき平競輪,8,1,4,0,6,3,0,4,100.0,100.0
1320240405030009,2024-04-07,いわき平競輪,9,4,2,0,4,2,0,3,100.0,100.0
1320240405030012,2024-04-07,いわき平競輪,12,2,1,0,6,1,0,6,100.0,100.0
