race_date,track,race_no,race_type,race_id,line_forecast,position_top_four,forecast_1,forecast_2,forecast_3,method
2023-01-01,いわき平競輪,1,Ａ級予選,1320230101010001,1-3-6/5-2-4,3:2.27|1:2.25|2:1.89|5:1.76,3-1-2,1-3-2,3-1-5,position-only-v1
2023-01-01,いわき平競輪,2,Ａ級予選,1320230101010002,5-1-4/3-2-6,5:2.73|1:2.41|2:2.16|3:1.83,5-1-2,1-5-2,5-2-1,position-only-v1
2023-01-01,いわき平競輪,3,Ａ級予選,1320230101010003,6-1/2-7-4/5-3,6:2.88|2:2.68|7:2.49|1:2.41,6-2-7,6-1-2,6-7-2,position-only-v1
2023-01-01,いわき平競輪,4,Ａ級予選,1320230101010004,1-7-4/3/2-6/5,1:2.88|7:2.37|6:1.93|2:1.73,1-7-6,1-7-2,1-7-5,position-only-v1
2023-01-01,いわき平競輪,5,Ａ級初日特選,1320230101010005,6-3/4-7-1/5-2,6:2.85|4:2.45|3:2.41|7:2.24,6-3-4,6-4-3,3-6-4,position-only-v1
2023-01-01,京王閣競輪,8,Ａ級特予選,2720230101010008,1-4/2-6/3-5,1:2.73|2:2.71|6:2.49|4:2.45,2-6-1,1-2-6,2-1-6,position-only-v1
2023-01-01,京王閣競輪,9,Ａ級特予選,2720230101010009,1-6/4/5/3-7-2,1:2.71|6:2.37|7:1.61|3:1.36,1-6-7,6-1-7,1-6-3,position-only-v1
2023-01-01,京王閣競輪,10,Ａ級特予選,2720230101010010,1-4/5-2-7/6-3,1:2.25|2:2.12|4:2.11|5:1.83,1-4-2,4-1-2,1-2-4,position-only-v1
2023-01-01,京王閣競輪,11,Ａ級特予選,2720230101010011,1-7/6/5-2-4-3,5:2.75|2:2.57|7:1.61|1:1.54,5-2-7,2-5-7,5-2-1,position-only-v1
2023-01-01,京王閣競輪,12,Ａ級初日特選,2720230101010012,4-6-2-5/1/3-7,4:2.25|6:2.15|7:1.87|3:1.59,4-6-7,6-4-7,4-7-6,position-only-v1
2023-01-01,別府競輪,6,Ａ級一般,8620221231020006,1-4-2/3/5,1:2.43|4:2.28|2:1.32|5:1.05,1-4-2,4-1-2,1-4-5,position-only-v1
2023-01-01,別府競輪,7,Ａ級一般,8620221231020007,1-5-2-4/6-3,6:2.19|3:2.07|5:2.00|1:1.83,6-3-5,3-6-5,6-5-3,position-only-v1
2023-01-01,別府競輪,8,Ａ級選抜,8620221231020008,5-3-1/6/2-7-4,2:2.13|7:2.04|3:1.76|5:1.55,2-7-3,7-2-3,2-7-5,position-only-v1
2023-01-01,別府競輪,9,Ａ級選抜,8620221231020009,4-2/3-7/1-5-6,1:2.63|5:2.45|7:1.91|2:1.75,1-5-7,5-1-7,1-5-2,position-only-v1
2023-01-01,別府競輪,10,Ａ級準決勝,8620221231020010,1-7/4-2/3-5-6,3:2.31|5:2.17|2:2.04|4:1.93,3-5-2,5-3-2,3-5-4,position-only-v1
2023-01-01,別府競輪,11,Ａ級準決勝,8620221231020011,7-5-1/2-4/3-6,6:2.08|3:2.06|5:1.88|4:1.68,6-3-5,3-6-5,6-3-4,position-only-v1
2023-01-01,別府競輪,12,Ａ級準決勝,8620221231020012,5-3-1/2-7/4-6,2:2.71|5:2.65|4:2.60|3:2.37,2-5-4,5-2-4,2-4-5,position-only-v1
2023-01-01,取手競輪,1,Ａ級予選,2320230101010001,3-1-5/4/6-2,3:2.22|1:2.07|2:1.61|6:1.44,3-1-2,1-3-2,3-1-6,position-only-v1
2023-01-01,取手競輪,2,Ａ級予選,2320230101010002,3-1-6/2-5-4,1:1.88|3:1.83|5:1.79|2:1.59,1-3-5,3-1-5,1-5-3,position-only-v1
2023-01-01,取手競輪,3,Ａ級予選,2320230101010003,3-1-6/5-2-4,5:2.88|3:2.63|2:2.41|1:2.33,5-2-3,5-3-2,5-3-1,position-only-v1
2023-01-01,取手競輪,4,Ａ級予選,2320230101010004,3-1/6-2/7-4-5,7:2.67|4:2.39|6:2.16|2:2.04,7-4-6,7-4-2,4-7-6,position-only-v1
2023-01-01,取手競輪,5,Ａ級初日特選,2320230101010005,2-5-7/4/6-3-1,2:2.63|5:2.41|3:1.92|6:1.85,2-5-3,2-5-6,5-2-3,position-only-v1
2023-01-01,向日町競輪,5,Ａ級特予選,5420230101010005,2-1/5/6-3-4,1:2.44|2:2.40|3:1.87|6:1.84,1-2-3,2-1-3,1-2-6,position-only-v1
2023-01-01,向日町競輪,6,Ａ級特予選,5420230101010006,3-1-5/2-4-6,3:2.73|1:2.61|4:1.61|5:1.40,3-1-4,1-3-4,3-1-2,position-only-v1
2023-01-01,向日町競輪,7,Ａ級特予選,5420230101010007,3-1-5/4-2-6,2:2.09|1:1.99|4:1.71|3:1.62,2-4-1,2-1-4,1-2-4,position-only-v1
2023-01-01,向日町競輪,8,Ａ級特予選,5420230101010008,1-2-3/4/5/6-7,2:1.95|1:1.84|7:1.68|6:1.53,2-1-7,1-2-7,2-1-6,position-only-v1
2023-01-01,向日町競輪,9,Ａ級初日特選,5420230101010009,2-1-5/4/6-7-3,6:2.71|7:2.53|2:2.29|1:2.13,6-7-2,7-6-2,6-7-1,position-only-v1
2023-01-01,大垣競輪,1,Ａ級予選,4420230101010001,4-1-5/3/2-6,4:2.65|1:2.45|2:2.37|6:2.23,4-1-2,1-4-2,4-1-6,position-only-v1
2023-01-01,大垣競輪,2,Ａ級予選,4420230101010002,1-5/4-2/3-6,1:2.80|5:2.41|2:2.14|3:2.08,1-5-2,1-5-3,1-5-4,position-only-v1
2023-01-01,大垣競輪,3,Ａ級予選,4420230101010003,1-4-5/2/6-3,6:2.63|3:2.41|1:2.02|4:1.98,6-3-1,6-3-4,3-6-1,position-only-v1
2023-01-01,大垣競輪,4,Ａ級予選,4420230101010004,6-1/3/2-5-4,2:2.83|5:2.37|6:2.31|1:2.00,2-5-6,2-6-5,5-2-6,position-only-v1
2023-01-01,大垣競輪,5,Ａ級初日特選,4420230101010005,5-3/6-2/1/4-7,2:2.02|6:1.99|7:1.96|4:1.83,2-6-7,6-2-7,2-6-4,position-only-v1
2023-01-01,岸和田競輪,1,Ａ級一般,5620221231020001,5-1-3/4-2,2:1.89|1:1.79|4:1.73|5:1.59,2-4-1,4-2-1,2-1-4,position-only-v1
2023-01-01,岸和田競輪,2,Ａ級一般,5620221231020002,1/2/5-3-4,5:2.10|3:2.04|1:1.22|2:1.22,5-3-1,5-3-2,3-5-1,position-only-v1
2023-01-01,岸和田競輪,3,Ａ級準決勝,5620221231020003,2-7/4-1-6/5-3,4:2.63|1:2.33|2:2.19|7:2.11,4-1-2,4-1-7,1-4-2,position-only-v1
2023-01-01,岸和田競輪,4,Ａ級準決勝,5620221231020004,4-1-6/2-5/3-7,2:2.33|5:2.13|7:1.83|1:1.61,2-5-7,5-2-7,2-5-1,position-only-v1
2023-01-01,岸和田競輪,5,Ａ級準決勝,5620221231020005,5-1-4/2-7-3/6,5:2.40|2:2.25|1:2.20|7:2.15,5-1-2,1-5-2,5-1-7,position-only-v1
2023-01-01,広島競輪,1,Ａ級一般,6220221230030001,1-7-5/3-6-4-2,3:2.80|6:2.45|7:2.19|1:1.95,3-6-7,6-3-7,3-7-6,position-only-v1
2023-01-01,広島競輪,2,Ａ級一般,6220221230030002,1-5-7/2-6/4-3,1:2.08|5:2.00|3:1.96|6:1.90,1-5-3,5-1-3,1-5-6,position-only-v1
2023-01-01,広島競輪,3,Ａ級特選,6220221230030003,1-5/2-4-7/3-6,2:2.78|1:2.63|4:2.37|3:2.34,2-4-1,2-1-4,2-1-3,position-only-v1
2023-01-01,広島競輪,4,Ａ級特選,6220221230030004,6-1-5/2-4-7-3,6:2.51|2:2.44|1:2.21|4:2.17,6-1-2,6-2-1,2-6-1,position-only-v1
2023-01-01,広島競輪,5,Ａ級特選,6220221230030005,6-3/4-1/7-5-2,5:2.44|7:2.40|3:2.08|6:2.08,5-7-3,5-7-6,7-5-3,position-only-v1
2023-01-01,広島競輪,6,Ａ級決勝,6220221230030006,1-5-4/2-7/3-6,2:2.88|1:2.68|6:2.60|3:2.50,2-1-6,2-6-1,2-7-1,position-only-v1
2023-01-01,玉野競輪,3,Ａ級予選,6120230101010003,5-1-4/3-2-6,5:2.29|1:2.11|2:1.70|3:1.39,5-1-2,1-5-2,5-2-1,position-only-v1
2023-01-01,玉野競輪,4,Ａ級予選,6120230101010004,4-1-6/5-2-3,4:2.68|1:2.37|2:1.92|5:1.88,4-1-2,4-1-5,1-4-2,position-only-v1
2023-01-01,玉野競輪,5,Ａ級予選,6120230101010005,5-2/1-4/6-3,5:2.53|2:2.28|3:2.08|6:2.06,5-2-3,5-2-6,2-5-3,position-only-v1
2023-01-01,玉野競輪,6,Ａ級予選,6120230101010006,2-1-4/5/6-3,1:2.05|2:1.71|3:1.61|6:1.47,1-2-3,2-1-3,1-2-6,position-only-v1
2023-01-01,玉野競輪,7,Ａ級予選,6120230101010007,1-2-4-6/3-5,1:2.65|2:2.53|5:1.71|4:1.40,1-2-5,2-1-5,1-2-4,position-only-v1
2023-01-01,玉野競輪,8,Ａ級予選,6120230101010008,1-2-3/5-4-6,1:2.67|5:2.60|2:2.27|4:2.20,1-5-2,1-2-5,5-1-2,position-only-v1
2023-01-01,玉野競輪,9,Ａ級初日特選,6120230101010009,6-2-4/1/5-3-7,5:2.73|3:2.41|6:2.16|2:2.00,5-3-6,3-5-6,5-3-2,position-only-v1
2023-01-02,いわき平競輪,1,Ａ級一般,1320230101020001,4-2/1-5/3,4:2.88|2:2.57|1:2.10|5:2.08,4-2-1,4-2-5,2-4-1,position-only-v1
2023-01-02,いわき平競輪,2,Ａ級一般,1320230101020002,2-3/4/5-1,2:2.36|3:2.21|1:1.75|5:1.67,2-3-1,3-2-1,2-3-5,position-only-v1
2023-01-02,いわき平競輪,3,Ａ級準決勝,1320230101020003,1-4-3/2-5-7/6,1:2.85|4:2.49|2:2.25|5:2.11,1-4-2,1-4-5,4-1-2,position-only-v1
2023-01-02,いわき平競輪,4,Ａ級準決勝,1320230101020004,1-4/3-5-2-6-7,1:2.68|3:2.45|5:2.44|4:2.41,1-4-3,1-4-5,1-3-5,position-only-v1
2023-01-02,いわき平競輪,5,Ａ級準決勝,1320230101020005,4-1-7/2-5/3-6,4:2.88|1:2.37|6:1.97|5:1.96,4-1-6,4-1-5,4-1-2,position-only-v1
2023-01-02,京王閣競輪,8,Ａ級特一般,2720230101020008,4-1/6/3-5-2,5:2.08|3:1.83|1:1.70|4:1.39,5-3-1,3-5-1,5-1-3,position-only-v1
2023-01-02,京王閣競輪,9,Ａ級特一般,2720230101020009,5-1-4/6-2/3,5:2.71|6:2.71|1:2.57|2:2.33,5-1-6,1-5-6,5-6-1,position-only-v1
2023-01-02,京王閣競輪,10,Ａ級準決勝,2720230101020010,1-5/7-2/6-3/4,2:2.00|7:1.88|3:1.81|5:1.73,2-7-3,7-2-3,2-7-5,position-only-v1
2023-01-02,京王閣競輪,11,Ａ級準決勝,2720230101020011,1-7-5/4-2/6-3,1:2.75|6:2.73|7:2.73|3:2.57,1-7-6,7-1-6,1-6-7,position-only-v1
2023-01-02,京王閣競輪,12,Ａ級準決勝,2720230101020012,1-4-6/2-7/3-5,7:2.31|1:2.25|2:2.25|4:2.11,7-2-1,2-7-1,7-1-2,position-only-v1
2023-01-02,別府競輪,5,Ａ級一般,8620221231030005,4-1/3-2/5-6,3:2.43|2:2.20|1:1.61|6:1.55,3-2-1,3-2-6,2-3-1,position-only-v1
2023-01-02,別府競輪,6,Ａ級一般,8620221231030006,3-5-1/2/6-4,3:2.63|5:2.37|6:2.19|4:2.15,3-5-6,3-5-4,5-3-6,position-only-v1
2023-01-02,別府競輪,7,Ａ級一般,8620221231030007,2-6-1/3-5/4,6:1.88|2:1.83|4:1.56|5:1.55,6-2-4,6-2-5,2-6-4,position-only-v1
2023-01-02,別府競輪,8,Ａ級特選,8620221231030008,3-5-1/6/4-2-7,4:2.71|2:2.53|5:1.96|3:1.93,4-2-5,4-2-3,2-4-5,position-only-v1
2023-01-02,別府競輪,9,Ａ級特選,8620221231030009,1-6/4-2-7/3-5,1:2.60|6:2.20|2:1.68|5:1.68,1-6-2,1-6-5,1-6-4,position-only-v1
2023-01-02,別府競輪,10,Ａ級特選,8620221231030010,3-5-1/4-6/7-2,5:2.17|3:2.13|2:1.83|6:1.63,5-3-2,3-5-2,5-3-6,position-only-v1
2023-01-02,別府競輪,12,Ａ級決勝,8620221231030012,1-5-6/2-3/7-4,1:2.65|5:2.37|7:2.31|3:2.21,1-5-7,1-5-3,5-1-7,position-only-v1
2023-01-02,取手競輪,1,Ａ級一般,2320230101020001,1-3/2-5-4,5:1.66|3:1.55|2:1.44|1:1.30,5-2-3,5-3-2,2-5-3,position-only-v1
2023-01-02,取手競輪,2,Ａ級一般,2320230101020002,1/2/5-3-4-6,5:2.63|3:2.33|4:1.40|1:0.97,5-3-4,3-5-4,5-3-1,position-only-v1
2023-01-02,取手競輪,3,Ａ級準決勝,2320230101020003,4-1-5/2-7/6-3,4:2.63|1:2.41|2:2.22|6:2.16,4-1-2,4-1-6,1-4-2,position-only-v1
2023-01-02,取手競輪,4,Ａ級準決勝,2320230101020004,7-1-4/2/6-3-5,6:2.88|3:2.73|1:2.00|7:1.85,6-3-1,3-6-1,6-3-7,position-only-v1
2023-01-02,取手競輪,5,Ａ級準決勝,2320230101020005,1-5-6/4-2/7-3,1:2.67|5:2.31|2:1.96|3:1.83,1-5-2,1-5-3,1-5-4,position-only-v1
2023-01-02,名古屋競輪,5,Ａ級特予選,4220230102010005,4-1/3-2-5/6,3:2.73|2:2.41|1:1.59|5:1.40,3-2-1,2-3-1,3-2-4,position-only-v1
2023-01-02,名古屋競輪,6,Ａ級特予選,4220230102010006,1-2-5/7/6-3-4,6:2.73|3:2.37|2:1.97|1:1.76,6-3-2,3-6-2,6-3-1,position-only-v1
2023-01-02,名古屋競輪,7,Ａ級特予選,4220230102010007,2-1-3/4-6/5/7,2:2.45|1:2.28|4:2.17|6:2.15,2-1-4,2-1-6,1-2-4,position-only-v1
2023-01-02,名古屋競輪,8,Ａ級特予選,4220230102010008,1-2-5/3-4-6-7,3:2.65|1:2.62|4:2.33|2:2.27,3-4-1,3-1-4,1-3-4,position-only-v1
2023-01-02,名古屋競輪,9,Ａ級初日特選,4220230102010009,2-3-6/1-5/7-4,7:2.43|4:2.20|3:1.87|2:1.59,7-4-3,4-7-3,7-3-4,position-only-v1
2023-01-02,向日町競輪,3,Ａ級特一般,5420230101020003,1-5/3/4-2,1:2.08|5:2.00|2:1.68|4:1.53,1-5-2,5-1-2,1-5-4,position-only-v1
2023-01-02,向日町競輪,4,Ａ級特一般,5420230101020004,1-3-5/2-6/4,6:1.81|3:1.75|2:1.71|1:1.62,6-2-3,2-6-3,6-3-2,position-only-v1
2023-01-02,向日町競輪,7,Ａ級準決勝,5420230101020007,4-1/3-2/7-5-6,3:2.71|2:2.49|1:2.03|4:1.84,3-2-1,2-3-1,3-2-4,position-only-v1
2023-01-02,向日町競輪,8,Ａ級準決勝,5420230101020008,5-1-7/6-2/4-3,6:2.73|2:2.57|3:2.18|4:2.06,6-2-3,2-6-3,6-2-4,position-only-v1
2023-01-02,向日町競輪,9,Ａ級準決勝,5420230101020009,1-2-4/6-3-5/7,3:2.40|6:2.40|1:2.29|2:2.25,3-6-1,6-3-1,3-6-2,position-only-v1
2023-01-02,大垣競輪,1,Ａ級一般,4420230101020001,5-1/2-4-3,2:2.31|4:2.04|1:2.00|5:1.88,2-4-1,4-2-1,2-4-5,position-only-v1
2023-01-02,大垣競輪,2,Ａ級一般,4420230101020002,6-2/1-4-5/3,4:2.10|6:2.08|1:1.99|2:1.88,4-1-6,1-4-6,4-6-1,position-only-v1
2023-01-02,大垣競輪,3,Ａ級準決勝,4420230101020003,3-4/1-5-6/7-2,1:2.83|7:2.65|2:2.41|3:2.37,1-7-2,1-5-7,1-7-3,position-only-v1
2023-01-02,大垣競輪,4,Ａ級準決勝,4420230101020004,1-7-4/5-2/3/6,6:2.15|5:2.02|2:1.98|7:1.88,5-2-6,6-5-2,2-5-6,position-only-v1
2023-01-02,大垣競輪,5,Ａ級準決勝,4420230101020005,1-5/2/4/6/3-7,3:2.63|7:2.45|5:2.02|1:1.99,3-7-5,3-7-1,7-3-5,position-only-v1
2023-01-02,小田原競輪,1,Ａ級予選,3620230102010001,1-5-4/2-3-6,2:2.65|1:2.48|3:2.37|5:2.20,2-3-1,2-1-3,3-2-1,position-only-v1
2023-01-02,小田原競輪,2,Ａ級予選,3620230102010002,2-5-1/6-4-3,6:2.54|4:2.39|5:2.01|2:1.76,6-4-5,4-6-5,6-4-2,position-only-v1
2023-01-02,小田原競輪,3,Ａ級予選,3620230102010003,3-5/1-6/4-2,3:2.75|5:2.37|4:2.04|2:2.02,3-5-4,3-5-2,5-3-4,position-only-v1
2023-01-02,小田原競輪,4,Ａ級予選,3620230102010004,4-1-3/2-5-6,4:2.65|1:2.49|2:2.40|5:2.24,4-1-2,1-4-2,4-1-5,position-only-v1
2023-01-02,小田原競輪,5,Ａ級予選,3620230102010005,6-1/2/5-3-4,3:2.01|5:1.94|1:1.88|6:1.83,3-5-1,5-3-1,3-5-6,position-only-v1
2023-01-02,小田原競輪,6,Ａ級予選,3620230102010006,7-1-6/4-2/5-3,5:2.59|4:2.31|3:2.31|2:2.21,5-3-4,5-3-2,3-5-4,position-only-v1
2023-01-02,小田原競輪,7,Ａ級初日特選,3620230102010007,4-7/1/6-2/3-5,4:2.65|7:2.49|5:1.59|2:1.55,4-7-5,4-7-2,7-4-5,position-only-v1
2023-01-02,岸和田競輪,1,Ａ級一般,5620221231030001,1-4-6/2/7-5-3,1:2.40|4:2.40|2:1.87|5:1.75,1-4-2,4-1-2,1-4-5,position-only-v1
2023-01-02,岸和田競輪,2,Ａ級特選,5620221231030002,3-6-4/2/7-1-5,6:2.27|3:2.25|1:1.81|7:1.73,6-3-1,3-6-1,6-3-7,position-only-v1
2023-01-02,岸和田競輪,3,Ａ級特選,5620221231030003,3-2-7/4-1-6/5,3:1.96|2:1.94|1:1.63|4:1.25,3-2-1,2-3-1,3-1-2,position-only-v1
2023-01-02,岸和田競輪,7,Ａ級決勝,5620221231030007,1-6/7-2/5-3-4,1:2.33|7:2.19|6:2.13|2:2.11,1-6-7,6-1-7,1-6-2,position-only-v1
2023-01-02,玉野競輪,3,Ａ級一般,6120230101020003,1-3/4-5-2-6/7,4:2.60|5:2.20|3:1.55|7:1.35,4-5-3,5-4-3,4-5-7,position-only-v1
2023-01-02,玉野競輪,4,Ａ級選抜,6120230101020004,4-1-5/2/6/3-7,7:1.61|1:1.59|3:1.39|4:1.32,7-3-1,7-1-3,1-7-3,position-only-v1
2023-01-02,玉野競輪,5,Ａ級選抜,6120230101020005,2-3-5/1/4-6/7,3:1.97|2:1.71|6:1.59|4:1.35,3-2-6,2-3-6,3-6-2,position-only-v1
2023-01-02,玉野競輪,6,Ａ級準決勝,6120230101020006,1-2-6/5/7-3-4,1:2.73|7:2.68|2:2.37|3:2.37,1-7-2,1-7-3,1-2-7,position-only-v1
2023-01-02,玉野競輪,7,Ａ級準決勝,6120230101020007,5-1-6/3-2-4/7,5:2.65|1:2.41|3:2.16|2:2.13,5-1-3,5-1-2,1-5-3,position-only-v1
2023-01-02,玉野競輪,8,Ａ級準決勝,6120230101020008,3-1-5/6-2/7-4,3:2.67|7:2.53|4:2.44|1:2.35,3-7-4,7-4-3,3-4-7,position-only-v1
2023-01-03,いわき平競輪,1,Ａ級一般,1320230101030001,5-1-3/4-2,4:2.36|1:2.27|2:2.25|5:2.25,4-2-1,4-2-5,2-4-1,position-only-v1
2023-01-03,いわき平競輪,2,Ａ級一般,1320230101030002,1-4/3-6/5-2,1:2.88|5:2.68|4:2.41|2:2.37,1-4-5,1-5-4,1-5-2,position-only-v1
2023-01-03,いわき平競輪,3,Ａ級特選,1320230101030003,1-4-6/7-2/5-3,7:2.85|2:2.41|3:2.16|4:1.97,7-2-3,2-7-3,7-2-4,position-only-v1
2023-01-03,いわき平競輪,4,Ａ級特選,1320230101030004,1-5-7-3/6-4-2,1:2.88|5:2.37|4:2.05|6:1.73,1-5-4,5-1-4,1-4-5,position-only-v1
2023-01-03,いわき平競輪,11,Ａ級決勝,1320230101030011,1-7-4/3-6/5-2,1:2.45|7:2.44|2:2.04|5:1.93,1-7-2,7-1-2,1-7-5,position-only-v1
2023-01-03,京王閣競輪,6,Ａ級特一般,2720230101030006,5-1/3/4-2,5:2.71|1:2.33|2:1.66|4:1.44,5-1-2,1-5-2,5-1-4,position-only-v1
2023-01-03,京王閣競輪,7,Ａ級特一般,2720230101030007,5-1-4/2/3-6,1:1.88|5:1.83|6:1.71|3:1.25,1-5-6,5-1-6,1-6-5,position-only-v1
2023-01-03,京王閣競輪,10,Ａ級特選,2720230101030010,1-7/2-5-4-6/3,2:2.71|5:2.57|7:1.95|1:1.59,2-5-7,5-2-7,2-5-1,position-only-v1
2023-01-03,京王閣競輪,11,Ａ級特選,2720230101030011,6-3/5-1-4/7-2,5:2.73|1:2.37|2:1.92|7:1.83,5-1-2,5-1-7,1-5-2,position-only-v1
2023-01-03,京王閣競輪,12,Ａ級決勝,2720230101030012,7-4-2-6/5-1-3,7:2.75|4:2.45|5:2.25|1:2.15,7-4-5,7-4-1,4-7-5,position-only-v1
2023-01-03,取手競輪,1,Ａ級一般,2320230101030001,1-3/5/2-4,3:1.59|4:1.55|1:1.25|2:1.25,3-1-4,3-4-1,3-4-2,position-only-v1
2023-01-03,取手競輪,2,Ａ級一般,2320230101030002,2-1/6/4-3-5,3:1.63|1:1.55|2:1.32|4:1.30,3-1-2,3-4-1,3-1-4,position-only-v1
2023-01-03,取手競輪,3,Ａ級特選,2320230101030003,1-5/4-2/6-3-7,4:2.67|2:2.27|6:2.16|3:2.00,4-2-6,4-2-3,2-4-6,position-only-v1
2023-01-03,取手競輪,4,Ａ級特選,2320230101030004,1-4/6-2/7-3-5,7:2.63|3:2.33|4:2.00|1:1.85,7-3-4,3-7-4,7-3-1,position-only-v1
2023-01-03,取手競輪,10,Ａ級決勝,2320230101030010,1/6-2/3-7/5-4,6:2.88|2:2.73|3:2.63|7:2.41,6-2-3,2-6-3,6-3-2,position-only-v1
2023-01-03,名古屋競輪,5,Ａ級特一般,4220230102020005,1-2/5/6/4-3,1:2.73|4:2.73|2:2.61|3:2.37,1-2-4,2-1-4,1-4-2,position-only-v1
2023-01-03,名古屋競輪,6,Ａ級特一般,4220230102020006,1-5/2-4/3-6,1:2.62|5:2.31|2:2.17|4:2.11,1-5-2,1-5-4,5-1-2,position-only-v1
2023-01-03,名古屋競輪,7,Ａ級準決勝,4220230102020007,2-1-6/7/4-3-5,4:2.45|2:2.43|3:2.28|1:2.20,4-3-2,4-2-3,3-4-2,position-only-v1
2023-01-03,名古屋競輪,8,Ａ級準決勝,4220230102020008,4-5-1-3/2-6-7,4:2.65|5:2.49|6:1.76|2:1.60,4-5-6,5-4-6,4-5-2,position-only-v1
2023-01-03,名古屋競輪,9,Ａ級準決勝,4220230102020009,1-2-7/3-4/5-6,2:1.87|6:1.81|5:1.76|1:1.59,6-5-2,5-6-2,2-6-5,position-only-v1
2023-01-03,向日町競輪,4,Ａ級特一般,5420230101030004,4-1-2/3-5,3:2.22|5:2.07|1:1.99|4:1.84,3-5-1,5-3-1,3-5-4,position-only-v1
2023-01-03,向日町競輪,5,Ａ級特一般,5420230101030005,1-4-3/5/2-6,6:1.81|4:1.79|2:1.71|1:1.62,6-2-4,2-6-4,6-4-2,position-only-v1
2023-01-03,向日町競輪,6,Ａ級特選,5420230101030006,4-1-3/2-5/7-6,4:2.73|1:2.57|5:2.22|2:2.06,4-1-5,1-4-5,4-1-2,position-only-v1
2023-01-03,向日町競輪,7,Ａ級特選,5420230101030007,1-2-7/3-6/5-4,1:2.29|2:2.25|5:2.08|4:2.00,1-2-5,2-1-5,1-2-4,position-only-v1
2023-01-03,向日町競輪,9,Ａ級決勝,5420230101030009,4-3-5/1/7-6-2,4:2.71|3:2.49|6:2.40|7:2.40,4-3-6,4-3-7,3-4-6,position-only-v1
2023-01-03,大垣競輪,1,Ａ級一般,4420230101030001,3-2/5-1/4,5:2.31|1:2.21|2:2.02|3:2.02,5-1-2,5-1-3,1-5-2,position-only-v1
2023-01-03,大垣競輪,2,Ａ級一般,4420230101030002,4-1-2/6-3/5,1:2.10|4:1.99|5:1.67|3:1.55,1-4-5,4-1-5,1-4-3,position-only-v1
2023-01-03,大垣競輪,3,Ａ級特選,4420230101030003,4-1/2-5/3/6/7,2:2.65|5:2.45|1:1.71|6:1.44,2-5-1,5-2-1,2-5-6,position-only-v1
2023-01-03,大垣競輪,4,Ａ級特選,4420230101030004,7-1/2-5/4-6-3,4:2.83|7:2.63|1:2.41|6:2.41,4-6-7,4-7-1,4-7-6,position-only-v1
2023-01-03,大垣競輪,9,Ａ級決勝,4420230101030009,5-2/4-1-7/6/3,4:2.80|1:2.41|5:2.37|2:2.11,4-1-5,4-5-1,1-4-5,position-only-v1
2023-01-03,小田原競輪,1,Ａ級一般,3620230102020001,1-6-2/4-3/7-5,4:2.54|6:2.53|1:2.31|3:2.27,6-1-4,4-6-1,6-4-1,position-only-v1
2023-01-03,小田原競輪,2,Ａ級選抜,3620230102020002,1-7-4/2/3-5-6,1:2.65|3:2.40|7:2.33|5:2.28,1-7-3,1-3-7,1-7-5,position-only-v1
2023-01-03,小田原競輪,3,Ａ級選抜,3620230102020003,4-1-6/2/3/5/7,3:1.82|1:1.81|4:1.71|6:1.08,1-4-3,4-1-3,3-1-4,position-only-v1
2023-01-03,小田原競輪,4,Ａ級準決勝,3620230102020004,7-1/6/4-3/5-2,5:2.75|2:2.37|1:2.01|7:1.76,5-2-1,2-5-1,5-2-7,position-only-v1
2023-01-03,小田原競輪,5,Ａ級準決勝,3620230102020005,1-5-7/6/4-3-2,1:2.59|5:2.43|4:1.94|3:1.81,1-5-4,5-1-4,1-5-3,position-only-v1
2023-01-03,小田原競輪,6,Ａ級準決勝,3620230102020006,7-1-4/6/3-5-2,3:2.65|7:2.65|1:2.49|5:2.37,7-1-3,3-7-1,7-3-1,position-only-v1
2023-01-03,玉野競輪,2,Ａ級一般,6120230101030002,5-6-2/3/1-7/4,5:2.60|6:2.20|7:1.61|1:1.39,5-6-7,6-5-7,5-6-1,position-only-v1
2023-01-03,玉野競輪,3,Ａ級一般,6120230101030003,7-6/1/3/2-4-5,7:1.88|6:1.88|4:1.71|2:1.25,6-7-4,7-6-4,6-4-7,position-only-v1
2023-01-03,玉野競輪,4,Ａ級特選,6120230101030004,7-2/4-6/5-1-3,5:2.29|1:2.07|6:1.81|4:1.71,5-1-6,1-5-6,5-1-4,position-only-v1
2023-01-03,玉野競輪,5,Ａ級特選,6120230101030005,1-5-7/2/3/6-4,1:2.73|5:2.53|6:2.53|4:2.28,1-5-6,5-1-6,1-6-5,position-only-v1
2023-01-03,玉野競輪,6,Ａ級特選,6120230101030006,1-2/3/4/7-5-6,2:2.25|1:2.16|5:2.08|7:2.06,2-1-5,2-1-7,1-2-5,position-only-v1
2023-01-03,玉野競輪,8,Ａ級決勝,6120230101030008,4-1-7/3/6-2-5,4:2.67|6:2.65|2:2.41|1:2.35,6-2-4,4-6-2,6-4-2,position-only-v1
2023-01-03,静岡競輪,1,Ａ級予選,3820230103010001,6-1-4/3/2-5,6:2.88|1:2.41|5:1.75|2:1.59,6-1-5,6-1-2,1-6-5,position-only-v1
2023-01-03,静岡競輪,2,Ａ級予選,3820230103010002,2-4/6/3-5-1,2:2.34|4:2.31|5:2.02|3:1.94,2-4-5,4-2-5,2-4-3,position-only-v1
2023-01-03,静岡競輪,3,Ａ級予選,3820230103010003,4-3-5/1/2/6,4:2.71|3:2.49|5:1.40|1:1.09,4-3-5,3-4-5,4-3-1,position-only-v1
2023-01-03,静岡競輪,4,Ａ級予選,3820230103010004,5-1-2-3/4/6,5:2.48|1:2.44|6:1.53|2:1.32,5-1-6,1-5-6,5-1-2,position-only-v1
2023-01-03,静岡競輪,5,Ａ級初日特選,3820230103010005,1-5/4-2-7/3-6,2:1.96|4:1.83|6:1.68|5:1.55,2-4-6,4-2-6,2-4-5,position-only-v1
2023-01-03,高松競輪,1,Ａ級予選,7120230103010001,1-3-6/5-2/4,2:1.77|3:1.63|5:1.36|1:1.25,2-5-3,2-3-5,3-2-5,position-only-v1
2023-01-03,高松競輪,2,Ａ級予選,7120230103010002,1-5-3/2-4/6,1:2.77|5:2.27|2:1.75|4:1.75,1-5-2,1-5-4,5-1-2,position-only-v1
2023-01-03,高松競輪,3,Ａ級予選,7120230103010003,2-4-1/5-3/6,2:2.83|4:2.41|3:1.88|5:1.85,2-4-3,2-4-5,4-2-3,position-only-v1
2023-01-03,高松競輪,4,Ａ級予選,7120230103010004,1-3-4/5-2-6,1:2.56|3:2.27|5:2.22|2:2.07,1-3-5,3-1-5,1-5-3,position-only-v1
2023-01-03,高松競輪,5,Ａ級初日特選,7120230103010005,5-7-1/4-2-3/6,2:1.96|4:1.85|7:1.67|5:1.27,2-4-7,4-2-7,2-7-4,position-only-v1
2023-01-04,久留米競輪,6,Ａ級予選,8320230104010006,5-1-3/6/4-2-7,4:2.63|2:2.41|1:1.96|5:1.93,4-2-1,4-2-5,2-4-1,position-only-v1
2023-01-04,久留米競輪,7,Ａ級予選,8320230104010007,3-1-7/6/2-5-4,1:2.06|3:2.04|5:1.80|2:1.48,1-3-5,3-1-5,1-5-3,position-only-v1
2023-01-04,久留米競輪,8,Ａ級予選,8320230104010008,4-1-6/5-3-2-7,5:2.06|3:2.02|1:1.79|4:1.59,5-3-1,3-5-1,5-3-4,position-only-v1
2023-01-04,久留米競輪,9,Ａ級予選,8320230104010009,6-2/1-4/3-7-5,3:2.31|7:2.13|2:1.89|6:1.71,3-7-2,7-3-2,3-7-6,position-only-v1
2023-01-04,久留米競輪,10,Ａ級予選,8320230104010010,3-1-7/6/5-2-4,5:2.63|3:2.58|2:2.57|1:2.36,5-2-3,2-5-3,5-3-2,position-only-v1
2023-01-04,久留米競輪,11,Ａ級予選,8320230104010011,5-1/3/6/7-2-4,7:2.88|2:2.49|1:2.10|5:1.99,7-2-1,7-2-5,2-7-1,position-only-v1
2023-01-04,久留米競輪,12,Ａ級初日特選,8320230104010012,2-5/1/6/7-3-4,7:2.22|3:2.15|5:1.59|2:1.25,7-3-5,3-7-5,7-3-2,position-only-v1
2023-01-04,名古屋競輪,4,Ａ級特一般,4220230102030004,1-4-6/5/2-3,1:2.43|4:2.24|3:1.81|2:1.76,1-4-3,1-4-2,4-1-3,position-only-v1
2023-01-04,名古屋競輪,5,Ａ級特一般,4220230102030005,2-1-3/6/4-5,2:2.73|1:2.53|5:1.55|3:1.40,2-1-5,1-2-5,2-1-4,position-only-v1
2023-01-04,名古屋競輪,6,Ａ級特選,4220230102030006,7-1/2-6-5/3-4,7:2.73|2:2.45|1:2.33|6:2.24,7-1-2,7-2-1,1-7-2,position-only-v1
2023-01-04,名古屋競輪,7,Ａ級特選,4220230102030007,2-1-5/6/4-3-7,2:2.62|1:2.27|3:1.63|5:1.36,2-1-3,1-2-3,2-1-4,position-only-v1
2023-01-04,名古屋競輪,9,Ａ級決勝,4220230102030009,1-4/2-3/6-7-5,6:2.65|7:2.49|3:1.87|2:1.59,6-7-3,7-6-3,6-7-2,position-only-v1
2023-01-04,小田原競輪,1,Ａ級一般,3620230102030001,5-1-2/3-4/6-7,5:2.31|1:2.13|7:1.88|6:1.83,5-1-7,5-1-6,5-1-4,position-only-v1
2023-01-04,小田原競輪,2,Ａ級一般,3620230102030002,6-3/7-1-4/2-5,7:2.65|2:2.54|1:2.37|5:2.27,7-1-2,7-2-1,2-7-1,position-only-v1
2023-01-04,小田原競輪,3,Ａ級特選,3620230102030003,5-1/2/3/6/4-7,4:2.48|7:2.40|1:1.79|5:1.70,4-7-1,7-4-1,4-7-5,position-only-v1
2023-01-04,小田原競輪,4,Ａ級特選,3620230102030004,1-5-3/4/7/2-6,2:2.65|6:2.45|5:1.85|1:1.76,2-6-5,6-2-5,2-6-1,position-only-v1
2023-01-04,小田原競輪,5,Ａ級決勝,3620230102030005,6-1/2-7/3-5-4,6:2.75|3:2.65|2:2.59|1:2.49,6-3-2,6-2-3,3-6-2,position-only-v1
2023-01-04,小田原競輪,6,Ａ級特選,3620230102030006,1-4-7/3/5-2-6,5:2.04|4:2.01|2:1.94|1:1.94,5-2-4,4-1-5,2-5-4,position-only-v1
2023-01-04,静岡競輪,1,Ａ級一般,3820230103020001,5-3-2/1/4,3:1.79|5:1.59|4:1.53|2:1.04,3-5-4,5-3-4,3-4-5,position-only-v1
2023-01-04,静岡競輪,2,Ａ級一般,3820230103020002,1-2/4/5-3,5:2.34|3:2.31|2:1.61|1:1.42,5-3-2,3-5-2,5-3-1,position-only-v1
2023-01-04,静岡競輪,3,Ａ級準決勝,3820230103020003,7-2-6/1/3-5-4,7:2.48|2:2.24|5:2.04|3:1.83,7-2-5,2-7-5,7-2-3,position-only-v1
2023-01-04,静岡競輪,4,Ａ級準決勝,3820230103020004,4-1/5-2/7-3-6,5:2.71|2:2.41|3:2.14|7:1.94,5-2-3,2-5-3,5-2-7,position-only-v1
2023-01-04,静岡競輪,5,Ａ級準決勝,3820230103020005,7-4-1/6-2/5-3,6:2.88|2:2.57|4:1.76|3:1.59,6-2-4,2-6-4,6-2-3,position-only-v1
2023-01-04,高松競輪,1,Ａ級一般,7120230103020001,7-5-4-1/2-6/3,5:1.75|7:1.75|6:1.55|2:1.40,5-7-6,7-5-6,5-7-2,position-only-v1
2023-01-04,高松競輪,2,Ａ級準決勝,7120230103020002,5-1-4/2-6/7-3,5:2.77|1:2.43|7:2.22|3:2.19,5-1-7,5-1-3,1-5-7,position-only-v1
2023-01-04,高松競輪,3,Ａ級準決勝,7120230103020003,1-7-3/6/5-2-4,5:2.83|2:2.37|7:1.96|1:1.85,5-2-7,5-2-1,2-5-7,position-only-v1
2023-01-04,高松競輪,4,Ａ級準決勝,7120230103020004,6-1-4/3-5-2-7,3:2.56|5:2.54|1:1.66|6:1.36,3-5-1,5-3-1,3-5-6,position-only-v1
2023-01-05,久留米競輪,6,Ａ級一般,8320230104020006,6-1/3/2-4-5,2:1.93|4:1.88|1:1.85|6:1.71,2-4-1,4-2-1,2-1-4,position-only-v1
2023-01-05,久留米競輪,7,Ａ級一般,8320230104020007,4-2-6/1/5/7-3,4:2.58|2:2.20|3:1.76|7:1.48,4-2-3,2-4-3,4-2-7,position-only-v1
2023-01-05,久留米競輪,8,Ａ級選抜,8320230104020008,7-5-1/6/2-4-3,2:1.99|4:1.94|5:1.76|7:1.53,2-4-5,4-2-5,2-5-4,position-only-v1
2023-01-05,久留米競輪,9,Ａ級選抜,8320230104020009,1/2/4/6/3-7-5,7:1.91|3:1.59|5:1.04|1:0.85,7-3-5,7-3-1,7-3-2,position-only-v1
2023-01-05,久留米競輪,10,Ａ級準決勝,8320230104020010,1-6/3-5/7-2-4,7:2.63|2:2.41|5:2.10|3:2.06,7-2-5,7-2-3,2-7-5,position-only-v1
2023-01-05,久留米競輪,11,Ａ級準決勝,8320230104020011,5-1-6/4-7-2-3,4:2.88|5:2.63|7:2.53|1:2.37,4-7-5,4-5-7,7-4-5,position-only-v1
2023-01-05,久留米競輪,12,Ａ級準決勝,8320230104020012,1-5/2-6/7-3-4,7:2.31|1:2.22|3:2.21|5:2.11,7-3-1,3-7-1,7-3-5,position-only-v1
2023-01-05,小倉競輪,3,Ａ級予選,8120230105010003,1-2-3/7/5-4-6,2:2.35|1:2.22|4:1.85|5:1.78,2-1-4,1-2-4,2-1-5,position-only-v1
2023-01-05,小倉競輪,4,Ａ級予選,8120230105010004,2-1/3-5-6/7-4,3:2.68|7:2.42|5:2.41|1:2.17,3-5-7,5-3-7,3-7-5,position-only-v1
2023-01-05,小倉競輪,5,Ａ級予選,8120230105010005,2-1/6-5-7/3-4,6:2.69|5:2.31|3:2.16|1:2.04,6-5-3,6-5-1,6-5-4,position-only-v1
2023-01-05,小倉競輪,6,Ａ級予選,8120230105010006,2-1-3-5/4-6-7,2:2.17|1:2.11|6:2.10|4:2.04,2-1-6,1-2-6,2-1-4,position-only-v1
2023-01-05,小倉競輪,7,Ａ級予選,8120230105010007,1-2/6-3/5-4-7,6:2.63|3:2.33|1:2.09|2:2.02,6-3-1,6-3-2,3-6-1,position-only-v1
2023-01-05,小倉競輪,8,Ａ級予選,8120230105010008,2-1-5/6-3/7-4,2:2.71|1:2.45|7:2.36|4:2.17,2-1-7,1-2-7,2-7-1,position-only-v1
2023-01-05,小倉競輪,9,Ａ級初日特選,8120230105010009,1-2/3/5/7-4-6,1:2.71|2:2.41|7:2.31|4:2.04,1-2-7,2-1-7,1-7-2,position-only-v1
2023-01-05,松戸競輪,3,Ａ級予選,3120230105010003,3-2/5-1-7/4-6,5:2.78|1:2.45|2:2.29|3:2.28,5-1-2,5-1-3,1-5-2,position-only-v1
2023-01-05,松戸競輪,4,Ａ級予選,3120230105010004,1-2/3-4/5-6-7,3:2.43|4:2.20|6:1.75|2:1.70,3-4-6,3-4-2,4-3-6,position-only-v1
2023-01-05,松戸競輪,5,Ａ級予選,3120230105010005,1-2-6/3-7/4-5,2:2.14|1:2.06|4:1.99|5:1.98,2-1-4,2-1-5,1-2-4,position-only-v1
2023-01-05,松戸競輪,6,Ａ級予選,3120230105010006,1-2/4-3/6/5-7,2:1.96|3:1.88|1:1.85|7:1.63,2-1-3,1-2-3,2-3-1,position-only-v1
2023-01-05,松戸競輪,7,Ａ級予選,3120230105010007,2-1-6/3-4/5/7,4:1.96|3:1.85|1:1.79|2:1.62,4-3-1,3-4-1,4-1-3,position-only-v1
2023-01-05,松戸競輪,8,Ａ級予選,3120230105010008,2-1-5/4-3/6-7,4:2.54|3:2.31|1:1.99|6:1.93,4-3-1,4-3-6,3-4-1,position-only-v1
2023-01-05,松戸競輪,9,Ａ級初日特選,3120230105010009,1-3-6/5-2/7-4,1:2.06|3:2.00|7:2.00|4:1.88,1-3-7,3-1-7,1-3-4,position-only-v1
2023-01-05,静岡競輪,1,Ａ級一般,3820230103030001,2-5-4/1/3,2:2.22|5:2.11|1:1.53|4:1.24,2-5-1,5-2-1,2-1-5,position-only-v1
2023-01-05,静岡競輪,2,Ａ級一般,3820230103030002,2-4-5/1-3,2:2.88|4:2.57|3:1.71|1:1.48,2-4-3,4-2-3,2-4-1,position-only-v1
2023-01-05,静岡競輪,3,Ａ級特選,3820230103030003,4-1-5/6-2/3-7,6:2.34|2:2.23|1:2.02|4:1.94,6-2-1,2-6-1,6-2-4,position-only-v1
2023-01-05,静岡競輪,4,Ａ級特選,3820230103030004,2-5-7/1/3-4-6,2:2.71|5:2.57|4:1.55|7:1.40,2-5-4,5-2-4,2-5-3,position-only-v1
2023-01-05,静岡競輪,11,Ａ級決勝,3820230103030011,1-6/4-5-2/7-3,4:2.48|5:2.24|3:1.96|6:1.88,4-5-3,4-5-6,5-4-3,position-only-v1
2023-01-05,高松競輪,1,Ａ級一般,7120230103030001,1-2-5/6-3-4,1:2.22|2:2.15|3:1.85|6:1.36,1-2-3,2-1-3,1-3-2,position-only-v1
2023-01-05,高松競輪,2,Ａ級特選,7120230103030002,7-1/5-3/4-2-6,7:2.77|1:2.35|2:1.75|4:1.75,7-1-2,7-1-4,7-1-3,position-only-v1
2023-01-05,高松競輪,3,Ａ級特選,7120230103030003,1-7-2-5/3-4-6,1:2.83|7:2.37|4:1.55|2:1.40,1-7-4,7-1-4,1-7-2,position-only-v1
2023-01-05,高松競輪,10,Ａ級決勝,7120230103030010,5-1-4/7-2/6-3,6:2.56|3:2.43|1:1.96|5:1.85,6-3-1,3-6-1,6-3-5,position-only-v1
2023-01-06,久留米競輪,5,Ａ級一般,8320230104030005,4-3-2/1-5/6,3:2.27|1:1.99|5:1.94|4:1.93,3-4-1,3-4-5,3-1-5,position-only-v1
2023-01-06,久留米競輪,6,Ａ級一般,8320230104030006,5-1-7/3/4-6-2,1:1.68|6:1.68|5:1.53|4:1.48,1-5-6,5-1-6,1-6-5,position-only-v1
2023-01-06,久留米競輪,7,Ａ級一般,8320230104030007,6-5-1/3/2-7-4,2:2.58|7:2.36|5:1.81|6:1.71,2-7-5,7-2-5,2-7-6,position-only-v1
2023-01-06,久留米競輪,8,Ａ級特選,8320230104030008,1-4-6/5/2-7-3,2:2.63|7:2.41|1:2.04|4:2.02,2-7-1,2-7-4,7-2-1,position-only-v1
2023-01-06,久留米競輪,9,Ａ級特選,8320230104030009,1-5/2-4-7/3-6,2:2.31|4:2.29|5:1.79|6:1.71,2-4-5,4-2-5,2-4-6,position-only-v1
2023-01-06,久留米競輪,10,Ａ級特選,8320230104030010,2-5-6/1/3-7-4,3:2.63|7:2.45|5:2.31|2:2.22,3-7-5,7-3-5,3-7-2,position-only-v1
2023-01-06,久留米競輪,12,Ａ級決勝,8320230104030012,6-4-1-3-7/2/5,6:2.88|4:2.53|1:1.40|5:0.93,6-4-1,4-6-1,6-4-5,position-only-v1
2023-01-06,別府競輪,1,Ａ級予選,8620230106010001,3-5-1/2-7-4/6,2:2.33|7:2.21|5:1.61|3:1.39,2-7-5,7-2-5,2-7-3,position-only-v1
2023-01-06,別府競輪,2,Ａ級予選,8620230106010002,5-1-7/3-2/6-4,6:1.95|4:1.88|2:1.75|3:1.72,6-4-2,6-4-3,4-6-2,position-only-v1
2023-01-06,別府競輪,3,Ａ級予選,8620230106010003,1-4/2-6/3-5-7,3:2.65|5:2.45|4:1.72|1:1.55,3-5-4,5-3-4,3-5-1,position-only-v1
2023-01-06,別府競輪,4,Ａ級予選,8620230106010004,5-6-1/2-7/3-4,5:2.71|6:2.33|3:2.04|4:1.98,5-6-3,5-6-4,6-5-3,position-only-v1
2023-01-06,別府競輪,5,Ａ級初日特選,8620230106010005,1-6/7-2-4/5-3,1:2.65|6:2.33|3:2.04|2:1.70,1-6-3,6-1-3,1-3-6,position-only-v1
2023-01-06,大垣競輪,6,Ａ級特予選,4420230106010006,1-5/7-2-4/3-6,7:1.86|5:1.85|6:1.83|2:1.81,7-2-5,2-7-5,7-2-6,position-only-v1
2023-01-06,大垣競輪,7,Ａ級特予選,4420230106010007,1-4-3/6/5-2-7,1:2.65|4:2.37|2:2.04|5:1.90,1-4-2,4-1-2,1-4-5,position-only-v1
2023-01-06,大垣競輪,8,Ａ級特予選,4420230106010008,1-7-5/6-2/4-3,4:2.63|3:2.57|6:2.22|2:2.11,4-3-6,3-4-6,4-3-2,position-only-v1
2023-01-06,大垣競輪,9,Ａ級特予選,4420230106010009,4-1-6/7-2/3-5,4:2.65|1:2.37|2:2.32|5:2.19,4-1-2,1-4-2,4-1-5,position-only-v1
2023-01-06,大垣競輪,10,Ａ級初日特選,4420230106010010,1-4/2-5/7/6-3,4:2.02|5:1.67|3:1.61|6:1.47,4-5-3,4-3-5,5-4-3,position-only-v1
2023-01-06,小倉競輪,3,Ａ級一般,8120230105020003,1-2/5-3/4-6,1:2.06|2:2.00|6:1.96|4:1.93,1-2-6,2-1-6,1-2-4,position-only-v1
2023-01-06,小倉競輪,4,Ａ級一般,8120230105020004,1-7/3-4/5/6-2,6:2.36|2:2.17|1:1.88|7:1.88,6-2-1,6-2-7,6-2-4,position-only-v1
2023-01-06,小倉競輪,5,Ａ級選抜,8120230105020005,1-2-3-7/4/5/6,1:2.68|2:2.33|3:1.40|4:1.05,1-2-3,2-1-3,1-2-4,position-only-v1
2023-01-06,小倉競輪,6,Ａ級選抜,8120230105020006,5-1-2/4-3-7/6,3:2.29|4:2.16|1:1.91|5:1.62,3-4-1,4-3-1,3-1-4,position-only-v1
2023-01-06,小倉競輪,7,Ａ級準決勝,8120230105020007,2-4-6/3-1/7-5,3:2.71|7:2.42|1:2.41|2:2.31,3-1-7,3-1-2,1-3-7,position-only-v1
2023-01-06,小倉競輪,8,Ａ級準決勝,8120230105020008,1-5/6-2-7/4-3,6:2.69|2:2.35|4:2.09|3:2.06,6-2-4,6-2-3,2-6-4,position-only-v1
2023-01-06,小倉競輪,9,Ａ級準決勝,8120230105020009,1-6-7/4-2/3-5,1:2.71|6:2.49|4:2.17|2:2.11,1-6-4,1-6-2,6-1-4,position-only-v1
2023-01-06,平塚競輪,6,Ａ級予選,3520230106010006,1-3-4/2-5/6,1:2.45|3:2.28|5:1.88|2:1.85,1-3-5,1-3-2,3-1-5,position-only-v1
2023-01-06,平塚競輪,7,Ａ級予選,3520230106010007,1-5-3/7-2-6-4,1:2.50|5:2.28|2:1.88|7:1.83,1-5-2,1-5-7,5-1-2,position-only-v1
2023-01-06,平塚競輪,8,Ａ級予選,3520230106010008,3-4-5/7-1-2/6,3:2.75|4:2.41|1:2.06|7:2.02,3-4-1,3-4-7,4-3-1,position-only-v1
2023-01-06,平塚競輪,9,Ａ級予選,3520230106010009,4-2/1-7/5-3-6,5:2.78|3:2.37|4:2.25|2:2.07,5-3-4,3-5-4,5-3-2,position-only-v1
2023-01-06,平塚競輪,10,Ａ級予選,3520230106010010,2-6/3-5/4-1-7,4:2.65|1:2.41|5:1.68|6:1.61,4-1-5,4-1-6,1-4-5,position-only-v1
2023-01-06,平塚競輪,11,Ａ級予選,3520230106010011,1-4-6/5-3/7-2,1:2.88|4:2.33|3:1.81|5:1.76,1-4-3,1-4-5,1-4-2,position-only-v1
2023-01-06,平塚競輪,12,Ａ級初日特選,3520230106010012,2-6/3/4-5-1/7,4:2.10|5:2.04|6:1.66|2:1.47,4-5-6,5-4-6,4-5-2,position-only-v1
2023-01-06,松戸競輪,3,Ａ級一般,3120230105020003,1-2-4/3/5,2:1.81|1:1.44|3:1.01|4:0.96,2-1-3,2-1-5,1-2-3,position-only-v1
2023-01-06,松戸競輪,4,Ａ級一般,3120230105020004,1-3-6/2-4-5,2:1.99|4:1.94|3:1.66|1:1.39,2-4-3,4-2-3,2-3-4,position-only-v1
2023-01-06,松戸競輪,5,Ａ級選抜,3120230105020005,2-3-5/7-1/4/6,1:2.16|7:1.93|3:1.79|2:1.62,1-7-3,7-1-3,1-7-2,position-only-v1
2023-01-06,松戸競輪,6,Ａ級選抜,3120230105020006,3-1/5-2-6/4-7,5:2.54|3:2.43|2:2.35|1:2.28,5-2-3,2-5-3,5-3-2,position-only-v1
2023-01-06,松戸競輪,7,Ａ級準決勝,3120230105020007,5-1-7/2-3/6-4,6:2.78|4:2.45|3:1.85|1:1.75,6-4-3,6-4-1,4-6-3,position-only-v1
2023-01-06,松戸競輪,8,Ａ級準決勝,3120230105020008,4-1-5/6/3-2-7,3:2.00|2:1.88|1:1.79|4:1.67,3-2-1,2-3-1,3-2-4,position-only-v1
2023-01-06,松戸競輪,9,Ａ級準決勝,3120230105020009,1-2-4/3-7/5-6,5:2.28|3:2.06|1:2.06|2:2.00,5-6-3,5-6-1,5-3-1,position-only-v1
2023-01-07,別府競輪,1,Ａ級一般,8620230106020001,3-2-5/1-6/4,2:1.68|3:1.58|6:1.55|1:1.25,2-3-6,3-2-6,2-6-3,position-only-v1
2023-01-07,別府競輪,2,Ａ級一般,8620230106020002,5-3-6-2/1/4/7,3:1.81|5:1.71|6:1.08|4:1.01,3-5-4,5-3-4,3-5-6,position-only-v1
2023-01-07,別府競輪,3,Ａ級準決勝,8620230106020003,6-1-4/7-2/3-5,7:2.65|2:2.37|6:1.95|1:1.88,7-2-6,7-2-1,2-7-6,position-only-v1
2023-01-07,別府競輪,4,Ａ級準決勝,8620230106020004,1-5-2/3-4-6/7,3:2.71|4:2.45|5:2.04|7:1.70,3-4-5,4-3-5,3-5-4,position-only-v1
2023-01-07,別府競輪,5,Ａ級準決勝,8620230106020005,2-3/4-6/5-1-7,5:2.65|1:2.45|4:2.04|6:1.98,5-1-4,5-1-6,1-5-4,position-only-v1
2023-01-07,大垣競輪,6,Ａ級特一般,4420230106020006,1-5/3-4/7-2/6,4:2.19|2:2.19|7:2.17|3:1.95,2-7-4,7-2-4,4-2-7,position-only-v1
2023-01-07,大垣競輪,7,Ａ級特一般,4420230106020007,2-6/7-3/5-1-4,2:2.65|6:2.41|5:2.18|1:2.04,2-6-5,6-2-5,2-6-1,position-only-v1
2023-01-07,大垣競輪,8,Ａ級準決勝,4420230106020008,1-3-7/2-5/4-6,3:2.00|1:1.90|5:1.61|6:1.61,3-1-5,3-1-6,1-3-5,position-only-v1
2023-01-07,大垣競輪,9,Ａ級準決勝,4420230106020009,4-1-3-6/5-2-7,5:2.63|2:2.53|4:1.86|1:1.81,5-2-4,2-5-4,5-2-1,position-only-v1
2023-01-07,大垣競輪,10,Ａ級準決勝,4420230106020010,1-7-5/4-3-2/6,1:2.65|7:2.37|3:2.02|5:1.40,1-7-3,7-1-3,1-3-7,position-only-v1
2023-01-07,小倉競輪,2,Ａ級一般,8120230105030002,2-1-6/5-4-3,1:2.04|5:1.93|4:1.92|2:1.88,1-2-5,1-2-4,5-4-1,position-only-v1
2023-01-07,小倉競輪,3,Ａ級一般,8120230105030003,1-6/2-7/5-4-3,1:2.16|6:2.00|4:1.81|5:1.78,1-6-4,1-6-5,6-1-4,position-only-v1
2023-01-07,小倉競輪,4,Ａ級一般,8120230105030004,3-1/4-2-5/6-7,6:2.36|7:2.21|1:1.75|2:1.72,6-7-1,6-7-2,7-6-1,position-only-v1
2023-01-07,小倉競輪,5,Ａ級特選,8120230105030005,5-1/3-2/4-6-7,4:2.68|6:2.37|2:2.17|3:2.06,4-6-2,4-6-3,6-4-2,position-only-v1
2023-01-07,小倉競輪,6,Ａ級特選,8120230105030006,2-1/3-5-7/6-4,6:2.42|4:2.35|3:2.17|2:2.09,6-4-3,4-6-3,6-4-2,position-only-v1
2023-01-07,小倉競輪,7,Ａ級特選,8120230105030007,1-5/3-2/4-6-7,3:2.71|2:2.45|4:2.22|6:2.15,3-2-4,3-2-6,2-3-4,position-only-v1
2023-01-07,小倉競輪,9,Ａ級決勝,8120230105030009,1-6/4-2-5/7-3,1:2.71|7:2.69|6:2.49|3:2.35,1-6-7,1-7-6,7-1-6,position-only-v1
2023-01-07,平塚競輪,6,Ａ級一般,3520230106020006,2-5-7/1-6/4-3,5:1.68|3:1.61|6:1.55|2:1.50,5-2-3,5-3-6,3-5-6,position-only-v1
2023-01-07,平塚競輪,7,Ａ級一般,3520230106020007,1-7-4/5-2-3-6,2:2.02|5:2.02|7:1.59|1:1.35,2-5-7,5-2-7,2-5-1,position-only-v1
2023-01-07,平塚競輪,8,Ａ級選抜,3520230106020008,1-7-4/3-6/5-2,1:2.25|7:2.15|2:1.83|5:1.70,1-7-2,7-1-2,1-7-5,position-only-v1
2023-01-07,平塚競輪,9,Ａ級選抜,3520230106020009,4-1-3/6/5-2-7,4:2.50|1:2.24|2:1.88|5:1.85,4-1-2,4-1-5,1-4-2,position-only-v1
2023-01-07,平塚競輪,10,Ａ級準決勝,3520230106020010,1-3-7/5-2-4-6,5:2.45|2:2.44|3:1.88|1:1.83,5-2-3,2-5-3,5-2-1,position-only-v1
2023-01-07,平塚競輪,11,Ａ級準決勝,3520230106020011,5-2-6/7-1/3-4,5:2.88|3:2.78|4:2.41|2:2.33,5-3-4,3-5-4,5-3-2,position-only-v1
2023-01-07,平塚競輪,12,Ａ級準決勝,3520230106020012,2-6/1-4/3-5-7,2:2.75|3:2.65|5:2.37|6:2.33,2-3-5,2-3-6,3-2-5,position-only-v1
2023-01-07,松戸競輪,2,Ａ級一般,3120230105030002,1-2/4/5-3,5:2.22|3:2.15|2:1.55|1:1.30,5-3-2,3-5-2,5-3-1,position-only-v1
2023-01-07,松戸競輪,3,Ａ級一般,3120230105030003,1-2-4/5-3/6,1:2.11|2:2.10|3:1.55|5:1.25,1-2-3,2-1-3,1-2-5,position-only-v1
2023-01-07,松戸競輪,4,Ａ級一般,3120230105030004,6-1/4/2-3-5,1:2.08|3:1.93|6:1.93|2:1.73,1-6-3,6-1-3,1-3-6,position-only-v1
2023-01-07,松戸競輪,5,Ａ級特選,3120230105030005,4-1-2/7-3/5-6,5:2.43|6:2.20|3:2.08|7:1.85,5-6-3,6-5-3,5-3-6,position-only-v1
2023-01-07,松戸競輪,6,Ａ級特選,3120230105030006,4-1-7/2-3/6-5,6:2.78|5:2.37|4:2.28|2:2.06,6-5-4,5-6-4,6-4-5,position-only-v1
2023-01-07,松戸競輪,7,Ａ級特選,3120230105030007,1-2/7-3/5-4/6,7:2.54|3:2.39|1:2.00|2:1.96,7-3-1,7-3-2,3-7-1,position-only-v1
2023-01-07,松戸競輪,9,Ａ級決勝,3120230105030009,1-7-4/3-6-2-5,1:2.06|7:2.04|6:1.73|3:1.49,1-7-6,7-1-6,1-7-3,position-only-v1
2023-01-07,豊橋競輪,1,Ａ級予選,4520230107010001,3-7/5-1/2-4-6,2:2.88|5:2.85|3:2.54|1:2.49,2-5-3,5-2-3,2-5-1,position-only-v1
2023-01-07,豊橋競輪,2,Ａ級予選,4520230107010002,5-1/2-4-6/3-7,5:2.78|1:2.49|2:2.10|4:2.08,5-1-2,5-1-4,5-1-7,position-only-v1
2023-01-07,豊橋競輪,3,Ａ級予選,4520230107010003,7-2/1-4-6/3-5,7:2.88|1:2.40|2:2.37|4:2.28,7-2-1,7-1-2,7-2-4,position-only-v1
2023-01-07,豊橋競輪,4,Ａ級予選,4520230107010004,7-5-1/2/4-3/6,7:2.68|5:2.45|3:1.75|4:1.62,7-5-3,5-7-3,7-5-4,position-only-v1
2023-01-07,豊橋競輪,5,Ａ級初日特選,4520230107010005,1-4/2-7/3-6-5,2:2.64|7:2.54|4:2.35|1:2.25,2-7-4,7-2-4,2-7-1,position-only-v1
