model,race_date,track,race_no,race_type,race_id,predicted_1,predicted_2,predicted_3,actual_123,winning_paid_123,winning_payout,payout_received,spent,profit,hit,top4_first,top4_second,top4_third,first_correct,first_second_correct,any_combination_correct
v1,2023-01-08,伊東競輪,5,Ａ級特予選,3720230108010005,3-1-4,1-3-4,3-1-2,3-1-6,3-1-6,1110,0,300,-300,0,1,1,0,1,1,0
v1,2023-01-08,伊東競輪,6,Ａ級特予選,3720230108010006,2-5-3,5-2-3,2-3-5,3-7-6,3-7-6,13720,0,300,-300,0,1,0,1,0,0,0
v1,2023-01-08,伊東競輪,7,Ａ級特予選,3720230108010007,7-1-3,1-7-3,7-3-1,1-6-5,1-6-5,8860,0,300,-300,0,1,0,0,1,0,0
v1,2023-01-08,伊東競輪,8,Ａ級特予選,3720230108010008,1-2-6,2-1-6,1-2-7,2-1-4,2-1-4,360,0,300,-300,0,1,1,1,1,1,0
v1,2023-01-08,伊東競輪,9,Ａ級初日特選,3720230108010009,6-1-2,1-6-2,6-1-5,1-4-5,1-4-5,3950,0,300,-300,0,1,0,1,1,0,0
v1,2023-01-08,別府競輪,1,Ａ級一般,8620230106030001,5-3-6,3-5-6,5-3-4,5-3-1,5-3-1,360,0,300,-300,0,1,1,1,1,1,0
v1,2023-01-08,別府競輪,2,Ａ級一般,8620230106030002,5-1-7,1-5-7,5-1-3,5-1-7,5-1-7,2060,2060,300,1760,1,1,1,1,1,1,1
v1,2023-01-08,別府競輪,3,Ａ級特選,8620230106030003,3-6-7,3-6-5,6-3-7,3-6-5,3-6-5,1260,1260,300,960,1,1,1,1,1,1,1
v1,2023-01-08,別府競輪,4,Ａ級特選,8620230106030004,3-4-5,4-3-5,3-4-1,4-3-6,4-3-6,1610,0,300,-300,0,1,1,0,1,1,0
v1,2023-01-08,別府競輪,11,Ａ級決勝,8620230106030011,1-6-5,6-1-5,1-5-6,5-1-6,5-1-6,3790,0,300,-300,0,1,1,1,0,0,1
v1,2023-01-08,大垣競輪,5,Ａ級特一般,4420230106030005,2-7-6,7-2-6,2-7-4,1-6-5,1-6-5/6-1-5,27370/15420,0,300,-300,0,0,1,0,0,0,0
v1,2023-01-08,大垣競輪,6,Ａ級特一般,4420230106030006,5-3-4,5-3-1,3-5-4,1-4-7,1-4-7,2780,0,300,-300,0,1,1,0,0,0,0
v1,2023-01-08,大垣競輪,7,Ａ級特選,4420230106030007,3-5-4,3-5-2,5-3-4,5-3-7,5-3-7,3220,0,300,-300,0,1,1,0,1,1,0
v1,2023-01-08,大垣競輪,8,Ａ級特選,4420230106030008,7-1-6,7-1-5,1-7-6,7-2-1,7-2-1,4300,0,300,-300,0,1,0,1,1,0,0
v1,2023-01-08,大垣競輪,11,Ａ級決勝,4420230106030011,7-3-5,3-7-5,7-5-3,7-4-3,7-4-3,1440,0,300,-300,0,1,0,1,1,0,0
v1,2023-01-08,奈良競輪,1,Ａ級予選,5320230108010001,2-4-5,2-4-3,4-2-5,7-2-4,7-2-4,1450,0,300,-300,0,0,1,1,0,0,0
v1,2023-01-08,奈良競輪,2,Ａ級予選,5320230108010002,1-4-3,1-4-5,4-1-3,6-1-7,6-1-7,27900,0,300,-300,0,0,1,0,0,0,0
v1,2023-01-08,奈良競輪,3,Ａ級予選,5320230108010003,1-5-7,1-7-5,5-1-7,1-7-6,1-7-6,300,0,300,-300,0,1,1,0,1,1,0
v1,2023-01-08,奈良競輪,4,Ａ級予選,5320230108010004,7-1-5,7-1-2,1-7-5,1-2-7,1-2-7,22620,0,300,-300,0,1,1,1,1,0,1
v1,2023-01-08,奈良競輪,5,Ａ級初日特選,5320230108010005,6-4-5,5-1-6,4-6-5,2-1-7,2-1-7,58640,0,300,-300,0,0,1,0,0,0,0
v1,2023-01-08,小松島競輪,5,Ａ級特予選,7320230108010005,2-3-5,2-5-1,2-5-3,2-1-6,2-1-6,5960,0,300,-300,0,1,1,0,1,0,0
v1,2023-01-08,小松島競輪,6,Ａ級特予選,7320230108010006,4-1-3,4-1-5,4-1-7,2-1-4,2-1-4,1410,0,300,-300,0,0,1,1,0,0,0
v1,2023-01-08,小松島競輪,7,Ａ級特予選,7320230108010007,5-1-2,5-2-1,1-5-2,3-2-1,3-2-1,1510,0,300,-300,0,1,1,1,0,0,0
v1,2023-01-08,小松島競輪,8,Ａ級特予選,7320230108010008,6-2-7,6-2-4,6-2-3,4-7-2,4-7-2,28430,0,300,-300,0,1,1,1,0,0,0
v1,2023-01-08,小松島競輪,9,Ａ級初日特選,7320230108010009,5-1-7,5-1-4,1-5-7,2-3-1,2-3-1,810,0,300,-300,0,0,0,1,0,0,0
v1,2023-01-08,平塚競輪,5,Ａ級一般,3520230106030005,1-3-5,3-1-5,1-3-4,3-4-5,3-4-5,2960,0,300,-300,0,1,1,1,1,0,0
v1,2023-01-08,平塚競輪,6,Ａ級一般,3520230106030006,5-1-2,1-5-2,5-2-1,6-4-1,6-4-1,29390,0,300,-300,0,0,0,1,0,0,0
v1,2023-01-08,平塚競輪,7,Ａ級一般,3520230106030007,7-6-3,6-7-3,7-6-1,7-5-3,7-5-3,1360,0,300,-300,0,1,0,1,1,0,0
v1,2023-01-08,平塚競輪,8,Ａ級特選,3520230106030008,5-2-7,2-5-7,5-2-1,2-6-4,2-6-4,133160,0,300,-300,0,1,0,0,1,0,0
v1,2023-01-08,平塚競輪,9,Ａ級特選,3520230106030009,6-3-1,3-6-1,6-3-2,7-4-2,7-4-2,10660,0,300,-300,0,0,0,1,0,0,0
v1,2023-01-08,平塚競輪,10,Ａ級特選,3520230106030010,7-1-2,7-2-1,1-7-2,1-7-5,1-7-5,650,0,300,-300,0,1,1,0,1,1,0
v1,2023-01-08,平塚競輪,12,Ａ級決勝,3520230106030012,1-7-3,1-7-5,1-5-7,3-4-7,3-4-7,1810,0,300,-300,0,1,0,1,0,0,0
v1,2023-01-08,西武園競輪,1,Ａ級予選,2620230108010001,7-1-3,7-1-5,1-7-3,1-7-4,1-7-4,1020,0,300,-300,0,1,1,0,1,1,0
v1,2023-01-08,西武園競輪,2,Ａ級予選,2620230108010002,6-3-1,3-6-1,6-3-7,7-4-5,7-4-5,10770,0,300,-300,0,1,0,0,0,0,0
v1,2023-01-08,西武園競輪,3,Ａ級予選,2620230108010003,1-7-6,1-7-2,7-1-6,1-7-4,1-7-4,940,0,300,-300,0,1,1,0,1,1,0
v1,2023-01-08,西武園競輪,4,Ａ級予選,2620230108010004,2-4-5,4-2-5,2-4-1,2-4-3,2-4-3,260,0,300,-300,0,1,1,0,1,1,0
v1,2023-01-08,西武園競輪,5,Ａ級初日特選,2620230108010005,3-7-5,3-7-1,7-3-5,1-7-3,1-7-3,14320,0,300,-300,0,1,1,1,0,0,1
v1,2023-01-08,豊橋競輪,1,Ａ級一般,4520230107020001,4-7-1,4-1-7,1-4-7,1-5-7,1-5-7,3740,0,300,-300,0,1,0,1,1,0,0
v1,2023-01-08,豊橋競輪,2,Ａ級一般,4520230107020002,5-3-4,5-3-2,3-5-4,1-3-4,1-3-4,7720,0,300,-300,0,0,1,1,0,0,0
v1,2023-01-08,豊橋競輪,3,Ａ級準決勝,4520230107020003,1-4-2,4-1-2,1-4-3,7-3-5,7-3-5,1470,0,300,-300,0,0,1,0,0,0,0
v1,2023-01-08,豊橋競輪,4,Ａ級準決勝,4520230107020004,7-5-3,7-5-4,5-7-3,7-5-2,7-5-2,720,0,300,-300,0,1,1,0,1,1,0
v1,2023-01-08,豊橋競輪,5,Ａ級準決勝,4520230107020005,5-4-2,5-4-7,4-5-2,5-7-4,5-7-4,5420,0,300,-300,0,1,1,1,1,0,1
v1,2023-01-09,伊東競輪,5,Ａ級特一般,3720230108020005,7-4-3,7-4-1,4-7-3,5-6-1,5-6-1,41840,0,300,-300,0,0,0,1,0,0,0
v1,2023-01-09,伊東競輪,6,Ａ級特一般,3720230108020006,6-4-1,4-6-1,6-1-4,1-2-7,1-2-7,1370,0,300,-300,0,1,0,1,0,0,0
v1,2023-01-09,伊東競輪,7,Ａ級準決勝,3720230108020007,3-2-4,2-3-4,3-4-2,3-1-6,3-1-6,7220,0,300,-300,0,1,1,0,1,0,0
v1,2023-01-09,伊東競輪,8,Ａ級準決勝,3720230108020008,1-4-2,1-4-7,4-1-2,3-2-6,3-2-6,20760,0,300,-300,0,0,1,0,0,0,0
v1,2023-01-09,伊東競輪,9,Ａ級準決勝,3720230108020009,2-3-1,2-3-4,3-2-1,1-6-4,1-6-4,1800,0,300,-300,0,1,0,1,0,0,0
v1,2023-01-09,奈良競輪,1,Ａ級一般,5320230108020001,1-4-5,1-4-2,4-1-5,4-1-2,4-1-2,1070,0,300,-300,0,1,1,1,1,1,1
v1,2023-01-09,奈良競輪,2,Ａ級一般,5320230108020002,1-5-2,1-5-4,5-1-2,7-4-2,7-4-2,42690,0,300,-300,0,0,1,1,0,0,0
v1,2023-01-09,奈良競輪,3,Ａ級準決勝,5320230108020003,1-7-4,4-2-1,7-1-4,1-7-5,1-7-5,1640,0,300,-300,0,1,1,0,1,1,0
v1,2023-01-09,奈良競輪,4,Ａ級準決勝,5320230108020004,5-2-3,2-5-3,5-3-2,3-1-4,3-1-4,2570,0,300,-300,0,1,0,0,0,0,0
v1,2023-01-09,奈良競輪,5,Ａ級準決勝,5320230108020005,1-6-2,6-1-2,1-6-5,1-6-2,1-6-2,24710,24710,300,24410,1,1,1,1,1,1,1
v1,2023-01-09,小倉競輪,8,Ａ級特予選,8120230109010008,5-3-2,5-3-6,3-5-2,5-3-1,5-3-1,9000,0,300,-300,0,1,1,0,1,1,0
v1,2023-01-09,小倉競輪,9,Ａ級特予選,8120230109010009,5-2-4,5-2-1,2-5-4,1-2-4,1-2-4,47540,0,300,-300,0,1,1,1,0,0,0
v1,2023-01-09,小倉競輪,10,Ａ級特予選,8120230109010010,3-6-7,6-3-7,3-6-1,6-3-1,6-3-1,23600,0,300,-300,0,1,1,1,1,1,1
v1,2023-01-09,小倉競輪,11,Ａ級特予選,8120230109010011,7-1-5,1-7-5,7-1-2,7-5-1,7-5-1,2300,0,300,-300,0,1,1,1,1,0,1
v1,2023-01-09,小倉競輪,12,Ａ級初日特選,8120230109010012,7-1-4,1-7-4,7-1-2,2-1-7,2-1-7,6050,0,300,-300,0,1,1,1,0,0,1
v1,2023-01-09,小松島競輪,5,Ａ級特一般,7320230108020005,5-1-4,5-1-3,1-5-4,1-2-5,1-2-5,820,0,300,-300,0,1,0,1,1,0,0
v1,2023-01-09,小松島競輪,6,Ａ級特一般,7320230108020006,4-5-2,4-5-1,5-4-2,2-6-4,2-6-4,40890,0,300,-300,0,1,0,1,0,0,0
v1,2023-01-09,小松島競輪,7,Ａ級準決勝,7320230108020007,2-6-5,6-2-5,2-6-4,2-6-1,2-6-1,1580,0,300,-300,0,1,1,0,1,1,0
v1,2023-01-09,小松島競輪,8,Ａ級準決勝,7320230108020008,4-1-6,4-6-1,1-4-6,3-1-2,3-1-2,6320,0,300,-300,0,0,1,0,0,0,0
v1,2023-01-09,小松島競輪,9,Ａ級準決勝,7320230108020009,6-3-1,6-3-4,6-3-2,1-4-5,1-4-5,610,0,300,-300,0,1,1,0,0,0,0
v1,2023-01-09,西武園競輪,1,Ａ級一般,2620230108020001,2-5-6,5-2-6,2-5-3,3-2-4,3-2-4,8480,0,300,-300,0,1,1,0,0,0,0
v1,2023-01-09,西武園競輪,2,Ａ級一般,2620230108020002,2-6-3,6-2-3,2-3-6,2-3-7,2-3-7,2260,0,300,-300,0,1,1,0,1,1,0
v1,2023-01-09,西武園競輪,3,Ａ級準決勝,2620230108020003,2-4-7,2-4-5,4-2-7,7-2-1,7-2-1,5150,0,300,-300,0,1,1,0,0,0,0
v1,2023-01-09,西武園競輪,4,Ａ級準決勝,2620230108020004,4-2-7,4-1-2,4-2-1,7-2-4,7-2-4,5440,0,300,-300,0,1,1,1,0,0,1
v1,2023-01-09,西武園競輪,5,Ａ級準決勝,2620230108020005,3-5-4,3-5-1,5-3-4,2-1-7,2-1-7,3070,0,300,-300,0,0,1,0,0,0,0
v1,2023-01-09,豊橋競輪,1,Ａ級一般,4520230107030001,1-5-7,1-5-2,5-1-7,5-1-7,5-1-7,2830,2830,300,2530,1,1,1,1,1,1,1
v1,2023-01-09,豊橋競輪,2,Ａ級一般,4520230107030002,1-5-3,1-5-7,1-5-2,5-1-6,5-1-6,1580,0,300,-300,0,1,1,0,0,0,0
v1,2023-01-09,豊橋競輪,3,Ａ級特選,4520230107030003,5-2-7,2-5-7,5-2-4,2-4-5,2-4-5,6650,0,300,-300,0,1,1,1,1,0,1
v1,2023-01-09,豊橋競輪,4,Ａ級特選,4520230107030004,4-1-2,1-4-2,4-1-5,1-4-2,1-4-2,890,890,300,590,1,1,1,1,1,1,1
v1,2023-01-09,豊橋競輪,10,Ａ級決勝,4520230107030010,2-5-3,5-2-3,2-3-5,7-4-3,7-4-3,22250,0,300,-300,0,1,0,1,0,0,0
v1,2023-01-10,伊東競輪,4,Ａ級特一般,3720230108030004,5-3-2,3-5-2,5-3-6,4-5-1,4-5-1,18570,0,300,-300,0,0,1,0,0,0,0
v1,2023-01-10,伊東競輪,5,Ａ級特一般,3720230108030005,6-3-2,3-6-2,6-3-7,7-6-2,7-6-2,44910,0,300,-300,0,0,1,1,0,0,0
v1,2023-01-10,伊東競輪,6,Ａ級特選,3720230108030006,1-5-4,1-5-3,5-1-4,3-4-6,3-4-6,6140,0,300,-300,0,1,1,0,0,0,0
v1,2023-01-10,伊東競輪,7,Ａ級特選,3720230108030007,3-6-1,6-3-1,3-6-2,6-5-7,6-5-7,76810,0,300,-300,0,1,0,0,1,0,0
v1,2023-01-10,伊東競輪,9,Ａ級決勝,3720230108030009,5-7-1,5-7-6,7-5-1,1-3-4,1-3-4,880,0,300,-300,0,1,0,0,0,0,0
v1,2023-01-10,奈良競輪,1,Ａ級一般,5320230108030001,1-4-3,1-4-5,4-1-3,5-1-6,5-1-6,10100,0,300,-300,0,1,1,0,0,0,0
v1,2023-01-10,奈良競輪,2,Ａ級一般,5320230108030002,3-4-2,3-4-7,4-3-2,4-3-5,4-3-5,290,0,300,-300,0,1,1,0,1,1,0
v1,2023-01-10,奈良競輪,3,Ａ級特選,5320230108030003,7-1-2,1-7-2,7-1-4,1-7-6,1-7-6,1360,0,300,-300,0,1,1,0,1,1,0
v1,2023-01-10,奈良競輪,4,Ａ級特選,5320230108030004,7-1-6,1-7-6,6-7-1,1-3-4,1-3-4,1100,0,300,-300,0,1,0,0,1,0,0
v1,2023-01-10,奈良競輪,11,Ａ級決勝,5320230108030011,2-6-1,2-6-4,2-6-3,2-6-4,2-6-4,2780,2780,300,2480,1,1,1,1,1,1,1
v1,2023-01-10,小倉競輪,8,Ａ級特一般,8120230109020008,7-1-3,1-7-3,7-3-1,7-1-2,7-1-2,2800,0,300,-300,0,1,1,0,1,1,0
v1,2023-01-10,小倉競輪,9,Ａ級特一般,8120230109020009,3-5-1,5-3-1,3-5-7,7-1-2,7-1-2,4930,0,300,-300,0,1,1,0,0,0,0
v1,2023-01-10,小倉競輪,10,Ａ級準決勝,8120230109020010,4-2-7,4-2-1,2-4-7,1-7-2,1-7-2,6490,0,300,-300,0,1,1,1,0,0,0
v1,2023-01-10,小倉競輪,11,Ａ級準決勝,8120230109020011,1-7-3,1-3-5,1-3-7,1-5-4,1-5-4,3450,0,300,-300,0,1,1,0,1,0,0
v1,2023-01-10,小倉競輪,12,Ａ級準決勝,8120230109020012,1-7-6,1-7-3,7-1-6,1-7-4,1-7-4,460,0,300,-300,0,1,1,0,1,1,0
v1,2023-01-10,小松島競輪,4,Ａ級特一般,7320230108030004,3-5-6,3-6-5,3-5-2,6-2-5,6-2-5,12220,0,300,-300,0,1,1,1,0,0,0
v1,2023-01-10,小松島競輪,5,Ａ級特一般,7320230108030005,6-1-7,6-1-5,6-1-2,3-1-2,3-1-2,10920,0,300,-300,0,0,1,0,0,0,0
v1,2023-01-10,小松島競輪,6,Ａ級特選,7320230108030006,4-1-3,1-4-3,4-3-1,3-2-4,3-2-4,16970,0,300,-300,0,1,0,1,0,0,0
v1,2023-01-10,小松島競輪,7,Ａ級特選,7320230108030007,7-3-6,7-3-2,7-3-1,2-1-3,2-1-3,680,0,300,-300,0,1,0,1,0,0,0
v1,2023-01-10,小松島競輪,9,Ａ級決勝,7320230108030009,4-5-2,4-5-6,5-4-2,2-7-4,2-7-4,19240,0,300,-300,0,1,0,1,0,0,0
v1,2023-01-10,松山競輪,8,Ａ級特予選,7520230110010008,1-5-2,1-5-6,5-1-2,5-1-6,5-1-6,2470,0,300,-300,0,1,1,1,1,1,1
v1,2023-01-10,松山競輪,9,Ａ級特予選,7520230110010009,6-2-1,2-6-1,6-2-4,4-2-1,4-2-1,2810,0,300,-300,0,1,1,1,0,0,0
v1,2023-01-10,松山競輪,10,Ａ級特予選,7520230110010010,1-5-4,5-1-4,1-5-2,4-2-5,4-2-5,5630,0,300,-300,0,1,1,1,0,0,0
v1,2023-01-10,松山競輪,11,Ａ級特予選,7520230110010011,4-1-5,4-1-2,1-4-5,4-1-5,4-1-5,410,410,300,110,1,1,1,1,1,1,1
v1,2023-01-10,松山競輪,12,Ａ級初日特選,7520230110010012,6-4-5,6-5-4,4-6-5,5-1-4,5-1-4,6090,0,300,-300,0,1,1,1,0,0,0
v1,2023-01-10,西武園競輪,1,Ａ級一般,2620230108030001,3-2-7,2-3-7,3-7-2,7-1-6,7-1-6,3800,0,300,-300,0,1,0,0,0,0,0
v1,2023-01-10,西武園競輪,2,Ａ級一般,2620230108030002,5-2-6,2-5-6,5-2-3,3-4-5,3-4-5,45490,0,300,-300,0,1,0,1,0,0,0
v1,2023-01-10,西武園競輪,3,Ａ級特選,2620230108030003,6-3-1,3-6-1,6-3-7,6-3-5,6-3-5,3130,0,300,-300,0,1,1,0,1,1,0
v1,2023-01-10,西武園競輪,4,Ａ級特選,2620230108030004,1-5-7,1-5-3,5-1-7,3-4-5,3-4-5,87150,0,300,-300,0,1,0,1,0,0,0
v1,2023-01-10,西武園競輪,10,Ａ級決勝,2620230108030010,6-4-5,4-6-5,6-4-3,4-1-2,4-1-2,770,0,300,-300,0,1,0,0,1,0,0
v1,2023-01-11,久留米競輪,1,Ａ級予選,8320230111010001,4-2-7,2-4-7,4-2-1,2-4-7,2-4-7,960,960,300,660,1,1,1,1,1,1,1
v1,2023-01-11,久留米競輪,2,Ａ級予選,8320230111010002,6-2-3,2-6-3,6-2-4,3-6-4,3-6-4,4660,0,300,-300,0,1,1,1,0,0,0
v1,2023-01-11,久留米競輪,3,Ａ級予選,8320230111010003,7-3-1,7-3-6,7-3-2,7-3-5,7-3-5,260,0,300,-300,0,1,1,0,1,1,0
v1,2023-01-11,久留米競輪,4,Ａ級予選,8320230111010004,3-5-4,5-3-4,3-4-5,7-1-3,7-1-3,98000,0,300,-300,0,0,0,1,0,0,0
v1,2023-01-11,久留米競輪,5,Ａ級初日特選,8320230111010005,2-7-4,7-2-4,2-4-7,2-4-7,2-4-7,4110,4110,300,3810,1,1,1,1,1,1,1
v1,2023-01-11,京王閣競輪,5,Ａ級特予選,2720230111010005,7-5-2,5-7-2,7-5-6,3-1-2,3-1-2,670,0,300,-300,0,0,0,1,0,0,0
v1,2023-01-11,京王閣競輪,6,Ａ級特予選,2720230111010006,3-2-4,2-3-4,3-2-5,1-6-7,1-6-7,10970,0,300,-300,0,0,0,0,0,0,0
v1,2023-01-11,京王閣競輪,7,Ａ級特予選,2720230111010007,7-4-6,7-4-1,7-6-4,1-6-4,1-6-4,2700,0,300,-300,0,1,1,1,0,0,0
v1,2023-01-11,京王閣競輪,8,Ａ級特予選,2720230111010008,1-2-4,1-2-6,1-2-7,2-1-3,2-1-3,400,0,300,-300,0,1,1,0,0,0,0
v1,2023-01-11,京王閣競輪,9,Ａ級初日特選,2720230111010009,7-1-2,1-7-2,7-1-3,2-3-4,2-3-4,8120,0,300,-300,0,1,1,0,0,0,0
v1,2023-01-11,名古屋競輪,5,Ａ級特予選,4220230111010005,1-2-7,1-2-6,1-2-5,1-2-3,1-2-3,470,0,300,-300,0,1,1,0,1,1,0
v1,2023-01-11,名古屋競輪,6,Ａ級特予選,4220230111010006,1-2-3,1-2-6,2-1-3,2-1-5,2-1-5,2020,0,300,-300,0,1,1,0,1,1,0
v1,2023-01-11,名古屋競輪,7,Ａ級特予選,4220230111010007,1-4-2,4-1-2,1-4-3,1-7-6,1-7-6,13160,0,300,-300,0,1,0,0,1,0,0
v1,2023-01-11,名古屋競輪,8,Ａ級特予選,4220230111010008,1-2-4,1-4-2,2-1-4,1-6-2,1-6-2,720,0,300,-300,0,1,0,1,1,0,0
v1,2023-01-11,名古屋競輪,9,Ａ級初日特選,4220230111010009,4-2-6,4-2-5,2-4-6,5-7-4,5-7-4,24990,0,300,-300,0,1,0,1,0,0,0
v1,2023-01-11,宇都宮競輪,1,Ａ級予選,2420230111010001,1-7-2,1-7-5,1-2-7,1-7-4,1-7-4,410,0,300,-300,0,1,1,0,1,1,0
v1,2023-01-11,宇都宮競輪,2,Ａ級予選,2420230111010002,1-7-3,1-7-2,7-1-3,3-7-5,3-7-5,4530,0,300,-300,0,1,1,0,0,0,0
v1,2023-01-11,宇都宮競輪,3,Ａ級予選,2420230111010003,7-4-6,7-4-3,4-7-6,7-4-2,7-4-2,400,0,300,-300,0,1,1,0,1,1,0
v1,2023-01-11,宇都宮競輪,4,Ａ級予選,2420230111010004,5-1-7,1-5-7,5-7-1,1-5-7,1-5-7,2350,2350,300,2050,1,1,1,1,1,1,1
v1,2023-01-11,宇都宮競輪,5,Ａ級初日特選,2420230111010005,7-6-5,7-5-6,5-7-6,6-7-2,6-7-2,320,0,300,-300,0,1,1,0,0,0,0
v1,2023-01-11,小倉競輪,6,Ａ級特一般,8120230109030006,4-2-5,2-4-5,4-2-1,2-1-5,2-1-5,26680,0,300,-300,0,1,1,1,1,0,0
v1,2023-01-11,小倉競輪,7,Ａ級特一般,8120230109030007,5-4-1,4-5-1,5-4-7,3-1-7,3-1-7,2730,0,300,-300,0,0,1,1,0,0,0
v1,2023-01-11,小倉競輪,8,Ａ級特選,8120230109030008,1-3-7,3-1-7,1-7-3,4-2-5,4-2-5,3480,0,300,-300,0,0,0,0,0,0,0
v1,2023-01-11,小倉競輪,9,Ａ級特選,8120230109030009,5-4-1,4-5-1,5-4-7,7-1-2,7-1-2,2470,0,300,-300,0,1,1,0,0,0,0
v1,2023-01-11,小倉競輪,12,Ａ級決勝,8120230109030012,1-7-6,7-1-6,1-7-5,5-4-3,5-4-3,27340,0,300,-300,0,1,0,0,0,0,0
v1,2023-01-11,松山競輪,8,Ａ級特一般,7520230110020008,5-3-2,3-5-2,5-2-3,5-1-3,5-1-3,2290,0,300,-300,0,1,0,1,1,0,0
v1,2023-01-11,松山競輪,9,Ａ級特一般,7520230110020009,2-4-3,4-2-3,2-4-5,5-2-1,5-2-1,7590,0,300,-300,0,1,1,0,0,0,0
v1,2023-01-11,松山競輪,10,Ａ級準決勝,7520230110020010,7-3-5,7-5-3,5-7-3,2-5-1,2-5-1,6910,0,300,-300,0,0,1,1,0,0,0
v1,2023-01-11,松山競輪,11,Ａ級準決勝,7520230110020011,2-5-4,5-2-4,2-4-5,2-3-5,2-3-5,22420,0,300,-300,0,1,0,1,1,0,0
v1,2023-01-11,松山競輪,12,Ａ級準決勝,7520230110020012,1-7-4,1-7-3,7-1-4,7-1-3,7-1-3,1790,0,300,-300,0,1,1,1,1,1,1
v1,2023-01-12,久留米競輪,1,Ａ級一般,8320230111020001,1-7-6,1-6-7,7-1-6,1-7-4,1-7-4,560,0,300,-300,0,1,1,0,1,1,0
v1,2023-01-12,久留米競輪,2,Ａ級一般,8320230111020002,4-3-7,3-4-7,4-3-6,1-4-7,1-4-7,6920,0,300,-300,0,0,1,1,0,0,0
v1,2023-01-12,久留米競輪,3,Ａ級準決勝,8320230111020003,3-4-5,4-3-5,3-4-2,6-1-7,6-1-7,149570,0,300,-300,0,0,0,0,0,0,0
v1,2023-01-12,久留米競輪,4,Ａ級準決勝,8320230111020004,5-1-3,1-5-3,5-3-1,5-3-2,5-3-2,9760,0,300,-300,0,1,1,1,1,1,0
v1,2023-01-12,久留米競輪,5,Ａ級準決勝,8320230111020005,6-2-5,2-6-5,6-2-1,2-6-4,2-6-4,5670,0,300,-300,0,1,1,0,1,1,0
v1,2023-01-12,京王閣競輪,5,Ａ級特一般,2720230111020005,1-2-7,2-1-7,1-2-5,2-5-1,2-5-1,3400,0,300,-300,0,1,1,1,1,0,1
v1,2023-01-12,京王閣競輪,6,Ａ級特一般,2720230111020006,2-4-3,4-2-3,2-4-6,4-3-1,4-3-1,32670,0,300,-300,0,1,1,0,1,0,0
v1,2023-01-12,京王閣競輪,7,Ａ級準決勝,2720230111020007,3-1-6,1-3-6,3-1-2,1-4-2,1-4-2,2750,0,300,-300,0,1,0,1,1,0,0
v1,2023-01-12,京王閣競輪,8,Ａ級準決勝,2720230111020008,1-3-7,3-1-7,1-7-3,1-3-2,1-3-2,360,0,300,-300,0,1,1,0,1,1,0
v1,2023-01-12,京王閣競輪,9,Ａ級準決勝,2720230111020009,2-1-7,2-1-6,1-2-7,1-2-5,1-2-5,890,0,300,-300,0,1,1,0,1,1,0
v1,2023-01-12,名古屋競輪,5,Ａ級特一般,4220230111020005,3-1-6,3-1-2,1-3-6,1-5-3,1-5-3,2210,0,300,-300,0,1,0,1,1,0,0
v1,2023-01-12,名古屋競輪,6,Ａ級特一般,4220230111020006,2-3-6,3-2-6,2-3-4,1-3-5,1-3-5,50430,0,300,-300,0,0,1,0,0,0,0
v1,2023-01-12,名古屋競輪,7,Ａ級準決勝,4220230111020007,4-2-5,4-5-2,4-2-1,4-2-7,4-2-7,580,0,300,-300,0,1,1,0,1,1,0
v1,2023-01-12,名古屋競輪,8,Ａ級準決勝,4220230111020008,3-5-1,3-5-2,5-3-1,2-1-3,2-1-3,1330,0,300,-300,0,1,1,1,0,0,0
v1,2023-01-12,名古屋競輪,9,Ａ級準決勝,4220230111020009,3-1-4,3-4-1,1-3-4,3-1-5,3-1-5,290,0,300,-300,0,1,1,0,1,1,0
v1,2023-01-12,宇都宮競輪,1,Ａ級一般,2420230111020001,7-2-6,2-7-6,7-2-3,3-6-1,3-6-1,4940,0,300,-300,0,1,1,0,0,0,0
v1,2023-01-12,宇都宮競輪,2,Ａ級一般,2420230111020002,6-3-5,6-3-7,3-6-5,7-2-1,7-2-1,4430,0,300,-300,0,1,0,0,0,0,0
v1,2023-01-12,宇都宮競輪,3,Ａ級準決勝,2420230111020003,4-5-1,4-5-7,5-4-1,4-5-2,4-5-2,480,0,300,-300,0,1,1,0,1,1,0
v1,2023-01-12,宇都宮競輪,4,Ａ級準決勝,2420230111020004,7-2-5,2-7-5,7-3-2,5-2-6,5-2-6,19180,0,300,-300,0,1,1,0,0,0,0
v1,2023-01-12,宇都宮競輪,5,Ａ級準決勝,2420230111020005,6-1-7,1-6-7,6-1-3,7-1-3,7-1-3,450,0,300,-300,0,1,1,1,0,0,0
v1,2023-01-12,松山競輪,6,Ａ級特一般,7520230110030006,4-7-1,4-7-3,7-4-1,7-4-2,7-4-2,870,0,300,-300,0,1,1,0,1,1,0
v1,2023-01-12,松山競輪,7,Ａ級特一般,7520230110030007,2-5-4,2-5-7,5-2-4,2-3-6,2-3-6,8080,0,300,-300,0,1,0,0,1,0,0
v1,2023-01-12,松山競輪,8,Ａ級特選,7520230110030008,2-7-4,2-7-5,2-7-1,7-2-5,7-2-5,1220,0,300,-300,0,1,1,1,0,0,1
v1,2023-01-12,松山競輪,9,Ａ級特選,7520230110030009,6-2-3,6-2-5,2-6-3,5-3-7,5-3-7,420,0,300,-300,0,1,1,0,0,0,0
v1,2023-01-12,松山競輪,12,Ａ級決勝,7520230110030012,4-3-7,4-7-3,4-2-3,2-3-1,2-3-1,24940,0,300,-300,0,1,1,0,0,0,0
v1,2023-01-13,いわき平競輪,6,Ａ級特予選,1320230113010006,4-1-5,1-4-5,4-5-1,1-4-5,1-4-5,8460,8460,300,8160,1,1,1,1,1,1,1
v1,2023-01-13,いわき平競輪,7,Ａ級特予選,1320230113010007,7-2-6,2-7-6,7-6-2,2-3-1,2-3-1,15080,0,300,-300,0,1,1,0,1,0,0
v1,2023-01-13,いわき平競輪,8,Ａ級特予選,1320230113010008,7-6-1,7-4-6,7-1-6,2-4-7,2-4-7,9160,0,300,-300,0,0,1,1,0,0,0
v1,2023-01-13,いわき平競輪,9,Ａ級特予選,1320230113010009,6-5-1,5-6-1,6-5-7,1-3-4,1-3-4,6290,0,300,-300,0,1,0,0,0,0,0
v1,2023-01-13,いわき平競輪,10,Ａ級初日特選,1320230113010010,6-3-1,6-1-3,6-1-4,4-1-2,4-1-2,2130,0,300,-300,0,1,1,0,0,0,0
v1,2023-01-13,久留米競輪,1,Ａ級一般,8320230111030001,2-5-1,2-5-4,5-2-1,4-1-7,4-1-7,2200,0,300,-300,0,1,1,0,0,0,0
v1,2023-01-13,久留米競輪,2,Ａ級一般,8320230111030002,5-1-2,5-2-1,1-5-2,5-6-7,5-6-7,5200,0,300,-300,0,1,0,1,1,0,0
v1,2023-01-13,久留米競輪,3,Ａ級特選,8320230111030003,2-4-5,4-2-5,5-3-2,2-4-7,2-4-7,1110,0,300,-300,0,1,1,0,1,1,0
v1,2023-01-13,久留米競輪,4,Ａ級特選,8320230111030004,2-4-1,4-2-1,2-1-4,2-1-7,2-1-7,4440,0,300,-300,0,1,1,0,1,1,0
v1,2023-01-13,久留米競輪,11,Ａ級決勝,8320230111030011,6-2-7,2-6-7,6-2-1,7-2-6,7-2-6,5940,0,300,-300,0,1,1,1,0,0,1
v1,2023-01-13,京王閣競輪,4,Ａ級特一般,2720230111030004,4-3-5,3-4-5,5-4-3,1-2-6,1-2-6,3360,0,300,-300,0,0,0,1,0,0,0
v1,2023-01-13,京王閣競輪,5,Ａ級特一般,2720230111030005,6-4-1,6-1-2,6-1-4,2-3-4,2-3-4,10600,0,300,-300,0,1,0,1,0,0,0
v1,2023-01-13,京王閣競輪,6,Ａ級特選,2720230111030006,2-5-6,2-6-5,5-2-6,2-3-1,2-3-1,4600,0,300,-300,0,1,0,1,1,0,0
v1,2023-01-13,京王閣競輪,7,Ａ級特選,2720230111030007,2-7-4,2-7-6,7-2-4,1-2-5,1-2-5,2820,0,300,-300,0,0,1,0,0,0,0
v1,2023-01-13,京王閣競輪,9,Ａ級決勝,2720230111030009,5-1-6,5-1-4,1-5-6,4-6-1,4-6-1,22600,0,300,-300,0,1,1,1,0,0,0
v1,2023-01-13,名古屋競輪,4,Ａ級特一般,4220230111030004,1-4-2,4-1-2,1-2-4,1-4-2,1-4-2,910,910,300,610,1,1,1,1,1,1,1
v1,2023-01-13,名古屋競輪,5,Ａ級特一般,4220230111030005,2-1-3,1-2-3,2-3-1,4-1-2,4-1-2,9340,0,300,-300,0,0,1,1,0,0,0
v1,2023-01-13,名古屋競輪,6,Ａ級特選,4220230111030006,4-3-5,3-4-5,4-3-6,2-1-5,2-1-5,7860,0,300,-300,0,0,0,1,0,0,0
v1,2023-01-13,名古屋競輪,7,Ａ級特選,4220230111030007,1-3-2,3-1-2,1-3-6,1-3-6,1-3-6,3590,3590,300,3290,1,1,1,1,1,1,1
v1,2023-01-13,名古屋競輪,9,Ａ級決勝,4220230111030009,7-5-3,5-7-3,7-3-5,2-4-5,2-4-5,18380,0,300,-300,0,0,0,1,0,0,0
v1,2023-01-13,大垣競輪,6,Ａ級予選,4420230113010006,1-3-4,3-1-4,1-3-6,6-4-1,6-4-1,2110,0,300,-300,0,1,1,1,0,0,0
v1,2023-01-13,大垣競輪,7,Ａ級予選,4420230113010007,4-1-6,1-4-6,4-6-1,4-2-1,4-2-1,3250,0,300,-300,0,1,1,1,1,0,0
v1,2023-01-13,大垣競輪,8,Ａ級予選,4420230113010008,7-2-1,7-2-5,2-7-1,2-1-7,2-1-7,5990,0,300,-300,0,1,1,1,1,0,1
v1,2023-01-13,大垣競輪,9,Ａ級予選,4420230113010009,3-6-4,6-3-4,3-6-5,5-4-2,5-4-2,940,0,300,-300,0,1,1,0,0,0,0
v1,2023-01-13,大垣競輪,10,Ａ級予選,4420230113010010,1-4-3,4-1-3,1-3-4,1-4-2,1-4-2,1650,0,300,-300,0,1,1,0,1,1,0
v1,2023-01-13,大垣競輪,11,Ａ級予選,4420230113010011,2-5-1,5-1-2,5-2-1,7-2-4,7-2-4,2060,0,300,-300,0,1,1,0,0,0,0
v1,2023-01-13,大垣競輪,12,Ａ級初日特選,4420230113010012,6-3-1,3-6-1,6-3-4,1-6-4,1-6-4,21380,0,300,-300,0,1,1,1,0,0,0
v1,2023-01-13,宇都宮競輪,1,Ａ級一般,2420230111030001,3-5-1,3-5-4,3-1-5,1-4-6,1-4-6,18220,0,300,-300,0,1,1,0,0,0,0
v1,2023-01-13,宇都宮競輪,2,Ａ級一般,2420230111030002,6-1-2,6-1-7,1-6-2,7-2-5,7-2-5,300,0,300,-300,0,1,1,0,0,0,0
v1,2023-01-13,宇都宮競輪,3,Ａ級特選,2420230111030003,7-6-1,6-7-1,7-1-6,1-5-3,1-5-3,14240,0,300,-300,0,1,0,0,0,0,0
v1,2023-01-13,宇都宮競輪,4,Ａ級特選,2420230111030004,3-5-7,5-3-7,3-5-1,3-5-1,3-5-1,1640,1640,300,1340,1,1,1,0,1,1,1
v1,2023-01-13,宇都宮競輪,11,Ａ級決勝,2420230111030011,3-2-1,2-3-1,3-1-2,5-2-4,5-2-4,4750,0,300,-300,0,1,1,0,0,0,0
v1,2023-01-13,小田原競輪,1,Ａ級予選,3620230113010001,1-5-3,1-5-2,5-1-3,1-5-2,1-5-2,850,850,300,550,1,1,1,1,1,1,1
v1,2023-01-13,小田原競輪,2,Ａ級予選,3620230113010002,1-5-2,5-1-2,1-5-4,5-1-3,5-1-3,360,0,300,-300,0,1,1,0,1,1,0
v1,2023-01-13,小田原競輪,3,Ａ級予選,3620230113010003,1-7-5,1-7-6,7-1-5,3-5-1,3-5-1,600,0,300,-300,0,0,1,1,0,0,0
v1,2023-01-13,小田原競輪,4,Ａ級予選,3620230113010004,1-4-7,1-7-4,1-7-3,4-5-1,4-5-1,2250,0,300,-300,0,1,0,1,0,0,0
v1,2023-01-13,小田原競輪,5,Ａ級予選,3620230113010005,6-1-5,1-6-5,6-1-2,5-2-1,5-2-1,2420,0,300,-300,0,1,1,1,0,0,0
v1,2023-01-13,小田原競輪,6,Ａ級予選,3620230113010006,1-4-3,1-4-5,4-1-3,7-4-1,7-4-1,10250,0,300,-300,0,0,1,1,0,0,0
v1,2023-01-13,小田原競輪,7,Ａ級初日特選,3620230113010007,4-3-6,3-4-6,4-3-5,3-4-5,3-4-5,1960,0,300,-300,0,1,1,1,1,1,1
v1,2023-01-14,いわき平競輪,6,Ａ級特一般,1320230113020006,5-2-1,2-5-1,5-2-7,5-7-4,5-7-4,4190,0,300,-300,0,1,1,0,1,0,0
v1,2023-01-14,いわき平競輪,7,Ａ級特一般,1320230113020007,4-1-7,4-1-2,1-4-7,1-4-3,1-4-3,1220,0,300,-300,0,1,1,0,1,1,0
v1,2023-01-14,いわき平競輪,8,Ａ級準決勝,1320230113020008,2-6-1,2-6-4,6-2-1,6-2-5,6-2-5,2640,0,300,-300,0,1,1,0,1,1,0
v1,2023-01-14,いわき平競輪,9,Ａ級準決勝,1320230113020009,3-7-5,7-3-5,3-5-7,7-3-1,7-3-1,2100,0,300,-300,0,1,1,0,1,1,0
v1,2023-01-14,いわき平競輪,10,Ａ級準決勝,1320230113020010,6-4-3,6-3-4,6-4-1,5-1-6,5-1-6,171710,0,300,-300,0,0,1,1,0,0,0
v1,2023-01-14,伊東競輪,1,Ａ級予選,3720230114010001,1-6-3,6-1-3,1-6-7,2-1-5,2-1-5,19750,0,300,-300,0,0,1,0,0,0,0
v1,2023-01-14,伊東競輪,2,Ａ級予選,3720230114010002,2-7-3,2-7-4,7-2-3,2-5-7,2-5-7,6950,0,300,-300,0,1,0,1,1,0,0
v1,2023-01-14,伊東競輪,3,Ａ級予選,3720230114010003,5-3-6,3-5-6,5-6-3,6-1-3,6-1-3,1980,0,300,-300,0,1,1,1,0,0,0
v1,2023-01-14,伊東競輪,4,Ａ級予選,3720230114010004,7-4-1,7-4-5,4-7-1,4-7-2,4-7-2,1060,0,300,-300,0,1,1,0,1,1,0
v1,2023-01-14,伊東競輪,5,Ａ級初日特選,3720230114010005,4-3-2,3-4-2,4-2-3,4-6-3,4-6-3,16860,0,300,-300,0,1,1,1,1,0,0
v1,2023-01-14,前橋競輪,5,Ａ級特予選,2220230114010005,1-2-5,2-1-5,1-2-6,4-1-2,4-1-2,6370,0,300,-300,0,0,1,1,0,0,0
v1,2023-01-14,前橋競輪,6,Ａ級特予選,2220230114010006,6-3-4,3-6-4,6-3-2,1-7-3,1-7-3,2730,0,300,-300,0,0,0,1,0,0,0
v1,2023-01-14,前橋競輪,7,Ａ級特予選,2220230114010007,7-6-2,7-2-6,6-7-2,1-2-6,1-2-6,2190,0,300,-300,0,1,1,1,0,0,0
v1,2023-01-14,前橋競輪,8,Ａ級特予選,2220230114010008,1-2-4,2-1-4,1-2-6,6-4-1,6-4-1,32750,0,300,-300,0,1,1,1,0,0,0
v1,2023-01-14,前橋競輪,9,Ａ級初日特選,2220230114010009,2-1-4,2-4-1,1-2-4,3-4-6,3-4-6,9850,0,300,-300,0,0,1,0,0,0,0
v1,2023-01-14,大垣競輪,6,Ａ級一般,4420230113020006,5-2-4,2-5-4,5-2-1,5-2-4,5-2-4,5000,5000,300,4700,1,1,1,1,1,1,1
v1,2023-01-14,大垣競輪,7,Ａ級一般,4420230113020007,3-2-1,3-1-2,3-1-5,5-3-2,5-3-2,18890,0,300,-300,0,1,1,1,0,0,0
v1,2023-01-14,大垣競輪,8,Ａ級選抜,4420230113020008,3-5-1,5-3-1,3-1-5,1-7-4,1-7-4,5140,0,300,-300,0,1,1,0,0,0,0
v1,2023-01-14,大垣競輪,9,Ａ級選抜,4420230113020009,3-5-7,5-3-7,3-5-2,3-5-7,3-5-7,2550,2550,300,2250,1,1,1,1,1,1,1
v1,2023-01-14,大垣競輪,10,Ａ級準決勝,4420230113020010,2-4-3,2-4-7,4-2-3,4-2-6,4-2-6,630,0,300,-300,0,1,1,0,1,1,0
v1,2023-01-14,大垣競輪,11,Ａ級準決勝,4420230113020011,2-7-4,2-4-7,2-4-1,1-4-5,1-4-5,580,0,300,-300,0,1,1,0,0,0,0
v1,2023-01-14,大垣競輪,12,Ａ級準決勝,4420230113020012,3-5-7,5-3-7,3-7-5,1-4-3,1-4-3,11820,0,300,-300,0,0,0,1,0,0,0
v1,2023-01-14,小倉競輪,5,Ａ級特予選,8120230114010005,4-1-3,1-4-3,4-1-2,4-1-5,4-1-5,1770,0,300,-300,0,1,1,0,1,1,0
v1,2023-01-14,小倉競輪,6,Ａ級特予選,8120230114010006,1-4-5,4-1-5,1-4-6,1-4-2,1-4-2,420,0,300,-300,0,1,1,0,1,1,0
v1,2023-01-14,小倉競輪,7,Ａ級特予選,8120230114010007,2-6-4,2-6-5,6-2-4,6-2-4,6-2-4,5250,5250,300,4950,1,1,1,1,1,1,1
v1,2023-01-14,小倉競輪,8,Ａ級特予選,8120230114010008,1-3-4,3-1-4,1-3-6,1-7-6,1-7-6,11810,0,300,-300,0,1,0,1,1,0,0
v1,2023-01-14,小倉競輪,9,Ａ級初日特選,8120230114010009,4-7-6,7-4-6,4-7-2,7-4-3,7-4-3,1150,0,300,-300,0,1,1,0,1,1,0
v1,2023-01-14,小田原競輪,1,Ａ級一般,3620230113020001,5-1-6,1-5-6,5-1-4,2-5-6,2-5-6,104320,0,300,-300,0,0,1,1,0,0,0
v1,2023-01-14,小田原競輪,2,Ａ級一般,3620230113020002,2-5-1,5-2-1,2-5-4,2-5-6,2-5-6,3780,0,300,-300,0,1,1,0,1,1,0
v1,2023-01-14,小田原競輪,3,Ａ級選抜,3620230113020003,7-1-3,1-7-3,7-1-6,1-7-6,1-7-6,6740,0,300,-300,0,1,1,1,1,1,1
v1,2023-01-14,小田原競輪,4,Ａ級選抜,3620230113020004,2-7-6,2-6-7,7-2-6,2-7-5,2-7-5,1270,0,300,-300,0,1,1,0,1,1,0
v1,2023-01-14,小田原競輪,5,Ａ級準決勝,3620230113020005,7-5-4,7-5-1,5-7-4,4-7-5,4-7-5,18070,0,300,-300,0,1,1,1,0,0,1
v1,2023-01-14,小田原競輪,6,Ａ級準決勝,3620230113020006,1-5-7,5-1-7,1-5-4,1-5-7,1-5-7,790,790,300,490,1,1,1,1,1,1,1
v1,2023-01-14,小田原競輪,7,Ａ級準決勝,3620230113020007,5-2-1,5-2-7,2-5-1,1-7-3,1-7-3,1360,0,300,-300,0,1,1,0,0,0,0
v2,2023-01-08,伊東競輪,5,Ａ級特予選,3720230108010005,4-2-5,4-2-6,4-3-5,3-1-6,3-1-6,1110,0,300,-300,0,1,1,0,0,0,0
v2,2023-01-08,伊東競輪,6,Ａ級特予選,3720230108010006,6-3-7,6-3-1,6-3-5,3-7-6,3-7-6,13720,0,300,-300,0,1,0,1,0,0,1
v2,2023-01-08,伊東競輪,7,Ａ級特予選,3720230108010007,7-1-6,7-1-2,7-1-4,1-6-5,1-6-5,8860,0,300,-300,0,1,0,1,0,0,0
v2,2023-01-08,伊東競輪,8,Ａ級特予選,3720230108010008,1-2-4,2-1-4,1-2-5,2-1-4,2-1-4,360,360,300,60,1,1,1,0,1,1,1
v2,2023-01-08,伊東競輪,9,Ａ級初日特選,3720230108010009,6-1-4,1-6-4,6-1-3,1-4-5,1-4-5,3950,0,300,-300,0,1,0,1,1,0,0
v2,2023-01-08,別府競輪,1,Ａ級一般,8620230106030001,5-3-1,5-3-6,3-5-1,5-3-1,5-3-1,360,360,300,60,1,1,1,0,1,1,1
v2,2023-01-08,別府競輪,2,Ａ級一般,8620230106030002,3-7-2,3-7-4,5-1-2,5-1-7,5-1-7,2060,0,300,-300,0,1,1,1,1,1,0
v2,2023-01-08,別府競輪,3,Ａ級特選,8620230106030003,3-6-1,3-6-2,3-5-1,3-6-5,3-6-5,1260,0,300,-300,0,1,1,1,1,1,0
v2,2023-01-08,別府競輪,4,Ａ級特選,8620230106030004,3-4-6,3-4-5,3-4-7,4-3-6,4-3-6,1610,0,300,-300,0,1,1,0,0,0,1
v2,2023-01-08,別府競輪,11,Ａ級決勝,8620230106030011,1-6-2,1-6-5,1-6-7,5-1-6,5-1-6,3790,0,300,-300,0,0,1,1,0,0,1
v2,2023-01-08,大垣競輪,5,Ａ級特一般,4420230106030005,2-7-1,2-7-3,2-7-5,1-6-5,1-6-5/6-1-5,27370/15420,0,300,-300,0,0,1,0,0,0,0
v2,2023-01-08,大垣競輪,6,Ａ級特一般,4420230106030006,1-4-6,1-4-7,5-3-6,1-4-7,1-4-7,2780,2780,300,2480,1,1,1,0,1,1,1
v2,2023-01-08,大垣競輪,7,Ａ級特選,4420230106030007,7-4-1,7-4-5,7-4-6,5-3-7,5-3-7,3220,0,300,-300,0,0,1,1,0,0,0
v2,2023-01-08,大垣競輪,8,Ａ級特選,4420230106030008,3-5-2,3-5-4,7-1-2,7-2-1,7-2-1,4300,0,300,-300,0,1,0,1,1,0,1
v2,2023-01-08,大垣競輪,11,Ａ級決勝,4420230106030011,1-5-4,1-5-6,3-7-4,7-4-3,7-4-3,1440,0,300,-300,0,1,0,1,0,0,1
v2,2023-01-08,奈良競輪,1,Ａ級予選,5320230108010001,3-5-6,3-5-1,3-5-4,7-2-4,7-2-4,1450,0,300,-300,0,1,1,0,0,0,0
v2,2023-01-08,奈良競輪,2,Ａ級予選,5320230108010002,1-4-6,1-4-2,1-4-5,6-1-7,6-1-7,27900,0,300,-300,0,0,1,1,0,0,0
v2,2023-01-08,奈良競輪,3,Ａ級予選,5320230108010003,1-7-6,1-7-4,1-3-6,1-7-6,1-7-6,300,300,300,0,1,1,1,0,1,1,1
v2,2023-01-08,奈良競輪,4,Ａ級予選,5320230108010004,7-1-4,1-7-4,7-1-3,1-2-7,1-2-7,22620,0,300,-300,0,1,1,1,1,0,0
v2,2023-01-08,奈良競輪,5,Ａ級初日特選,5320230108010005,6-4-2,6-4-1,6-4-7,2-1-7,2-1-7,58640,0,300,-300,0,0,0,0,0,0,0
v2,2023-01-08,小松島競輪,5,Ａ級特予選,7320230108010005,5-1-6,5-1-4,5-3-6,2-1-6,2-1-6,5960,0,300,-300,0,1,1,0,0,0,0
v2,2023-01-08,小松島競輪,6,Ａ級特予選,7320230108010006,4-1-6,4-1-3,4-1-7,2-1-4,2-1-4,1410,0,300,-300,0,1,1,1,0,0,0
v2,2023-01-08,小松島競輪,7,Ａ級特予選,7320230108010007,2-3-4,2-3-6,5-1-4,3-2-1,3-2-1,1510,0,300,-300,0,1,1,1,0,0,0
v2,2023-01-08,小松島競輪,8,Ａ級特予選,7320230108010008,3-1-5,3-1-2,3-1-4,4-7-2,4-7-2,28430,0,300,-300,0,0,1,0,0,0,0
v2,2023-01-08,小松島競輪,9,Ａ級初日特選,7320230108010009,5-1-6,5-1-3,5-1-4,2-3-1,2-3-1,810,0,300,-300,0,1,0,1,0,0,0
v2,2023-01-08,平塚競輪,5,Ａ級一般,3520230106030005,3-1-5,3-1-2,3-1-4,3-4-5,3-4-5,2960,0,300,-300,0,1,0,1,1,0,0
v2,2023-01-08,平塚競輪,6,Ａ級一般,3520230106030006,1-5-6,1-5-2,5-1-6,6-4-1,6-4-1,29390,0,300,-300,0,0,0,1,0,0,0
v2,2023-01-08,平塚競輪,7,Ａ級一般,3520230106030007,7-6-2,7-6-1,7-6-3,7-5-3,7-5-3,1360,0,300,-300,0,1,1,0,1,0,0
v2,2023-01-08,平塚競輪,8,Ａ級特選,3520230106030008,1-7-6,1-7-2,1-7-3,2-6-4,2-6-4,133160,0,300,-300,0,0,0,1,0,0,0
v2,2023-01-08,平塚競輪,9,Ａ級特選,3520230106030009,4-1-5,6-3-5,7-2-5,7-4-2,7-4-2,10660,0,300,-300,0,1,1,0,1,0,0
v2,2023-01-08,平塚競輪,10,Ａ級特選,3520230106030010,7-1-5,7-1-3,7-1-4,1-7-5,1-7-5,650,0,300,-300,0,1,1,0,0,0,1
v2,2023-01-08,平塚競輪,12,Ａ級決勝,3520230106030012,7-3-4,3-7-4,7-3-2,3-4-7,3-4-7,1810,0,300,-300,0,1,0,1,1,0,1
v2,2023-01-08,西武園競輪,1,Ａ級予選,2620230108010001,7-1-4,7-1-5,7-1-6,1-7-4,1-7-4,1020,0,300,-300,0,1,1,0,0,0,1
v2,2023-01-08,西武園競輪,2,Ａ級予選,2620230108010002,1-7-4,1-7-3,1-7-5,7-4-5,7-4-5,10770,0,300,-300,0,1,0,0,0,0,0
v2,2023-01-08,西武園競輪,3,Ａ級予選,2620230108010003,1-7-4,1-7-2,1-7-6,1-7-4,1-7-4,940,940,300,640,1,1,1,0,1,1,1
v2,2023-01-08,西武園競輪,4,Ａ級予選,2620230108010004,1-5-3,1-5-7,2-4-3,2-4-3,2-4-3,260,260,300,-40,1,1,1,0,1,1,1
v2,2023-01-08,西武園競輪,5,Ａ級初日特選,2620230108010005,1-5-6,3-7-6,4-2-6,1-7-3,1-7-3,14320,0,300,-300,0,1,0,1,1,0,0
v2,2023-01-08,豊橋競輪,1,Ａ級一般,4520230107020001,4-7-2,4-7-5,4-7-6,1-5-7,1-5-7,3740,0,300,-300,0,1,0,1,0,0,0
v2,2023-01-08,豊橋競輪,2,Ａ級一般,4520230107020002,1-4-6,5-3-6,7-2-6,1-3-4,1-3-4,7720,0,300,-300,0,1,0,0,1,0,0
v2,2023-01-08,豊橋競輪,3,Ａ級準決勝,4520230107020003,1-4-5,1-4-6,7-3-5,7-3-5,7-3-5,1470,1470,300,1170,1,1,1,0,1,1,1
v2,2023-01-08,豊橋競輪,4,Ａ級準決勝,4520230107020004,4-3-1,4-3-2,7-5-1,7-5-2,7-5-2,720,0,300,-300,0,1,1,0,1,1,0
v2,2023-01-08,豊橋競輪,5,Ａ級準決勝,4520230107020005,5-4-1,5-4-2,5-4-3,5-7-4,5-7-4,5420,0,300,-300,0,1,1,1,1,0,0
v2,2023-01-09,伊東競輪,5,Ａ級特一般,3720230108020005,3-1-2,3-1-6,7-4-2,5-6-1,5-6-1,41840,0,300,-300,0,0,0,1,0,0,0
v2,2023-01-09,伊東競輪,6,Ａ級特一般,3720230108020006,1-7-2,1-7-5,6-4-2,1-2-7,1-2-7,1370,0,300,-300,0,1,0,1,1,0,1
v2,2023-01-09,伊東競輪,7,Ａ級準決勝,3720230108020007,1-4-6,1-4-7,3-2-6,3-1-6,3-1-6,7220,0,300,-300,0,1,1,0,1,0,0
v2,2023-01-09,伊東競輪,8,Ａ級準決勝,3720230108020008,7-2-3,2-7-3,7-2-5,3-2-6,3-2-6,20760,0,300,-300,0,0,1,0,0,0,0
v2,2023-01-09,伊東競輪,9,Ａ級準決勝,3720230108020009,2-3-5,2-3-6,4-1-5,1-6-4,1-6-4,1800,0,300,-300,0,1,0,1,0,0,0
v2,2023-01-09,奈良競輪,1,Ａ級一般,5320230108020001,4-1-3,4-1-6,5-2-3,4-1-2,4-1-2,1070,0,300,-300,0,1,1,1,1,1,0
v2,2023-01-09,奈良競輪,2,Ａ級一般,5320230108020002,1-5-3,1-5-7,2-4-3,7-4-2,7-4-2,42690,0,300,-300,0,0,1,1,0,0,0
v2,2023-01-09,奈良競輪,3,Ａ級準決勝,5320230108020003,1-7-5,1-7-2,1-7-6,1-7-5,1-7-5,1640,1640,300,1340,1,1,1,0,1,1,1
v2,2023-01-09,奈良競輪,4,Ａ級準決勝,5320230108020004,5-2-6,2-5-6,5-2-3,3-1-4,3-1-4,2570,0,300,-300,0,0,1,0,0,0,0
v2,2023-01-09,奈良競輪,5,Ａ級準決勝,5320230108020005,1-5-7,5-1-7,1-5-3,1-6-2,1-6-2,24710,0,300,-300,0,1,1,1,1,0,0
v2,2023-01-09,小倉競輪,8,Ａ級特予選,8120230109010008,1-7-4,1-7-2,1-7-3,5-3-1,5-3-1,9000,0,300,-300,0,1,0,1,0,0,0
v2,2023-01-09,小倉競輪,9,Ａ級特予選,8120230109010009,5-2-6,5-2-1,5-2-4,1-2-4,1-2-4,47540,0,300,-300,0,0,1,0,0,0,0
v2,2023-01-09,小倉競輪,10,Ａ級特予選,8120230109010010,7-1-5,7-1-3,7-1-4,6-3-1,6-3-1,23600,0,300,-300,0,1,0,1,0,0,0
v2,2023-01-09,小倉競輪,11,Ａ級特予選,8120230109010011,1-7-3,1-7-4,2-5-3,7-5-1,7-5-1,2300,0,300,-300,0,1,1,1,0,0,0
v2,2023-01-09,小倉競輪,12,Ａ級初日特選,8120230109010012,7-1-3,7-1-4,7-1-2,2-1-7,2-1-7,6050,0,300,-300,0,1,1,1,0,0,1
v2,2023-01-09,小松島競輪,5,Ａ級特一般,7320230108020005,3-4-2,3-4-7,5-1-2,1-2-5,1-2-5,820,0,300,-300,0,1,0,1,0,0,1
v2,2023-01-09,小松島競輪,6,Ａ級特一般,7320230108020006,2-1-3,2-1-6,4-5-3,2-6-4,2-6-4,40890,0,300,-300,0,1,0,1,1,0,0
v2,2023-01-09,小松島競輪,7,Ａ級準決勝,7320230108020007,2-6-3,2-6-7,5-4-3,2-6-1,2-6-1,1580,0,300,-300,0,1,1,0,1,1,0
v2,2023-01-09,小松島競輪,8,Ａ級準決勝,7320230108020008,2-3-7,4-1-7,6-5-7,3-1-2,3-1-2,6320,0,300,-300,0,0,1,1,0,0,0
v2,2023-01-09,小松島競輪,9,Ａ級準決勝,7320230108020009,6-3-7,6-3-2,6-3-4,1-4-5,1-4-5,610,0,300,-300,0,1,0,1,0,0,0
v2,2023-01-09,西武園競輪,1,Ａ級一般,2620230108020001,7-3-4,7-3-5,7-3-6,3-2-4,3-2-4,8480,0,300,-300,0,1,1,0,0,0,0
v2,2023-01-09,西武園競輪,2,Ａ級一般,2620230108020002,2-6-5,4-3-5,7-1-5,2-3-7,2-3-7,2260,0,300,-300,0,1,0,1,1,0,0
v2,2023-01-09,西武園競輪,3,Ａ級準決勝,2620230108020003,2-4-1,2-4-6,5-7-1,7-2-1,7-2-1,5150,0,300,-300,0,1,1,0,0,0,0
v2,2023-01-09,西武園競輪,4,Ａ級準決勝,2620230108020004,2-7-6,2-7-1,2-7-3,7-2-4,7-2-4,5440,0,300,-300,0,1,1,1,0,0,0
v2,2023-01-09,西武園競輪,5,Ａ級準決勝,2620230108020005,1-4-6,1-4-5,1-4-7,2-1-7,2-1-7,3070,0,300,-300,0,1,1,0,0,0,0
v2,2023-01-09,豊橋競輪,1,Ａ級一般,4520230107030001,1-5-4,1-5-6,7-2-4,5-1-7,5-1-7,2830,0,300,-300,0,1,1,1,0,0,0
v2,2023-01-09,豊橋競輪,2,Ａ級一般,4520230107030002,1-5-6,1-5-2,1-5-7,5-1-6,5-1-6,1580,0,300,-300,0,1,1,0,0,0,1
v2,2023-01-09,豊橋競輪,3,Ａ級特選,4520230107030003,7-4-1,7-4-2,7-4-3,2-4-5,2-4-5,6650,0,300,-300,0,0,1,1,0,0,0
v2,2023-01-09,豊橋競輪,4,Ａ級特選,4520230107030004,4-1-6,4-1-7,5-2-6,1-4-2,1-4-2,890,0,300,-300,0,1,1,1,0,0,0
v2,2023-01-09,豊橋競輪,10,Ａ級決勝,4520230107030010,2-5-6,2-5-7,2-5-3,7-4-3,7-4-3,22250,0,300,-300,0,0,0,1,0,0,0
v2,2023-01-10,伊東競輪,4,Ａ級特一般,3720230108030004,5-3-4,5-3-6,3-5-4,4-5-1,4-5-1,18570,0,300,-300,0,0,1,0,0,0,0
v2,2023-01-10,伊東競輪,5,Ａ級特一般,3720230108030005,6-3-5,3-6-5,6-3-1,7-6-2,7-6-2,44910,0,300,-300,0,0,1,1,0,0,0
v2,2023-01-10,伊東競輪,6,Ａ級特選,3720230108030006,6-2-7,6-2-3,6-2-5,3-4-6,3-4-6,6140,0,300,-300,0,0,1,1,0,0,0
v2,2023-01-10,伊東競輪,7,Ａ級特選,3720230108030007,1-2-4,1-2-5,6-3-4,6-5-7,6-5-7,76810,0,300,-300,0,1,0,0,1,0,0
v2,2023-01-10,伊東競輪,9,Ａ級決勝,3720230108030009,6-1-3,6-1-4,6-1-7,1-3-4,1-3-4,880,0,300,-300,0,1,0,0,0,0,0
v2,2023-01-10,奈良競輪,1,Ａ級一般,5320230108030001,1-4-2,1-4-6,3-5-2,5-1-6,5-1-6,10100,0,300,-300,0,1,1,0,0,0,0
v2,2023-01-10,奈良競輪,2,Ａ級一般,5320230108030002,2-7-5,2-7-6,3-4-5,4-3-5,4-3-5,290,0,300,-300,0,1,1,0,0,0,1
v2,2023-01-10,奈良競輪,3,Ａ級特選,5320230108030003,7-1-6,1-7-6,7-1-3,1-7-6,1-7-6,1360,1360,300,1060,1,1,1,0,1,1,1
v2,2023-01-10,奈良競輪,4,Ａ級特選,5320230108030004,7-1-4,1-7-4,7-1-3,1-3-4,1-3-4,1100,0,300,-300,0,1,0,0,1,0,0
v2,2023-01-10,奈良競輪,11,Ａ級決勝,5320230108030011,2-6-1,2-6-5,2-6-7,2-6-4,2-6-4,2780,0,300,-300,0,1,1,1,1,1,0
v2,2023-01-10,小倉競輪,8,Ａ級特一般,8120230109020008,4-6-2,5-3-2,7-1-2,7-1-2,7-1-2,2800,2800,300,2500,1,1,1,0,1,1,1
v2,2023-01-10,小倉競輪,9,Ａ級特一般,8120230109020009,7-1-4,7-1-5,7-1-3,7-1-2,7-1-2,4930,0,300,-300,0,1,1,0,1,1,0
v2,2023-01-10,小倉競輪,10,Ａ級準決勝,8120230109020010,7-1-5,7-1-6,7-2-5,1-7-2,1-7-2,6490,0,300,-300,0,1,1,1,0,0,0
v2,2023-01-10,小倉競輪,11,Ａ級準決勝,8120230109020011,5-3-2,5-3-4,7-1-2,1-5-4,1-5-4,3450,0,300,-300,0,1,1,0,0,0,0
v2,2023-01-10,小倉競輪,12,Ａ級準決勝,8120230109020012,1-7-4,1-7-2,1-7-3,1-7-4,1-7-4,460,460,300,160,1,1,1,0,1,1,1
v2,2023-01-10,小松島競輪,4,Ａ級特一般,7320230108030004,3-5-1,3-5-4,6-2-1,6-2-5,6-2-5,12220,0,300,-300,0,1,1,1,1,1,0
v2,2023-01-10,小松島競輪,5,Ａ級特一般,7320230108030005,6-1-3,6-1-5,6-1-7,3-1-2,3-1-2,10920,0,300,-300,0,0,1,1,0,0,0
v2,2023-01-10,小松島競輪,6,Ａ級特選,7320230108030006,3-6-2,3-6-1,3-6-7,3-2-4,3-2-4,16970,0,300,-300,0,1,0,1,1,0,0
v2,2023-01-10,小松島競輪,7,Ａ級特選,7320230108030007,7-3-5,7-3-1,7-3-4,2-1-3,2-1-3,680,0,300,-300,0,1,0,1,0,0,0
v2,2023-01-10,小松島競輪,9,Ａ級決勝,7320230108030009,2-6-3,2-6-7,4-5-3,2-7-4,2-7-4,19240,0,300,-300,0,1,0,1,1,0,0
v2,2023-01-10,松山競輪,8,Ａ級特予選,7520230110010008,1-5-3,1-5-4,6-2-3,5-1-6,5-1-6,2470,0,300,-300,0,1,1,1,0,0,0
v2,2023-01-10,松山競輪,9,Ａ級特予選,7520230110010009,1-4-3,1-4-7,6-2-3,4-2-1,4-2-1,2810,0,300,-300,0,1,1,1,0,0,0
v2,2023-01-10,松山競輪,10,Ａ級特予選,7520230110010010,1-5-6,1-5-7,2-4-6,4-2-5,4-2-5,5630,0,300,-300,0,1,1,1,0,0,0
v2,2023-01-10,松山競輪,11,Ａ級特予選,7520230110010011,4-1-6,4-1-5,4-1-7,4-1-5,4-1-5,410,410,300,110,1,1,1,0,1,1,1
v2,2023-01-10,松山競輪,12,Ａ級初日特選,7520230110010012,5-1-3,5-1-2,5-1-4,5-1-4,5-1-4,6090,6090,300,5790,1,1,1,0,1,1,1
v2,2023-01-10,西武園競輪,1,Ａ級一般,2620230108030001,1-7-6,1-7-2,1-7-3,7-1-6,7-1-6,3800,0,300,-300,0,1,1,0,0,0,1
v2,2023-01-10,西武園競輪,2,Ａ級一般,2620230108030002,5-2-4,2-5-4,5-2-1,3-4-5,3-4-5,45490,0,300,-300,0,1,0,1,0,0,0
v2,2023-01-10,西武園競輪,3,Ａ級特選,2620230108030003,6-3-5,6-3-4,6-1-5,6-3-5,6-3-5,3130,3130,300,2830,1,1,1,0,1,1,1
v2,2023-01-10,西武園競輪,4,Ａ級特選,2620230108030004,1-5-4,1-5-6,3-7-4,3-4-5,3-4-5,87150,0,300,-300,0,1,0,1,1,0,0
v2,2023-01-10,西武園競輪,10,Ａ級決勝,2620230108030010,6-4-1,4-6-1,6-4-2,4-1-2,4-1-2,770,0,300,-300,0,1,0,0,1,0,0
v2,2023-01-11,久留米競輪,1,Ａ級予選,8320230111010001,4-2-6,4-2-1,4-2-5,2-4-7,2-4-7,960,0,300,-300,0,1,1,1,0,0,0
v2,2023-01-11,久留米競輪,2,Ａ級予選,8320230111010002,6-2-5,6-2-3,6-2-7,3-6-4,3-6-4,4660,0,300,-300,0,0,1,1,0,0,0
v2,2023-01-11,久留米競輪,3,Ａ級予選,8320230111010003,7-3-5,7-3-1,7-3-6,7-3-5,7-3-5,260,260,300,-40,1,1,1,0,1,1,1
v2,2023-01-11,久留米競輪,4,Ａ級予選,8320230111010004,2-4-6,2-4-7,5-3-6,7-1-3,7-1-3,98000,0,300,-300,0,0,0,1,0,0,0
v2,2023-01-11,久留米競輪,5,Ａ級初日特選,8320230111010005,3-4-1,3-4-6,7-2-1,2-4-7,2-4-7,4110,0,300,-300,0,1,1,1,0,0,0
v2,2023-01-11,京王閣競輪,5,Ａ級特予選,2720230111010005,6-2-4,6-2-1,6-2-5,3-1-2,3-1-2,670,0,300,-300,0,1,0,1,0,0,0
v2,2023-01-11,京王閣競輪,6,Ａ級特予選,2720230111010006,4-5-7,4-5-2,4-5-6,1-6-7,1-6-7,10970,0,300,-300,0,1,0,0,0,0,0
v2,2023-01-11,京王閣競輪,7,Ａ級特予選,2720230111010007,1-6-3,1-6-4,1-6-5,1-6-4,1-6-4,2700,2700,300,2400,1,1,1,0,1,1,1
v2,2023-01-11,京王閣競輪,8,Ａ級特予選,2720230111010008,1-2-3,1-2-4,1-2-7,2-1-3,2-1-3,400,0,300,-300,0,1,1,0,0,0,1
v2,2023-01-11,京王閣競輪,9,Ａ級初日特選,2720230111010009,7-1-5,7-1-2,7-1-3,2-3-4,2-3-4,8120,0,300,-300,0,0,0,1,0,0,0
v2,2023-01-11,名古屋競輪,5,Ａ級特予選,4220230111010005,1-2-3,1-2-5,1-2-6,1-2-3,1-2-3,470,470,300,170,1,1,1,0,1,1,1
v2,2023-01-11,名古屋競輪,6,Ａ級特予選,4220230111010006,1-2-7,1-2-3,1-2-6,2-1-5,2-1-5,2020,0,300,-300,0,1,1,1,0,0,0
v2,2023-01-11,名古屋競輪,7,Ａ級特予選,4220230111010007,1-4-5,1-4-6,3-2-5,1-7-6,1-7-6,13160,0,300,-300,0,1,0,0,1,0,0
v2,2023-01-11,名古屋競輪,8,Ａ級特予選,4220230111010008,1-2-6,1-2-7,4-3-6,1-6-2,1-6-2,720,0,300,-300,0,1,0,1,1,0,1
v2,2023-01-11,名古屋競輪,9,Ａ級初日特選,4220230111010009,4-2-7,2-4-7,4-2-1,5-7-4,5-7-4,24990,0,300,-300,0,1,0,1,0,0,0
v2,2023-01-11,宇都宮競輪,1,Ａ級予選,2420230111010001,1-7-4,1-7-2,1-7-5,1-7-4,1-7-4,410,410,300,110,1,1,1,1,1,1,1
v2,2023-01-11,宇都宮競輪,2,Ａ級予選,2420230111010002,1-7-4,1-7-5,3-2-4,3-7-5,3-7-5,4530,0,300,-300,0,1,1,0,1,0,0
v2,2023-01-11,宇都宮競輪,3,Ａ級予選,2420230111010003,7-4-2,7-4-3,7-4-6,7-4-2,7-4-2,400,400,300,100,1,1,1,0,1,1,1
v2,2023-01-11,宇都宮競輪,4,Ａ級予選,2420230111010004,5-1-6,5-1-3,5-7-6,1-5-7,1-5-7,2350,0,300,-300,0,1,1,1,0,0,0
v2,2023-01-11,宇都宮競輪,5,Ａ級初日特選,2420230111010005,5-3-2,5-3-4,7-6-2,6-7-2,6-7-2,320,0,300,-300,0,1,1,0,0,0,1
v2,2023-01-11,小倉競輪,6,Ａ級特一般,8120230109030006,1-5-6,1-5-4,5-1-6,2-1-5,2-1-5,26680,0,300,-300,0,1,1,1,0,0,0
v2,2023-01-11,小倉競輪,7,Ａ級特一般,8120230109030007,2-6-3,4-5-3,7-1-3,3-1-7,3-1-7,2730,0,300,-300,0,0,1,1,0,0,1
v2,2023-01-11,小倉競輪,8,Ａ級特選,8120230109030008,1-7-4,2-5-4,3-6-4,4-2-5,4-2-5,3480,0,300,-300,0,0,1,1,0,0,1
v2,2023-01-11,小倉競輪,9,Ａ級特選,8120230109030009,1-7-3,1-7-5,1-7-6,7-1-2,7-1-2,2470,0,300,-300,0,1,1,1,0,0,0
v2,2023-01-11,小倉競輪,12,Ａ級決勝,8120230109030012,6-5-2,5-6-2,6-5-3,5-4-3,5-4-3,27340,0,300,-300,0,1,0,0,1,0,0
v2,2023-01-11,松山競輪,8,Ａ級特一般,7520230110020008,3-5-1,3-5-6,4-2-1,5-1-3,5-1-3,2290,0,300,-300,0,1,0,1,0,0,1
v2,2023-01-11,松山競輪,9,Ａ級特一般,7520230110020009,2-4-6,2-4-7,5-3-6,5-2-1,5-2-1,7590,0,300,-300,0,1,1,0,1,0,0
v2,2023-01-11,松山競輪,10,Ａ級準決勝,7520230110020010,5-1-6,5-1-2,5-1-3,2-5-1,2-5-1,6910,0,300,-300,0,0,1,1,0,0,1
v2,2023-01-11,松山競輪,11,Ａ級準決勝,7520230110020011,2-5-6,5-2-6,2-5-3,2-3-5,2-3-5,22420,0,300,-300,0,1,0,1,1,0,1
v2,2023-01-11,松山競輪,12,Ａ級準決勝,7520230110020012,1-7-5,1-7-2,1-7-4,7-1-3,7-1-3,1790,0,300,-300,0,1,1,1,0,0,0
v2,2023-01-12,久留米競輪,1,Ａ級一般,8320230111020001,3-6-4,3-6-5,7-1-4,1-7-4,1-7-4,560,0,300,-300,0,1,1,0,0,0,1
v2,2023-01-12,久留米競輪,2,Ａ級一般,8320230111020002,1-7-5,1-7-3,1-7-6,1-4-7,1-4-7,6920,0,300,-300,0,1,1,1,1,0,0
v2,2023-01-12,久留米競輪,3,Ａ級準決勝,8320230111020003,3-4-6,3-4-2,3-4-7,6-1-7,6-1-7,149570,0,300,-300,0,0,1,0,0,0,0
v2,2023-01-12,久留米競輪,4,Ａ級準決勝,8320230111020004,2-3-4,2-3-7,5-1-4,5-3-2,5-3-2,9760,0,300,-300,0,1,1,1,1,0,0
v2,2023-01-12,久留米競輪,5,Ａ級準決勝,8320230111020005,1-5-3,1-5-4,6-2-3,2-6-4,2-6-4,5670,0,300,-300,0,1,1,0,0,0,0
v2,2023-01-12,京王閣競輪,5,Ａ級特一般,2720230111020005,1-2-4,2-1-4,1-2-5,2-5-1,2-5-1,3400,0,300,-300,0,1,0,1,1,0,1
v2,2023-01-12,京王閣競輪,6,Ａ級特一般,2720230111020006,2-4-1,2-4-5,2-4-7,4-3-1,4-3-1,32670,0,300,-300,0,1,1,0,0,0,0
v2,2023-01-12,京王閣競輪,7,Ａ級準決勝,2720230111020007,3-1-4,3-1-7,3-6-4,1-4-2,1-4-2,2750,0,300,-300,0,1,0,1,0,0,0
v2,2023-01-12,京王閣競輪,8,Ａ級準決勝,2720230111020008,3-1-2,3-1-6,4-7-2,1-3-2,1-3-2,360,0,300,-300,0,1,1,0,0,0,1
v2,2023-01-12,京王閣競輪,9,Ａ級準決勝,2720230111020009,2-1-5,2-1-4,2-1-7,1-2-5,1-2-5,890,0,300,-300,0,1,1,0,0,0,1
v2,2023-01-12,名古屋競輪,5,Ａ級特一般,4220230111020005,3-1-4,3-1-5,6-2-4,1-5-3,1-5-3,2210,0,300,-300,0,1,0,1,0,0,1
v2,2023-01-12,名古屋競輪,6,Ａ級特一般,4220230111020006,4-6-1,4-6-5,4-2-1,1-3-5,1-3-5,50430,0,300,-300,0,0,1,0,0,0,0
v2,2023-01-12,名古屋競輪,7,Ａ級準決勝,4220230111020007,4-2-7,4-2-1,4-2-3,4-2-7,4-2-7,580,580,300,280,1,1,1,0,1,1,1
v2,2023-01-12,名古屋競輪,8,Ａ級準決勝,4220230111020008,2-1-4,2-1-5,2-1-7,2-1-3,2-1-3,1330,0,300,-300,0,1,1,1,1,1,0
v2,2023-01-12,名古屋競輪,9,Ａ級準決勝,4220230111020009,3-1-5,3-1-7,3-2-5,3-1-5,3-1-5,290,290,300,-10,1,1,1,0,1,1,1
v2,2023-01-12,宇都宮競輪,1,Ａ級一般,2420230111020001,2-7-4,2-7-5,2-7-6,3-6-1,3-6-1,4940,0,300,-300,0,1,0,1,0,0,0
v2,2023-01-12,宇都宮競輪,2,Ａ級一般,2420230111020002,1-5-4,1-5-3,1-5-7,7-2-1,7-2-1,4430,0,300,-300,0,0,1,1,0,0,0
v2,2023-01-12,宇都宮競輪,3,Ａ級準決勝,2420230111020003,1-7-2,1-7-3,4-5-2,4-5-2,4-5-2,480,480,300,180,1,1,1,0,1,1,1
v2,2023-01-12,宇都宮競輪,4,Ａ級準決勝,2420230111020004,2-5-1,2-5-6,7-3-1,5-2-6,5-2-6,19180,0,300,-300,0,1,1,0,0,0,1
v2,2023-01-12,宇都宮競輪,5,Ａ級準決勝,2420230111020005,6-3-4,6-3-2,6-3-7,7-1-3,7-1-3,450,0,300,-300,0,0,1,1,0,0,0
v2,2023-01-12,松山競輪,6,Ａ級特一般,7520230110030006,7-4-2,7-4-1,7-4-3,7-4-2,7-4-2,870,870,300,570,1,1,1,0,1,1,1
v2,2023-01-12,松山競輪,7,Ａ級特一般,7520230110030007,7-4-1,7-4-5,7-4-6,2-3-6,2-3-6,8080,0,300,-300,0,1,1,0,0,0,0
v2,2023-01-12,松山競輪,8,Ａ級特選,7520230110030008,2-7-6,2-7-4,2-7-5,7-2-5,7-2-5,1220,0,300,-300,0,1,1,0,0,0,1
v2,2023-01-12,松山競輪,9,Ａ級特選,7520230110030009,5-3-7,3-5-7,5-3-1,5-3-7,5-3-7,420,420,300,120,1,1,1,0,1,1,1
v2,2023-01-12,松山競輪,12,Ａ級決勝,7520230110030012,3-5-6,3-5-1,3-5-2,2-3-1,2-3-1,24940,0,300,-300,0,0,1,0,0,0,0
v2,2023-01-13,いわき平競輪,6,Ａ級特予選,1320230113010006,5-6-3,5-6-1,5-6-7,1-4-5,1-4-5,8460,0,300,-300,0,0,1,1,0,0,0
v2,2023-01-13,いわき平競輪,7,Ａ級特予選,1320230113010007,7-2-4,7-2-1,7-2-6,2-3-1,2-3-1,15080,0,300,-300,0,1,1,0,0,0,0
v2,2023-01-13,いわき平競輪,8,Ａ級特予選,1320230113010008,7-4-2,7-4-5,7-4-6,2-4-7,2-4-7,9160,0,300,-300,0,0,1,1,0,0,1
v2,2023-01-13,いわき平競輪,9,Ａ級特予選,1320230113010009,6-5-2,6-5-4,6-5-7,1-3-4,1-3-4,6290,0,300,-300,0,1,1,0,0,0,0
v2,2023-01-13,いわき平競輪,10,Ａ級初日特選,1320230113010010,2-7-5,2-7-1,2-7-3,4-1-2,4-1-2,2130,0,300,-300,0,1,0,1,0,0,0
v2,2023-01-13,久留米競輪,1,Ａ級一般,8320230111030001,2-5-3,2-5-7,4-1-3,4-1-7,4-1-7,2200,0,300,-300,0,1,1,0,1,1,0
v2,2023-01-13,久留米競輪,2,Ａ級一般,8320230111030002,1-5-4,5-1-4,1-5-3,5-6-7,5-6-7,5200,0,300,-300,0,1,0,1,1,0,0
v2,2023-01-13,久留米競輪,3,Ａ級特選,8320230111030003,2-4-6,2-4-7,3-5-6,2-4-7,2-4-7,1110,1110,300,810,1,1,1,0,1,1,1
v2,2023-01-13,久留米競輪,4,Ａ級特選,8320230111030004,4-2-5,4-2-7,6-1-5,2-1-7,2-1-7,4440,0,300,-300,0,1,1,0,0,0,0
v2,2023-01-13,久留米競輪,11,Ａ級決勝,8320230111030011,1-7-4,1-7-5,2-6-4,7-2-6,7-2-6,5940,0,300,-300,0,1,1,1,0,0,0
v2,2023-01-13,京王閣競輪,4,Ａ級特一般,2720230111030004,4-3-7,4-3-1,4-3-5,1-2-6,1-2-6,3360,0,300,-300,0,0,1,1,0,0,0
v2,2023-01-13,京王閣競輪,5,Ａ級特一般,2720230111030005,1-2-3,1-2-4,1-2-7,2-3-4,2-3-4,10600,0,300,-300,0,1,0,0,0,0,0
v2,2023-01-13,京王閣競輪,6,Ａ級特選,2720230111030006,3-2-4,3-2-5,3-2-6,2-3-1,2-3-1,4600,0,300,-300,0,1,1,1,0,0,0
v2,2023-01-13,京王閣競輪,7,Ａ級特選,2720230111030007,2-7-5,7-2-5,2-7-1,1-2-5,1-2-5,2820,0,300,-300,0,0,1,0,0,0,0
v2,2023-01-13,京王閣競輪,9,Ａ級決勝,2720230111030009,6-4-2,6-4-1,6-4-7,4-6-1,4-6-1,22600,0,300,-300,0,1,1,0,0,0,1
v2,2023-01-13,名古屋競輪,4,Ａ級特一般,4220230111030004,1-4-5,1-4-2,4-1-5,1-4-2,1-4-2,910,910,300,610,1,1,1,1,1,1,1
v2,2023-01-13,名古屋競輪,5,Ａ級特一般,4220230111030005,2-1-4,2-1-6,1-2-4,4-1-2,4-1-2,9340,0,300,-300,0,0,1,1,0,0,1
v2,2023-01-13,名古屋競輪,6,Ａ級特選,4220230111030006,3-4-7,3-4-5,3-4-6,2-1-5,2-1-5,7860,0,300,-300,0,1,1,0,0,0,0
v2,2023-01-13,名古屋競輪,7,Ａ級特選,4220230111030007,1-3-4,1-3-7,6-2-4,1-3-6,1-3-6,3590,0,300,-300,0,1,1,1,1,1,0
v2,2023-01-13,名古屋競輪,9,Ａ級決勝,4220230111030009,7-5-6,7-5-1,7-5-2,2-4-5,2-4-5,18380,0,300,-300,0,0,1,1,0,0,0
v2,2023-01-13,大垣競輪,6,Ａ級予選,4420230113010006,1-3-2,1-3-5,6-4-2,6-4-1,6-4-1,2110,0,300,-300,0,1,1,1,1,1,0
v2,2023-01-13,大垣競輪,7,Ａ級予選,4420230113010007,4-1-5,4-1-6,1-4-5,4-2-1,4-2-1,3250,0,300,-300,0,1,1,1,1,0,0
v2,2023-01-13,大垣競輪,8,Ａ級予選,4420230113010008,5-1-3,5-1-6,7-2-3,2-1-7,2-1-7,5990,0,300,-300,0,1,1,1,0,0,0
v2,2023-01-13,大垣競輪,9,Ａ級予選,4420230113010009,4-5-1,4-5-6,4-5-7,5-4-2,5-4-2,940,0,300,-300,0,1,1,1,0,0,0
v2,2023-01-13,大垣競輪,10,Ａ級予選,4420230113010010,1-4-6,1-4-2,1-4-7,1-4-2,1-4-2,1650,1650,300,1350,1,1,1,0,1,1,1
v2,2023-01-13,大垣競輪,11,Ａ級予選,4420230113010011,2-7-4,2-7-1,2-7-6,7-2-4,7-2-4,2060,0,300,-300,0,1,1,0,0,0,1
v2,2023-01-13,大垣競輪,12,Ａ級初日特選,4420230113010012,6-3-5,3-6-5,6-3-2,1-6-4,1-6-4,21380,0,300,-300,0,1,1,1,0,0,0
v2,2023-01-13,宇都宮競輪,1,Ａ級一般,2420230111030001,4-1-7,4-1-2,4-1-5,1-4-6,1-4-6,18220,0,300,-300,0,1,1,1,0,0,0
v2,2023-01-13,宇都宮競輪,2,Ａ級一般,2420230111030002,2-7-5,7-2-5,2-7-3,7-2-5,7-2-5,300,300,300,0,1,1,1,0,1,1,1
v2,2023-01-13,宇都宮競輪,3,Ａ級特選,2420230111030003,6-7-2,7-6-2,6-7-3,1-5-3,1-5-3,14240,0,300,-300,0,1,0,0,0,0,0
v2,2023-01-13,宇都宮競輪,4,Ａ級特選,2420230111030004,3-5-2,3-5-7,3-5-1,3-5-1,3-5-1,1640,1640,300,1340,1,1,1,1,1,1,1
v2,2023-01-13,宇都宮競輪,11,Ａ級決勝,2420230111030011,3-6-4,3-6-5,3-6-7,5-2-4,5-2-4,4750,0,300,-300,0,0,1,0,0,0,0
v2,2023-01-13,小田原競輪,1,Ａ級予選,3620230113010001,1-5-4,1-5-6,2-3-4,1-5-2,1-5-2,850,0,300,-300,0,1,1,1,1,1,0
v2,2023-01-13,小田原競輪,2,Ａ級予選,3620230113010002,1-5-3,1-5-2,5-1-3,5-1-3,5-1-3,360,360,300,60,1,1,1,0,1,1,1
v2,2023-01-13,小田原競輪,3,Ａ級予選,3620230113010003,1-7-4,1-7-5,1-7-6,3-5-1,3-5-1,600,0,300,-300,0,1,0,1,0,0,0
v2,2023-01-13,小田原競輪,4,Ａ級予選,3620230113010004,1-4-5,1-4-3,1-4-7,4-5-1,4-5-1,2250,0,300,-300,0,1,1,1,0,0,1
v2,2023-01-13,小田原競輪,5,Ａ級予選,3620230113010005,6-1-4,6-1-3,6-1-5,5-2-1,5-2-1,2420,0,300,-300,0,0,1,1,0,0,0
v2,2023-01-13,小田原競輪,6,Ａ級予選,3620230113010006,1-4-2,1-4-7,3-5-2,7-4-1,7-4-1,10250,0,300,-300,0,0,1,1,0,0,1
v2,2023-01-13,小田原競輪,7,Ａ級初日特選,3620230113010007,4-3-1,4-3-2,5-6-1,3-4-5,3-4-5,1960,0,300,-300,0,1,1,1,0,0,0
v2,2023-01-14,いわき平競輪,6,Ａ級特一般,1320230113020006,5-2-4,5-2-1,5-2-7,5-7-4,5-7-4,4190,0,300,-300,0,1,1,1,1,0,0
v2,2023-01-14,いわき平競輪,7,Ａ級特一般,1320230113020007,2-7-5,2-7-6,4-1-5,1-4-3,1-4-3,1220,0,300,-300,0,1,1,0,0,0,0
v2,2023-01-14,いわき平競輪,8,Ａ級準決勝,1320230113020008,5-1-3,5-1-4,5-1-6,6-2-5,6-2-5,2640,0,300,-300,0,0,1,1,0,0,0
v2,2023-01-14,いわき平競輪,9,Ａ級準決勝,1320230113020009,3-7-1,3-7-6,5-2-1,7-3-1,7-3-1,2100,0,300,-300,0,1,1,0,0,0,1
v2,2023-01-14,いわき平競輪,10,Ａ級準決勝,1320230113020010,1-4-7,1-4-2,1-4-5,5-1-6,5-1-6,171710,0,300,-300,0,0,1,1,0,0,0
v2,2023-01-14,伊東競輪,1,Ａ級予選,3720230114010001,7-3-5,7-3-4,7-3-6,2-1-5,2-1-5,19750,0,300,-300,0,1,1,0,0,0,0
v2,2023-01-14,伊東競輪,2,Ａ級予選,3720230114010002,2-7-6,2-7-3,2-7-5,2-5-7,2-5-7,6950,0,300,-300,0,1,0,1,1,0,1
v2,2023-01-14,伊東競輪,3,Ａ級予選,3720230114010003,3-5-2,3-5-4,6-1-2,6-1-3,6-1-3,1980,0,300,-300,0,1,1,1,1,1,0
v2,2023-01-14,伊東競輪,4,Ａ級予選,3720230114010004,7-4-2,7-4-1,7-4-5,4-7-2,4-7-2,1060,0,300,-300,0,1,1,0,0,0,1
v2,2023-01-14,伊東競輪,5,Ａ級初日特選,3720230114010005,3-4-7,3-4-1,3-4-6,4-6-3,4-6-3,16860,0,300,-300,0,1,0,1,0,0,1
v2,2023-01-14,前橋競輪,5,Ａ級特予選,2220230114010005,2-1-4,3-5-4,7-6-4,4-1-2,4-1-2,6370,0,300,-300,0,0,1,1,0,0,1
v2,2023-01-14,前橋競輪,6,Ａ級特予選,2220230114010006,1-7-5,2-4-5,6-3-5,1-7-3,1-7-3,2730,0,300,-300,0,1,0,1,1,1,0
v2,2023-01-14,前橋競輪,7,Ａ級特予選,2220230114010007,1-2-4,1-2-3,1-2-6,1-2-6,1-2-6,2190,2190,300,1890,1,1,1,0,1,1,1
v2,2023-01-14,前橋競輪,8,Ａ級特予選,2220230114010008,1-2-3,1-2-5,4-6-3,6-4-1,6-4-1,32750,0,300,-300,0,1,1,1,0,0,0
v2,2023-01-14,前橋競輪,9,Ａ級初日特選,2220230114010009,1-2-6,2-1-6,1-2-5,3-4-6,3-4-6,9850,0,300,-300,0,1,1,0,0,0,0
v2,2023-01-14,大垣競輪,6,Ａ級一般,4420230113020006,5-2-6,5-2-4,2-5-6,5-2-4,5-2-4,5000,5000,300,4700,1,1,1,1,1,1,1
v2,2023-01-14,大垣競輪,7,Ａ級一般,4420230113020007,1-5-6,1-5-2,5-1-6,5-3-2,5-3-2,18890,0,300,-300,0,1,1,1,1,0,0
v2,2023-01-14,大垣競輪,8,Ａ級選抜,4420230113020008,3-5-6,3-5-1,3-5-4,1-7-4,1-7-4,5140,0,300,-300,0,0,1,0,0,0,0
v2,2023-01-14,大垣競輪,9,Ａ級選抜,4420230113020009,2-7-1,2-7-6,5-3-1,3-5-7,3-5-7,2550,0,300,-300,0,1,1,1,0,0,0
v2,2023-01-14,大垣競輪,10,Ａ級準決勝,4420230113020010,2-4-6,2-4-1,2-4-7,4-2-6,4-2-6,630,0,300,-300,0,1,1,0,0,0,1
v2,2023-01-14,大垣競輪,11,Ａ級準決勝,4420230113020011,4-1-5,4-1-3,4-1-7,1-4-5,1-4-5,580,0,300,-300,0,1,1,0,0,0,1
v2,2023-01-14,大垣競輪,12,Ａ級準決勝,4420230113020012,3-5-6,3-5-2,3-5-4,1-4-3,1-4-3,11820,0,300,-300,0,1,0,1,0,0,0
v2,2023-01-14,小倉競輪,5,Ａ級特予選,8120230114010005,2-3-5,2-3-6,4-1-5,4-1-5,4-1-5,1770,1770,300,1470,1,1,1,0,1,1,1
v2,2023-01-14,小倉競輪,6,Ａ級特予選,8120230114010006,1-4-2,1-4-5,1-4-7,1-4-2,1-4-2,420,420,300,120,1,1,1,0,1,1,1
v2,2023-01-14,小倉競輪,7,Ａ級特予選,8120230114010007,2-6-7,2-6-3,2-6-4,6-2-4,6-2-4,5250,0,300,-300,0,1,1,0,0,0,1
v2,2023-01-14,小倉競輪,8,Ａ級特予選,8120230114010008,1-3-4,1-3-6,1-3-7,1-7-6,1-7-6,11810,0,300,-300,0,1,0,1,1,0,0
v2,2023-01-14,小倉競輪,9,Ａ級初日特選,8120230114010009,4-7-3,7-4-3,4-7-1,7-4-3,7-4-3,1150,1150,300,850,1,1,1,0,1,1,1
v2,2023-01-14,小田原競輪,1,Ａ級一般,3620230113020001,5-1-3,5-1-6,1-5-3,2-5-6,2-5-6,104320,0,300,-300,0,0,1,1,0,0,0
v2,2023-01-14,小田原競輪,2,Ａ級一般,3620230113020002,2-5-4,5-2-4,2-5-1,2-5-6,2-5-6,3780,0,300,-300,0,1,1,0,1,1,0
v2,2023-01-14,小田原競輪,3,Ａ級選抜,3620230113020003,7-1-4,7-1-2,7-1-6,1-7-6,1-7-6,6740,0,300,-300,0,1,1,0,0,0,1
v2,2023-01-14,小田原競輪,4,Ａ級選抜,3620230113020004,2-7-4,2-7-5,6-1-4,2-7-5,2-7-5,1270,1270,300,970,1,1,1,0,1,1,1
v2,2023-01-14,小田原競輪,5,Ａ級準決勝,3620230113020005,4-1-3,4-1-2,4-5-3,4-7-5,4-7-5,18070,0,300,-300,0,1,1,1,1,0,0
v2,2023-01-14,小田原競輪,6,Ａ級準決勝,3620230113020006,1-5-2,1-5-3,4-7-2,1-5-7,1-5-7,790,0,300,-300,0,1,1,1,1,1,0
v2,2023-01-14,小田原競輪,7,Ａ級準決勝,3620230113020007,5-2-3,5-2-4,7-1-3,1-7-3,1-7-3,1360,0,300,-300,0,1,1,0,0,0,1
