race_date,track,race_no,race_type,race_id,line_forecast,position_top_four,forecast_1,forecast_2,forecast_3,method,data_inputs
2023-01-08,伊東競輪,5,Ａ級特予選,3720230108010005,1-3-6/4-2-5-7,3:2.45|1:2.31|4:2.10|2:2.00,3-1-4,1-3-4,3-1-2,position-only-v1-unchanged-control,"line_formation,line_position,line_size,b_count,s_count"
2023-01-08,伊東競輪,6,Ａ級特予選,3720230108010006,2-5/4-1/6-3-7,2:2.25|5:2.19|3:2.12|6:1.85,2-5-3,5-2-3,2-3-5,position-only-v1-unchanged-control,"line_formation,line_position,line_size,b_count,s_count"
2023-01-08,伊東競輪,7,Ａ級特予選,3720230108010007,3-2/7-1-6/5-4,7:2.54|3:2.40|1:2.39|2:2.11,7-1-3,1-7-3,7-3-1,position-only-v1-unchanged-control,"line_formation,line_position,line_size,b_count,s_count"
2023-01-08,伊東競輪,8,Ａ級特予選,3720230108010008,1-2-4/3-6/5/7,1:2.68|2:2.37|6:1.59|4:1.40,1-2-6,2-1-6,1-2-7,position-only-v1-unchanged-control,"line_formation,line_position,line_size,b_count,s_count"
2023-01-08,伊東競輪,9,Ａ級初日特選,3720230108010009,6-1-4/2-5/3/7,6:2.83|1:2.53|2:2.03|5:1.88,6-1-2,1-6-2,6-1-5,position-only-v1-unchanged-control,"line_formation,line_position,line_size,b_count,s_count"
2023-01-08,別府競輪,1,Ａ級一般,8620230106030001,5-3-1/2/4-6,5:2.33|3:2.13|6:1.55|1:1.28,5-3-6,3-5-6,5-3-4,position-only-v1-unchanged-control,"line_formation,line_position,line_size,b_count,s_count"
2023-01-08,別府競輪,2,Ａ級一般,8620230106030002,5-1-4/6/3-7-2,5:2.04|1:1.98|7:1.68|3:1.58,5-1-7,1-5-7,5-1-3,position-only-v1-unchanged-control,"line_formation,line_position,line_size,b_count,s_count"
2023-01-08,別府競輪,3,Ａ級特選,8620230106030003,3-6-1-4/7-5-2,3:2.71|6:2.33|7:1.95|5:1.92,3-6-7,3-6-5,6-3-7,position-only-v1-unchanged-control,"line_formation,line_position,line_size,b_count,s_count"
2023-01-08,別府競輪,4,Ａ級特選,8620230106030004,1-5/2-7/3-4-6,3:2.65|4:2.41|5:1.83|1:1.72,3-4-5,4-3-5,3-4-1,position-only-v1-unchanged-control,"line_formation,line_position,line_size,b_count,s_count"
2023-01-08,別府競輪,11,Ａ級決勝,8620230106030011,3-5/1-6-2/4-7,1:2.65|6:2.45|5:2.04|7:1.66,1-6-5,6-1-5,1-5-6,position-only-v1-unchanged-control,"line_formation,line_position,line_size,b_count,s_count"
2023-01-08,大垣競輪,5,Ａ級特一般,4420230106030005,1/2-7/3/4-6/5,2:2.22|7:2.11|6:1.83|4:1.59,2-7-6,7-2-6,2-7-4,position-only-v1-unchanged-control,"line_formation,line_position,line_size,b_count,s_count"
2023-01-08,大垣競輪,6,Ａ級特一般,4420230106030006,1-4-7/2/5-3-6,5:2.65|3:2.37|4:2.27|1:2.17,5-3-4,5-3-1,3-5-4,position-only-v1-unchanged-control,"line_formation,line_position,line_size,b_count,s_count"
2023-01-08,大垣競輪,7,Ａ級特選,4420230106030007,2-6/3-5/7-4-1,3:2.63|5:2.53|4:1.96|2:1.95,3-5-4,3-5-2,5-3-4,position-only-v1-unchanged-control,"line_formation,line_position,line_size,b_count,s_count"
2023-01-08,大垣競輪,8,Ａ級特選,4420230106030008,7-1-2/6/3-5-4,7:2.65|1:2.45|6:1.65|5:1.61,7-1-6,7-1-5,1-7-6,position-only-v1-unchanged-control,"line_formation,line_position,line_size,b_count,s_count"
2023-01-08,大垣競輪,11,Ａ級決勝,4420230106030011,1-5-6/2/3-7-4,7:1.97|3:1.86|5:1.59|1:1.27,7-3-5,3-7-5,7-5-3,position-only-v1-unchanged-control,"line_formation,line_position,line_size,b_count,s_count"
2023-01-08,奈良競輪,1,Ａ級予選,5320230108010001,7-1/2-4/3-5-6,2:2.75|4:2.37|5:2.13|3:2.06,2-4-5,2-4-3,4-2-5,position-only-v1-unchanged-control,"line_formation,line_position,line_size,b_count,s_count"
2023-01-08,奈良競輪,2,Ａ級予選,5320230108010002,1-4-6/7-2/3-5,1:2.68|4:2.33|3:2.06|5:2.00,1-4-3,1-4-5,4-1-3,position-only-v1-unchanged-control,"line_formation,line_position,line_size,b_count,s_count"
2023-01-08,奈良競輪,3,Ａ級予選,5320230108010003,1-7-6-2/5-3-4,1:2.80|5:2.75|7:2.45|3:2.33,1-5-7,1-7-5,5-1-7,position-only-v1-unchanged-control,"line_formation,line_position,line_size,b_count,s_count"
2023-01-08,奈良競輪,4,Ａ級予選,5320230108010004,7-1-4/3/6/5-2,7:2.88|1:2.37|5:2.17|2:2.11,7-1-5,7-1-2,1-7-5,position-only-v1-unchanged-control,"line_formation,line_position,line_size,b_count,s_count"
2023-01-08,奈良競輪,5,Ａ級初日特選,5320230108010005,5-1/6-4-2/3-7,5:2.29|6:2.27|4:2.19|1:2.17,6-4-5,5-1-6,4-6-5,position-only-v1-unchanged-control,"line_formation,line_position,line_size,b_count,s_count"
2023-01-08,小松島競輪,5,Ａ級特予選,7320230108010005,5-1-6-7/2-3-4,2:2.65|5:2.63|1:2.33|3:2.33,2-3-5,2-5-1,2-5-3,position-only-v1-unchanged-control,"line_formation,line_position,line_size,b_count,s_count"
2023-01-08,小松島競輪,6,Ａ級特予選,7320230108010006,4-1-6/2-7/5-3,4:2.59|1:2.35|3:1.81|7:1.79,4-1-3,4-1-5,4-1-7,position-only-v1-unchanged-control,"line_formation,line_position,line_size,b_count,s_count"
2023-01-08,小松島競輪,7,Ａ級特予選,7320230108010007,5-1-6/2-3-4/7,5:2.80|1:2.37|2:2.31|3:2.13,5-1-2,5-2-1,1-5-2,position-only-v1-unchanged-control,"line_formation,line_position,line_size,b_count,s_count"
2023-01-08,小松島競輪,8,Ａ級特予選,7320230108010008,3-1-5/6-2/7-4,6:2.88|2:2.61|7:2.31|4:2.25,6-2-7,6-2-4,6-2-3,position-only-v1-unchanged-control,"line_formation,line_position,line_size,b_count,s_count"
2023-01-08,小松島競輪,9,Ａ級初日特選,7320230108010009,5-1-6/2-3/7-4,5:2.80|1:2.45|7:2.19|4:2.19,5-1-7,5-1-4,1-5-7,position-only-v1-unchanged-control,"line_formation,line_position,line_size,b_count,s_count"
2023-01-08,平塚競輪,5,Ａ級一般,3520230106030005,2/4/3-1-5-6,1:1.81|3:1.76|5:1.08|4:0.89,1-3-5,3-1-5,1-3-4,position-only-v1-unchanged-control,"line_formation,line_position,line_size,b_count,s_count"
2023-01-08,平塚競輪,6,Ａ級一般,3520230106030006,1-5-6/3-2/4,5:1.66|2:1.55|1:1.52|3:1.27,5-1-2,1-5-2,5-2-1,position-only-v1-unchanged-control,"line_formation,line_position,line_size,b_count,s_count"
2023-01-08,平塚競輪,7,Ａ級一般,3520230106030007,4-1/5-3/7-6-2,7:1.99|6:1.94|3:1.61|1:1.59,7-6-3,6-7-3,7-6-1,position-only-v1-unchanged-control,"line_formation,line_position,line_size,b_count,s_count"
2023-01-08,平塚競輪,8,Ａ級特選,3520230106030008,5-2/1-7-6/4-3,5:2.25|2:2.11|7:1.92|1:1.85,5-2-7,2-5-7,5-2-1,position-only-v1-unchanged-control,"line_formation,line_position,line_size,b_count,s_count"
2023-01-08,平塚競輪,9,Ａ級特選,3520230106030009,7-2/4-1/6-3/5,6:2.02|3:1.98|1:1.66|2:1.59,6-3-1,3-6-1,6-3-2,position-only-v1-unchanged-control,"line_formation,line_position,line_size,b_count,s_count"
2023-01-08,平塚競輪,10,Ａ級特選,3520230106030010,7-1-5/2-4/6-3,7:2.78|2:2.50|1:2.37|4:2.20,7-1-2,7-2-1,1-7-2,position-only-v1-unchanged-control,"line_formation,line_position,line_size,b_count,s_count"
2023-01-08,平塚競輪,12,Ａ級決勝,3520230106030012,1-5/2/6/7-3-4,1:2.88|7:2.65|3:2.41|5:2.33,1-7-3,1-7-5,1-5-7,position-only-v1-unchanged-control,"line_formation,line_position,line_size,b_count,s_count"
2023-01-08,西武園競輪,1,Ａ級予選,2620230108010001,7-1-4/2-6/3-5,7:2.63|1:2.37|3:2.04|5:1.94,7-1-3,7-1-5,1-7-3,position-only-v1-unchanged-control,"line_formation,line_position,line_size,b_count,s_count"
2023-01-08,西武園競輪,2,Ａ級予選,2620230108010002,1-7-4/2-5/6-3,6:2.40|3:2.36|1:2.18|7:2.04,6-3-1,3-6-1,6-3-7,position-only-v1-unchanged-control,"line_formation,line_position,line_size,b_count,s_count"
2023-01-08,西武園競輪,3,Ａ級予選,2620230108010003,3-6/5-2/1-7-4,1:2.63|7:2.33|6:2.05|2:1.93,1-7-6,1-7-2,7-1-6,position-only-v1-unchanged-control,"line_formation,line_position,line_size,b_count,s_count"
2023-01-08,西武園競輪,4,Ａ級予選,2620230108010004,2-4-3/1-5-7/6,2:2.88|4:2.53|5:1.72|1:1.48,2-4-5,4-2-5,2-4-1,position-only-v1-unchanged-control,"line_formation,line_position,line_size,b_count,s_count"
2023-01-08,西武園競輪,5,Ａ級初日特選,2620230108010005,1-5/4-2/6/3-7,3:2.62|7:2.27|5:1.85|1:1.78,3-7-5,3-7-1,7-3-5,position-only-v1-unchanged-control,"line_formation,line_position,line_size,b_count,s_count"
2023-01-08,豊橋競輪,1,Ａ級一般,4520230107020001,1-6/4-7-2/3-5,4:2.88|1:2.54|7:2.37|6:2.17,4-7-1,4-1-7,1-4-7,position-only-v1-unchanged-control,"line_formation,line_position,line_size,b_count,s_count"
2023-01-08,豊橋競輪,2,Ａ級一般,4520230107020002,5-3/1-4/6/7-2,5:2.88|3:2.49|4:1.83|2:1.75,5-3-4,5-3-2,3-5-4,position-only-v1-unchanged-control,"line_formation,line_position,line_size,b_count,s_count"
2023-01-08,豊橋競輪,3,Ａ級準決勝,4520230107020003,1-4-6/2/7-3-5,1:2.85|4:2.61|2:2.11|3:1.93,1-4-2,4-1-2,1-4-3,position-only-v1-unchanged-control,"line_formation,line_position,line_size,b_count,s_count"
2023-01-08,豊橋競輪,4,Ａ級準決勝,4520230107020004,4-3-1/6/7-5-2,7:2.64|3:2.44|5:2.43|4:2.40,7-5-3,7-5-4,5-7-3,position-only-v1-unchanged-control,"line_formation,line_position,line_size,b_count,s_count"
2023-01-08,豊橋競輪,5,Ａ級準決勝,4520230107020005,5-4-1/7-2/6-3,5:2.68|4:2.37|2:2.35|7:2.25,5-4-2,5-4-7,4-5-2,position-only-v1-unchanged-control,"line_formation,line_position,line_size,b_count,s_count"
2023-01-09,伊東競輪,5,Ａ級特一般,3720230108020005,3-1-6/5/7-4-2,7:2.73|4:2.49|3:2.10|1:2.04,7-4-3,7-4-1,4-7-3,position-only-v1-unchanged-control,"line_formation,line_position,line_size,b_count,s_count"
2023-01-09,伊東競輪,6,Ａ級特一般,3720230108020006,1-7-2/3/6-4-5,6:2.54|4:2.31|1:2.25|7:2.07,6-4-1,4-6-1,6-1-4,position-only-v1-unchanged-control,"line_formation,line_position,line_size,b_count,s_count"
2023-01-09,伊東競輪,7,Ａ級準決勝,3720230108020007,1-4-6/5/3-2-7,3:2.68|2:2.33|4:2.00|1:1.55,3-2-4,2-3-4,3-4-2,position-only-v1-unchanged-control,"line_formation,line_position,line_size,b_count,s_count"
2023-01-09,伊東競輪,8,Ａ級準決勝,3720230108020008,1-4/5/6/7-2-3,1:2.03|4:1.92|2:1.88|7:1.85,1-4-2,1-4-7,4-1-2,position-only-v1-unchanged-control,"line_formation,line_position,line_size,b_count,s_count"
2023-01-09,伊東競輪,9,Ａ級準決勝,3720230108020009,4-1-6/2-3-5/7,2:2.83|3:2.49|1:2.33|4:2.31,2-3-1,2-3-4,3-2-1,position-only-v1-unchanged-control,"line_formation,line_position,line_size,b_count,s_count"
2023-01-09,奈良競輪,1,Ａ級一般,5320230108020001,4-1-6/5-2-3,1:2.13|4:2.06|5:2.06|2:2.04,1-4-5,1-4-2,4-1-5,position-only-v1-unchanged-control,"line_formation,line_position,line_size,b_count,s_count"
2023-01-09,奈良競輪,2,Ａ級一般,5320230108020002,1-5-3/2-4-7/6,1:2.75|5:2.41|2:2.17|4:2.11,1-5-2,1-5-4,5-1-2,position-only-v1-unchanged-control,"line_formation,line_position,line_size,b_count,s_count"
2023-01-09,奈良競輪,3,Ａ級準決勝,5320230108020003,1-7-5/4-2/3-6,4:2.29|1:2.27|7:2.19|2:2.17,1-7-4,4-2-1,7-1-4,position-only-v1-unchanged-control,"line_formation,line_position,line_size,b_count,s_count"
2023-01-09,奈良競輪,4,Ａ級準決勝,5320230108020004,1-7/5-2-6/4/3,5:2.68|2:2.37|3:2.15|7:1.66,5-2-3,2-5-3,5-3-2,position-only-v1-unchanged-control,"line_formation,line_position,line_size,b_count,s_count"
2023-01-09,奈良競輪,5,Ａ級準決勝,5320230108020005,1-5-7/3/4/6-2,1:2.88|6:2.75|2:2.45|5:2.37,1-6-2,6-1-2,1-6-5,position-only-v1-unchanged-control,"line_formation,line_position,line_size,b_count,s_count"
2023-01-09,小倉競輪,8,Ａ級特予選,8120230109010008,1-7-4/6-2/5-3,5:2.68|3:2.53|2:2.21|6:2.16,5-3-2,5-3-6,3-5-2,position-only-v1-unchanged-control,"line_formation,line_position,line_size,b_count,s_count"
2023-01-09,小倉競輪,9,Ａ級特予選,8120230109010009,7-1/3-4/5-2-6,5:2.68|2:2.33|4:1.72|1:1.61,5-2-4,5-2-1,2-5-4,position-only-v1-unchanged-control,"line_formation,line_position,line_size,b_count,s_count"
2023-01-09,小倉競輪,10,Ａ級特予選,8120230109010010,7-1-5/2-4/6-3,3:2.17|6:2.08|7:2.08|1:2.04,3-6-7,6-3-7,3-6-1,position-only-v1-unchanged-control,"line_formation,line_position,line_size,b_count,s_count"
2023-01-09,小倉競輪,11,Ａ級特予選,8120230109010011,1-7-4/2-5-3/6,7:2.35|1:2.25|5:1.70|2:1.36,7-1-5,1-7-5,7-1-2,position-only-v1-unchanged-control,"line_formation,line_position,line_size,b_count,s_count"
2023-01-09,小倉競輪,12,Ａ級初日特選,8120230109010012,7-1-3-5/2-4/6,7:2.55|1:2.28|4:1.61|2:1.42,7-1-4,1-7-4,7-1-2,position-only-v1-unchanged-control,"line_formation,line_position,line_size,b_count,s_count"
2023-01-09,小松島競輪,5,Ａ級特一般,7320230108020005,5-1-2/3-4-7/6,5:2.88|1:2.33|4:1.81|3:1.78,5-1-4,5-1-3,1-5-4,position-only-v1-unchanged-control,"line_formation,line_position,line_size,b_count,s_count"
2023-01-09,小松島競輪,6,Ａ級特一般,7320230108020006,2-1-3/4-5-6/7,4:2.80|5:2.41|2:2.22|1:2.07,4-5-2,4-5-1,5-4-2,position-only-v1-unchanged-control,"line_formation,line_position,line_size,b_count,s_count"
2023-01-09,小松島競輪,7,Ａ級準決勝,7320230108020007,2-6-3/1/5-4-7,2:2.80|6:2.61|5:2.31|4:2.13,2-6-5,6-2-5,2-6-4,position-only-v1-unchanged-control,"line_formation,line_position,line_size,b_count,s_count"
2023-01-09,小松島競輪,8,Ａ級準決勝,7320230108020008,4-1/2-3/6-5/7,4:2.65|6:2.59|1:2.45|5:2.27,4-1-6,4-6-1,1-4-6,position-only-v1-unchanged-control,"line_formation,line_position,line_size,b_count,s_count"
2023-01-09,小松島競輪,9,Ａ級準決勝,7320230108020009,1-4/6-3-7/5-2,6:2.63|3:2.41|1:1.94|4:1.94,6-3-1,6-3-4,6-3-2,position-only-v1-unchanged-control,"line_formation,line_position,line_size,b_count,s_count"
2023-01-09,西武園競輪,1,Ａ級一般,2620230108020001,1-6/2-5/7-3-4,2:2.40|5:2.32|6:1.72|3:1.68,2-5-6,5-2-6,2-5-3,position-only-v1-unchanged-control,"line_formation,line_position,line_size,b_count,s_count"
2023-01-09,西武園競輪,2,Ａ級一般,2620230108020002,7-1/2-6/5/4-3,2:2.04|6:1.94|3:1.93|4:1.73,2-6-3,6-2-3,2-3-6,position-only-v1-unchanged-control,"line_formation,line_position,line_size,b_count,s_count"
2023-01-09,西武園競輪,3,Ａ級準決勝,2620230108020003,2-4-6/3/5-7-1,2:2.62|4:2.31|7:2.21|5:2.18,2-4-7,2-4-5,4-2-7,position-only-v1-unchanged-control,"line_formation,line_position,line_size,b_count,s_count"
2023-01-09,西武園競輪,4,Ａ級準決勝,2620230108020004,4-1/5-3/2-7-6,4:2.88|2:2.63|7:2.37|1:2.33,4-2-7,4-1-2,4-2-1,position-only-v1-unchanged-control,"line_formation,line_position,line_size,b_count,s_count"
2023-01-09,西武園競輪,5,Ａ級準決勝,2620230108020005,1-4-6/2-7/3-5,3:2.63|5:2.53|4:1.81|1:1.78,3-5-4,3-5-1,5-3-4,position-only-v1-unchanged-control,"line_formation,line_position,line_size,b_count,s_count"
2023-01-09,豊橋競輪,1,Ａ級一般,4520230107030001,1-5-4/3/7-2-6,1:2.88|5:2.49|7:2.10|2:2.04,1-5-7,1-5-2,5-1-7,position-only-v1-unchanged-control,"line_formation,line_position,line_size,b_count,s_count"
2023-01-09,豊橋競輪,2,Ａ級一般,4520230107030002,1-5-6/4-2/3-7,1:2.88|5:2.37|3:2.08|7:2.04,1-5-3,1-5-7,1-5-2,position-only-v1-unchanged-control,"line_formation,line_position,line_size,b_count,s_count"
2023-01-09,豊橋競輪,3,Ａ級特選,4520230107030003,5-2/7-4-1/6-3,5:2.78|2:2.73|7:2.40|4:2.28,5-2-7,2-5-7,5-2-4,position-only-v1-unchanged-control,"line_formation,line_position,line_size,b_count,s_count"
2023-01-09,豊橋競輪,4,Ａ級特選,4520230107030004,4-1-6/5-2-7/3,4:2.85|1:2.61|2:1.83|5:1.62,4-1-2,1-4-2,4-1-5,position-only-v1-unchanged-control,"line_formation,line_position,line_size,b_count,s_count"
2023-01-09,豊橋競輪,10,Ａ級決勝,4520230107030010,2-5-6-1/3-7/4,2:2.68|3:2.64|5:2.53|7:2.43,2-5-3,5-2-3,2-3-5,position-only-v1-unchanged-control,"line_formation,line_position,line_size,b_count,s_count"
2023-01-10,伊東競輪,4,Ａ級特一般,3720230108030004,2-6/1/5-3-4,5:2.54|3:2.43|2:2.10|6:2.00,5-3-2,3-5-2,5-3-6,position-only-v1-unchanged-control,"line_formation,line_position,line_size,b_count,s_count"
2023-01-10,伊東競輪,5,Ａ級特一般,3720230108030005,4-2/1/6-3-5/7,6:2.73|3:2.37|2:1.55|5:1.40,6-3-2,3-6-2,6-3-7,position-only-v1-unchanged-control,"line_formation,line_position,line_size,b_count,s_count"
2023-01-10,伊東競輪,6,Ａ級特選,3720230108030006,1-5/4-3/6-2-7,1:2.83|5:2.41|4:2.25|3:2.11,1-5-4,1-5-3,5-1-4,position-only-v1-unchanged-control,"line_formation,line_position,line_size,b_count,s_count"
2023-01-10,伊東競輪,7,Ａ級特選,3720230108030007,1-2-4/6-3-5/7,3:2.38|6:2.36|1:2.03|2:1.88,3-6-1,6-3-1,3-6-2,position-only-v1-unchanged-control,"line_formation,line_position,line_size,b_count,s_count"
2023-01-10,伊東競輪,9,Ａ級決勝,3720230108030009,6-1-3/2-4/5-7,5:2.68|7:2.37|1:2.33|6:2.31,5-7-1,5-7-6,7-5-1,position-only-v1-unchanged-control,"line_formation,line_position,line_size,b_count,s_count"
2023-01-10,奈良競輪,1,Ａ級一般,5320230108030001,1-4-2/3-5-6,1:2.29|3:2.17|4:2.13|5:2.11,1-4-3,1-4-5,4-1-3,position-only-v1-unchanged-control,"line_formation,line_position,line_size,b_count,s_count"
2023-01-10,奈良競輪,2,Ａ級一般,5320230108030002,3-4-5/1/2-7-6,3:2.75|4:2.53|2:2.06|7:2.04,3-4-2,3-4-7,4-3-2,position-only-v1-unchanged-control,"line_formation,line_position,line_size,b_count,s_count"
2023-01-10,奈良競輪,3,Ａ級特選,5320230108030003,7-1-6/3/5/4-2,7:2.68|1:2.33|2:1.66|4:1.44,7-1-2,1-7-2,7-1-4,position-only-v1-unchanged-control,"line_formation,line_position,line_size,b_count,s_count"
2023-01-10,奈良競輪,4,Ａ級特選,5320230108030004,7-1-4/3/5/6-2,6:2.08|7:2.06|1:2.04|2:1.88,7-1-6,1-7-6,6-7-1,position-only-v1-unchanged-control,"line_formation,line_position,line_size,b_count,s_count"
2023-01-10,奈良競輪,11,Ａ級決勝,5320230108030011,1/2-6/4-3/5/7,2:2.80|6:2.53|1:2.27|4:2.27,2-6-1,2-6-4,2-6-3,position-only-v1-unchanged-control,"line_formation,line_position,line_size,b_count,s_count"
2023-01-10,小倉競輪,8,Ａ級特一般,8120230109020008,7-1/2/5-3/4-6,7:2.68|1:2.33|3:2.01|5:1.71,7-1-3,1-7-3,7-3-1,position-only-v1-unchanged-control,"line_formation,line_position,line_size,b_count,s_count"
2023-01-10,小倉競輪,9,Ａ級特一般,8120230109020009,7-1-4-6/2/3-5,3:2.16|1:2.13|5:2.13|7:2.08,3-5-1,5-3-1,3-5-7,position-only-v1-unchanged-control,"line_formation,line_position,line_size,b_count,s_count"
2023-01-10,小倉競輪,10,Ａ級準決勝,8120230109020010,7-1-5-3/4-2-6,4:2.68|2:2.41|7:2.25|1:2.15,4-2-7,4-2-1,2-4-7,position-only-v1-unchanged-control,"line_formation,line_position,line_size,b_count,s_count"
2023-01-10,小倉競輪,11,Ａ級準決勝,8120230109020011,7-1-4/5-3-2/6,1:1.70|3:1.61|5:1.36|7:1.36,1-7-3,1-3-5,1-3-7,position-only-v1-unchanged-control,"line_formation,line_position,line_size,b_count,s_count"
2023-01-10,小倉競輪,12,Ａ級準決勝,8120230109020012,1-7-4/5-2/6-3,1:2.55|7:2.24|6:2.08|3:2.00,1-7-6,1-7-3,7-1-6,position-only-v1-unchanged-control,"line_formation,line_position,line_size,b_count,s_count"
2023-01-10,小松島競輪,4,Ａ級特一般,7320230108030004,3-5-1/7/6-2-4,3:2.88|5:2.41|6:2.31|2:2.13,3-5-6,3-6-5,3-5-2,position-only-v1-unchanged-control,"line_formation,line_position,line_size,b_count,s_count"
2023-01-10,小松島競輪,5,Ａ級特一般,7320230108030005,6-1-3/2-7/4-5,6:2.80|1:2.33|7:1.85|5:1.81,6-1-7,6-1-5,6-1-2,position-only-v1-unchanged-control,"line_formation,line_position,line_size,b_count,s_count"
2023-01-10,小松島競輪,6,Ａ級特選,7320230108030006,4-1/3-6-2/5-7,4:2.65|1:2.41|3:2.31|6:2.13,4-1-3,1-4-3,4-3-1,position-only-v1-unchanged-control,"line_formation,line_position,line_size,b_count,s_count"
2023-01-10,小松島競輪,7,Ａ級特選,7320230108030007,2-1/7-3-5/6-4,7:2.59|3:2.27|6:2.22|2:2.19,7-3-6,7-3-2,7-3-1,position-only-v1-unchanged-control,"line_formation,line_position,line_size,b_count,s_count"
2023-01-10,小松島競輪,9,Ａ級決勝,7320230108030009,2-6-3/1/4-5-7,4:2.80|5:2.37|2:1.94|6:1.94,4-5-2,4-5-6,5-4-2,position-only-v1-unchanged-control,"line_formation,line_position,line_size,b_count,s_count"
2023-01-10,松山競輪,8,Ａ級特予選,7520230110010008,1-5-3/6-2-4,1:2.78|5:2.37|2:1.61|6:1.47,1-5-2,1-5-6,5-1-2,position-only-v1-unchanged-control,"line_formation,line_position,line_size,b_count,s_count"
2023-01-10,松山競輪,9,Ａ級特予選,7520230110010009,1-4-7/5/6-2-3,6:2.63|2:2.57|1:2.40|4:2.31,6-2-1,2-6-1,6-2-4,position-only-v1-unchanged-control,"line_formation,line_position,line_size,b_count,s_count"
2023-01-10,松山競輪,10,Ａ級特予選,7520230110010010,1-5-7/3/2-4-6,1:1.89|5:1.85|4:1.68|2:1.60,1-5-4,5-1-4,1-5-2,position-only-v1-unchanged-control,"line_formation,line_position,line_size,b_count,s_count"
2023-01-10,松山競輪,11,Ａ級特予選,7520230110010011,2-5/4-1-6/3-7,4:2.63|1:2.33|5:1.85|2:1.78,4-1-5,4-1-2,1-4-5,position-only-v1-unchanged-control,"line_formation,line_position,line_size,b_count,s_count"
2023-01-10,松山競輪,12,Ａ級初日特選,7520230110010012,5-1-3/7-2/6-4,6:2.75|5:2.63|4:2.53|1:2.41,6-4-5,6-5-4,4-6-5,position-only-v1-unchanged-control,"line_formation,line_position,line_size,b_count,s_count"
2023-01-10,西武園競輪,1,Ａ級一般,2620230108030001,1-7-6/4-2/5-3,3:1.72|2:1.68|7:1.63|4:1.48,3-2-7,2-3-7,3-7-2,position-only-v1-unchanged-control,"line_formation,line_position,line_size,b_count,s_count"
2023-01-10,西武園競輪,2,Ａ級一般,2620230108030002,7/3-6/1/5-2-4,5:2.40|2:2.36|6:1.72|3:1.63,5-2-6,2-5-6,5-2-3,position-only-v1-unchanged-control,"line_formation,line_position,line_size,b_count,s_count"
2023-01-10,西武園競輪,3,Ａ級特選,2620230108030003,7-1-4/6-3-5-2,6:2.63|3:2.53|1:2.32|7:2.18,6-3-1,3-6-1,6-3-7,position-only-v1-unchanged-control,"line_formation,line_position,line_size,b_count,s_count"
2023-01-10,西武園競輪,4,Ａ級特選,2620230108030004,1-5-6/2/3-7-4,1:2.88|5:2.33|7:2.10|3:2.04,1-5-7,1-5-3,5-1-7,position-only-v1-unchanged-control,"line_formation,line_position,line_size,b_count,s_count"
2023-01-10,西武園競輪,10,Ａ級決勝,2620230108030010,6-4-1/2/5/7-3,6:2.63|4:2.45|5:1.95|3:1.68,6-4-5,4-6-5,6-4-3,position-only-v1-unchanged-control,"line_formation,line_position,line_size,b_count,s_count"
2023-01-11,久留米競輪,1,Ａ級予選,8320230111010001,7-1/3-5/4-2-6,4:2.56|2:2.43|7:1.96|1:1.89,4-2-7,2-4-7,4-2-1,position-only-v1-unchanged-control,"line_formation,line_position,line_size,b_count,s_count"
2023-01-11,久留米競輪,2,Ａ級予選,8320230111010002,1-7/4-3/6-2-5,6:2.54|2:2.33|3:2.00|4:1.83,6-2-3,2-6-3,6-2-4,position-only-v1-unchanged-control,"line_formation,line_position,line_size,b_count,s_count"
2023-01-11,久留米競輪,3,Ａ級予選,8320230111010003,2-6/4-1/7-3-5,7:2.71|3:2.33|1:1.68|6:1.61,7-3-1,7-3-6,7-3-2,position-only-v1-unchanged-control,"line_formation,line_position,line_size,b_count,s_count"
2023-01-11,久留米競輪,4,Ａ級予選,8320230111010004,2-4-6/1/5-3-7,3:2.08|5:1.90|4:1.72|2:1.50,3-5-4,5-3-4,3-4-5,position-only-v1-unchanged-control,"line_formation,line_position,line_size,b_count,s_count"
2023-01-11,久留米競輪,5,Ａ級初日特選,8320230111010005,3-4-6/5/7-2-1,2:1.79|4:1.73|7:1.70|3:1.52,2-7-4,7-2-4,2-4-7,position-only-v1-unchanged-control,"line_formation,line_position,line_size,b_count,s_count"
2023-01-11,京王閣競輪,5,Ａ級特予選,2720230111010005,7-5/3-1/6-2-4,7:2.08|5:1.88|2:1.85|6:1.76,7-5-2,5-7-2,7-5-6,position-only-v1-unchanged-control,"line_formation,line_position,line_size,b_count,s_count"
2023-01-11,京王閣競輪,6,Ａ級特予選,2720230111010006,1-6/3-2/4-5-7,3:2.25|2:2.23|4:1.90|5:1.88,3-2-4,2-3-4,3-2-5,position-only-v1-unchanged-control,"line_formation,line_position,line_size,b_count,s_count"
2023-01-11,京王閣競輪,7,Ａ級特予選,2720230111010007,1-6-3/2-5/7-4,7:2.54|6:2.17|4:2.13|1:2.13,7-4-6,7-4-1,7-6-4,position-only-v1-unchanged-control,"line_formation,line_position,line_size,b_count,s_count"
2023-01-11,京王閣競輪,8,Ａ級特予選,2720230111010008,1-2-3/5-4/6-7,1:2.83|2:2.41|4:2.06|6:2.06,1-2-4,1-2-6,1-2-7,position-only-v1-unchanged-control,"line_formation,line_position,line_size,b_count,s_count"
2023-01-11,京王閣競輪,9,Ａ級初日特選,2720230111010009,7-1-5/4-2/6-3,7:2.75|1:2.49|2:1.90|3:1.75,7-1-2,1-7-2,7-1-3,position-only-v1-unchanged-control,"line_formation,line_position,line_size,b_count,s_count"
2023-01-11,名古屋競輪,5,Ａ級特予選,4220230111010005,1-2-3/4-5/7-6,1:2.29|2:2.15|7:1.99|6:1.98,1-2-7,1-2-6,1-2-5,position-only-v1-unchanged-control,"line_formation,line_position,line_size,b_count,s_count"
2023-01-11,名古屋競輪,6,Ａ級特予選,4220230111010006,1-2-7/5-3/4-6,1:2.26|2:2.08|3:1.89|6:1.83,1-2-3,1-2-6,2-1-3,position-only-v1-unchanged-control,"line_formation,line_position,line_size,b_count,s_count"
2023-01-11,名古屋競輪,7,Ａ級特予選,4220230111010007,1-4-6/7/3-2-5,1:2.88|4:2.57|2:1.85|3:1.71,1-4-2,4-1-2,1-4-3,position-only-v1-unchanged-control,"line_formation,line_position,line_size,b_count,s_count"
2023-01-11,名古屋競輪,8,Ａ級特予選,4220230111010008,1-2-6/5/4-3-7,1:2.68|4:2.39|2:2.33|3:2.21,1-2-4,1-4-2,2-1-4,position-only-v1-unchanged-control,"line_formation,line_position,line_size,b_count,s_count"
2023-01-11,名古屋競輪,9,Ａ級初日特選,4220230111010009,4-2-7/1/3/5-6,4:2.40|2:2.20|6:1.98|5:1.96,4-2-6,4-2-5,2-4-6,position-only-v1-unchanged-control,"line_formation,line_position,line_size,b_count,s_count"
2023-01-11,宇都宮競輪,1,Ａ級予選,2420230111010001,1-7-4-3/5-2/6,1:2.80|7:2.33|2:2.21|5:2.08,1-7-2,1-7-5,1-2-7,position-only-v1-unchanged-control,"line_formation,line_position,line_size,b_count,s_count"
2023-01-11,宇都宮競輪,2,Ａ級予選,2420230111010002,1-7-5/6/3-2-4,1:2.80|7:2.33|3:2.17|2:2.15,1-7-3,1-7-2,7-1-3,position-only-v1-unchanged-control,"line_formation,line_position,line_size,b_count,s_count"
2023-01-11,宇都宮競輪,3,Ａ級予選,2420230111010003,1-6/5-3/7-4-2,7:2.78|4:2.41|6:1.68|3:1.59,7-4-6,7-4-3,4-7-6,position-only-v1-unchanged-control,"line_formation,line_position,line_size,b_count,s_count"
2023-01-11,宇都宮競輪,4,Ａ級予選,2420230111010004,5-1-6-4/2-7-3,5:2.65|1:2.45|7:2.05|2:1.71,5-1-7,1-5-7,5-7-1,position-only-v1-unchanged-control,"line_formation,line_position,line_size,b_count,s_count"
2023-01-11,宇都宮競輪,5,Ａ級初日特選,2420230111010005,5-3-4/1/7-6-2,7:2.73|5:2.65|6:2.45|3:2.37,7-6-5,7-5-6,5-7-6,position-only-v1-unchanged-control,"line_formation,line_position,line_size,b_count,s_count"
2023-01-11,小倉競輪,6,Ａ級特一般,8120230109030006,1-5-6/2-4/3,4:2.21|2:2.16|5:1.61|1:1.36,4-2-5,2-4-5,4-2-1,position-only-v1-unchanged-control,"line_formation,line_position,line_size,b_count,s_count"
2023-01-11,小倉競輪,7,Ａ級特一般,8120230109030007,7-1/3/2-6/4-5,5:2.17|4:2.08|1:1.89|7:1.71,5-4-1,4-5-1,5-4-7,position-only-v1-unchanged-control,"line_formation,line_position,line_size,b_count,s_count"
2023-01-11,小倉競輪,8,Ａ級特選,8120230109030008,1-7/4/2-5/3-6,1:2.68|3:2.68|7:2.37|6:2.33,1-3-7,3-1-7,1-7-3,position-only-v1-unchanged-control,"line_formation,line_position,line_size,b_count,s_count"
2023-01-11,小倉競輪,9,Ａ級特選,8120230109030009,1-7-3/2-6/4-5,5:2.21|4:2.13|1:2.08|7:2.00,5-4-1,4-5-1,5-4-7,position-only-v1-unchanged-control,"line_formation,line_position,line_size,b_count,s_count"
2023-01-11,小倉競輪,12,Ａ級決勝,8120230109030012,1-7/3/6-5-2/4,1:2.55|7:2.28|6:2.25|5:2.11,1-7-6,7-1-6,1-7-5,position-only-v1-unchanged-control,"line_formation,line_position,line_size,b_count,s_count"
2023-01-11,松山競輪,8,Ａ級特一般,7520230110020008,3-5-1/4-2-6,5:1.93|3:1.89|2:1.70|4:1.39,5-3-2,3-5-2,5-2-3,position-only-v1-unchanged-control,"line_formation,line_position,line_size,b_count,s_count"
2023-01-11,松山競輪,9,Ａ級特一般,7520230110020009,2-4-6/1/5-3-7,2:2.63|4:2.37|3:1.55|5:1.40,2-4-3,4-2-3,2-4-5,position-only-v1-unchanged-control,"line_formation,line_position,line_size,b_count,s_count"
2023-01-11,松山競輪,10,Ａ級準決勝,7520230110020010,4-2/5-1-6/7-3,7:2.78|5:2.75|3:2.57|1:2.53,7-3-5,7-5-3,5-7-3,position-only-v1-unchanged-control,"line_formation,line_position,line_size,b_count,s_count"
2023-01-11,松山競輪,11,Ａ級準決勝,7520230110020011,4-1/7/3/2-5-6,2:2.63|5:2.57|4:2.40|1:2.19,2-5-4,5-2-4,2-4-5,position-only-v1-unchanged-control,"line_formation,line_position,line_size,b_count,s_count"
2023-01-11,松山競輪,12,Ａ級準決勝,7520230110020012,1-7-5/6-2/3-4,1:2.63|7:2.37|4:1.79|3:1.70,1-7-4,1-7-3,7-1-4,position-only-v1-unchanged-control,"line_formation,line_position,line_size,b_count,s_count"
2023-01-12,久留米競輪,1,Ａ級一般,8320230111020001,7-1-4/2/3-6-5,1:1.81|6:1.68|7:1.56|3:1.50,1-7-6,1-6-7,7-1-6,position-only-v1-unchanged-control,"line_formation,line_position,line_size,b_count,s_count"
2023-01-12,久留米競輪,2,Ａ級一般,8320230111020002,1-7-5/2-6/4-3,4:1.90|3:1.88|7:1.72|6:1.55,4-3-7,3-4-7,4-3-6,position-only-v1-unchanged-control,"line_formation,line_position,line_size,b_count,s_count"
2023-01-12,久留米競輪,3,Ａ級準決勝,8320230111020003,1-7/5-2/3-4-6,3:2.56|4:2.43|5:1.96|2:1.81,3-4-5,4-3-5,3-4-2,position-only-v1-unchanged-control,"line_formation,line_position,line_size,b_count,s_count"
2023-01-12,久留米競輪,4,Ａ級準決勝,8320230111020004,5-1-4/6/2-3-7,5:2.71|1:2.49|3:1.98|2:1.52,5-1-3,1-5-3,5-3-1,position-only-v1-unchanged-control,"line_formation,line_position,line_size,b_count,s_count"
2023-01-12,久留米競輪,5,Ａ級準決勝,8320230111020005,1-5-3/7/6-2-4,6:2.54|2:2.33|5:1.79|1:1.70,6-2-5,2-6-5,6-2-1,position-only-v1-unchanged-control,"line_formation,line_position,line_size,b_count,s_count"
2023-01-12,京王閣競輪,5,Ａ級特一般,2720230111020005,1-2-4/7-3/5/6,1:2.25|2:2.15|7:2.08|5:2.02,1-2-7,2-1-7,1-2-5,position-only-v1-unchanged-control,"line_formation,line_position,line_size,b_count,s_count"
2023-01-12,京王閣競輪,6,Ａ級特一般,2720230111020006,7/1/5/2-4/6-3,2:1.90|4:1.88|3:1.81|6:1.76,2-4-3,4-2-3,2-4-6,position-only-v1-unchanged-control,"line_formation,line_position,line_size,b_count,s_count"
2023-01-12,京王閣競輪,7,Ａ級準決勝,2720230111020007,3-1-4-5/2-6-7,3:2.83|1:2.53|6:1.61|2:1.42,3-1-6,1-3-6,3-1-2,position-only-v1-unchanged-control,"line_formation,line_position,line_size,b_count,s_count"
2023-01-12,京王閣競輪,8,Ａ級準決勝,2720230111020008,3-1-2/5/4-7-6,1:2.29|3:2.13|7:1.80|4:1.48,1-3-7,3-1-7,1-7-3,position-only-v1-unchanged-control,"line_formation,line_position,line_size,b_count,s_count"
2023-01-12,京王閣競輪,9,Ａ級準決勝,2720230111020009,2-1-5/3-4/6-7,2:2.75|1:2.49|7:2.10|6:2.04,2-1-7,2-1-6,1-2-7,position-only-v1-unchanged-control,"line_formation,line_position,line_size,b_count,s_count"
2023-01-12,名古屋競輪,5,Ａ級特一般,4220230111020005,3-1-5/6-2-4/7,3:2.39|1:2.21|6:1.99|2:1.98,3-1-6,3-1-2,1-3-6,position-only-v1-unchanged-control,"line_formation,line_position,line_size,b_count,s_count"
2023-01-12,名古屋競輪,6,Ａ級特一般,4220230111020006,4-6-1-7/3-2-5,2:2.12|3:1.85|6:1.75|4:1.62,2-3-6,3-2-6,2-3-4,position-only-v1-unchanged-control,"line_formation,line_position,line_size,b_count,s_count"
2023-01-12,名古屋競輪,7,Ａ級準決勝,4220230111020007,5-1/4-2-7/6-3,4:2.88|2:2.33|5:2.29|1:2.11,4-2-5,4-5-2,4-2-1,position-only-v1-unchanged-control,"line_formation,line_position,line_size,b_count,s_count"
2023-01-12,名古屋競輪,8,Ａ級準決勝,4220230111020008,2-1-4/3-5/6-7,3:2.26|5:2.08|1:2.02|2:1.96,3-5-1,3-5-2,5-3-1,position-only-v1-unchanged-control,"line_formation,line_position,line_size,b_count,s_count"
2023-01-12,名古屋競輪,9,Ａ級準決勝,4220230111020009,3-1-5-6/4-2-7,3:2.68|4:2.40|1:2.37|2:2.20,3-1-4,3-4-1,1-3-4,position-only-v1-unchanged-control,"line_formation,line_position,line_size,b_count,s_count"
2023-01-12,宇都宮競輪,1,Ａ級一般,2420230111020001,2-7-4/1-5/3-6,7:2.08|2:2.08|6:1.85|3:1.71,7-2-6,2-7-6,7-2-3,position-only-v1-unchanged-control,"line_formation,line_position,line_size,b_count,s_count"
2023-01-12,宇都宮競輪,2,Ａ級一般,2420230111020002,1-5-4/2-7/6-3,6:2.29|3:2.13|5:1.61|7:1.59,6-3-5,6-3-7,3-6-5,position-only-v1-unchanged-control,"line_formation,line_position,line_size,b_count,s_count"
2023-01-12,宇都宮競輪,3,Ａ級準決勝,2420230111020003,4-5-2/6/1-7-3,4:2.78|5:2.45|1:2.17|7:2.11,4-5-1,4-5-7,5-4-1,position-only-v1-unchanged-control,"line_formation,line_position,line_size,b_count,s_count"
2023-01-12,宇都宮競輪,4,Ａ級準決勝,2420230111020004,7-3-6/4/2-5-1,7:2.80|2:2.65|5:2.45|3:2.37,7-2-5,2-7-5,7-3-2,position-only-v1-unchanged-control,"line_formation,line_position,line_size,b_count,s_count"
2023-01-12,宇都宮競輪,5,Ａ級準決勝,2420230111020005,1-7/5-2/6-3-4,6:2.80|1:2.73|7:2.45|3:2.41,6-1-7,1-6-7,6-1-3,position-only-v1-unchanged-control,"line_formation,line_position,line_size,b_count,s_count"
2023-01-12,松山競輪,6,Ａ級特一般,7520230110030006,5-1/7-4-2/6-3,4:1.68|1:1.61|3:1.61|7:1.60,4-7-1,4-7-3,7-4-1,position-only-v1-unchanged-control,"line_formation,line_position,line_size,b_count,s_count"
2023-01-12,松山競輪,7,Ａ級特一般,7520230110030007,2-5/7-4-1/3-6,2:2.40|5:2.15|4:1.93|7:1.89,2-5-4,2-5-7,5-2-4,position-only-v1-unchanged-control,"line_formation,line_position,line_size,b_count,s_count"
2023-01-12,松山競輪,8,Ａ級特選,7520230110030008,2-7-6/1-4/3-5,2:2.78|7:2.45|4:1.61|5:1.55,2-7-4,2-7-5,2-7-1,position-only-v1-unchanged-control,"line_formation,line_position,line_size,b_count,s_count"
2023-01-12,松山競輪,9,Ａ級特選,7520230110030009,6-2/1/4/5-3-7,6:2.63|2:2.33|3:1.79|5:1.70,6-2-3,6-2-5,2-6-3,position-only-v1-unchanged-control,"line_formation,line_position,line_size,b_count,s_count"
2023-01-12,松山競輪,12,Ａ級決勝,7520230110030012,7-1/4-2/3-5-6,4:2.75|3:2.63|7:2.63|2:2.53,4-3-7,4-7-3,4-2-3,position-only-v1-unchanged-control,"line_formation,line_position,line_size,b_count,s_count"
2023-01-13,いわき平競輪,6,Ａ級特予選,1320230113010006,4-1/2-7/5-6-3,4:2.78|1:2.69|5:2.53|6:2.20,4-1-5,1-4-5,4-5-1,position-only-v1-unchanged-control,"line_formation,line_position,line_size,b_count,s_count"
2023-01-13,いわき平競輪,7,Ａ級特予選,1320230113010007,5-1/3-6/7-2-4,7:2.63|2:2.37|6:2.35|3:2.17,7-2-6,2-7-6,7-6-2,position-only-v1-unchanged-control,"line_formation,line_position,line_size,b_count,s_count"
2023-01-13,いわき平競輪,8,Ａ級特予選,1320230113010008,1-6/3-5/7-4-2,7:2.88|6:2.53|1:2.44|4:2.37,7-6-1,7-4-6,7-1-6,position-only-v1-unchanged-control,"line_formation,line_position,line_size,b_count,s_count"
2023-01-13,いわき平競輪,9,Ａ級特予選,1320230113010009,1-7/3-4/6-5-2,6:2.65|1:2.42|5:2.41|7:2.31,6-5-1,5-6-1,6-5-7,position-only-v1-unchanged-control,"line_formation,line_position,line_size,b_count,s_count"
2023-01-13,いわき平競輪,10,Ａ級初日特選,1320230113010010,2-7-5/4-1/6-3,6:2.71|1:2.60|3:2.45|4:2.43,6-3-1,6-1-3,6-1-4,position-only-v1-unchanged-control,"line_formation,line_position,line_size,b_count,s_count"
2023-01-13,久留米競輪,1,Ａ級一般,8320230111030001,4-1-7/6/2-5-3,2:2.56|5:2.31|1:1.61|4:1.56,2-5-1,2-5-4,5-2-1,position-only-v1-unchanged-control,"line_formation,line_position,line_size,b_count,s_count"
2023-01-13,久留米競輪,2,Ａ級一般,8320230111030002,1-5-4/3/6/7-2,5:1.84|2:1.55|1:1.50|7:1.25,5-1-2,5-2-1,1-5-2,position-only-v1-unchanged-control,"line_formation,line_position,line_size,b_count,s_count"
2023-01-13,久留米競輪,3,Ａ級特選,8320230111030003,1/2-4-7/3-5-6,5:1.96|2:1.90|4:1.88|3:1.83,2-4-5,4-2-5,5-3-2,position-only-v1-unchanged-control,"line_formation,line_position,line_size,b_count,s_count"
2023-01-13,久留米競輪,4,Ａ級特選,8320230111030004,4-2-7/3/6-1-5,2:1.97|4:1.96|1:1.72|6:1.48,2-4-1,4-2-1,2-1-4,position-only-v1-unchanged-control,"line_formation,line_position,line_size,b_count,s_count"
2023-01-13,久留米競輪,11,Ａ級決勝,8320230111030011,1-7-5/3/2-6-4,6:2.73|2:2.71|7:1.73|1:1.52,6-2-7,2-6-7,6-2-1,position-only-v1-unchanged-control,"line_formation,line_position,line_size,b_count,s_count"
2023-01-13,京王閣競輪,4,Ａ級特一般,2720230111030004,2-1/4-3-7/6-5,5:1.93|4:1.90|3:1.88|6:1.76,4-3-5,3-4-5,5-4-3,position-only-v1-unchanged-control,"line_formation,line_position,line_size,b_count,s_count"
2023-01-13,京王閣競輪,5,Ａ級特一般,2720230111030005,1-2-3/6-4/5-7,6:2.54|1:2.25|2:2.15|4:2.13,6-4-1,6-1-2,6-1-4,position-only-v1-unchanged-control,"line_formation,line_position,line_size,b_count,s_count"
2023-01-13,京王閣競輪,6,Ａ級特選,2720230111030006,1-5/3-2-4/7-6,2:1.71|5:1.61|6:1.55|1:1.49,2-5-6,2-6-5,5-2-6,position-only-v1-unchanged-control,"line_formation,line_position,line_size,b_count,s_count"
2023-01-13,京王閣競輪,7,Ａ級特選,2720230111030007,1/3/2-7-5/4-6,2:2.83|7:2.45|4:2.04|6:1.94,2-7-4,2-7-6,7-2-4,position-only-v1-unchanged-control,"line_formation,line_position,line_size,b_count,s_count"
2023-01-13,京王閣競輪,9,Ａ級決勝,2720230111030009,5-1/3-7/6-4-2,5:2.75|1:2.49|6:2.13|4:2.08,5-1-6,5-1-4,1-5-6,position-only-v1-unchanged-control,"line_formation,line_position,line_size,b_count,s_count"
2023-01-13,名古屋競輪,4,Ａ級特一般,4220230111030004,1-4-5/3-2/6,1:2.29|2:2.12|4:2.11|3:1.85,1-4-2,4-1-2,1-2-4,position-only-v1-unchanged-control,"line_formation,line_position,line_size,b_count,s_count"
2023-01-13,名古屋競輪,5,Ａ級特一般,4220230111030005,2-1-4/3-6/5,2:2.65|1:2.41|3:2.39|6:2.17,2-1-3,1-2-3,2-3-1,position-only-v1-unchanged-control,"line_formation,line_position,line_size,b_count,s_count"
2023-01-13,名古屋競輪,6,Ａ級特選,4220230111030006,1-6/2-5/3-4-7,4:1.89|3:1.71|5:1.63|6:1.55,4-3-5,3-4-5,4-3-6,position-only-v1-unchanged-control,"line_formation,line_position,line_size,b_count,s_count"
2023-01-13,名古屋競輪,7,Ａ級特選,4220230111030007,1-3-7/6-2-4/5,1:2.40|3:2.28|2:1.81|6:1.76,1-3-2,3-1-2,1-3-6,position-only-v1-unchanged-control,"line_formation,line_position,line_size,b_count,s_count"
2023-01-13,名古屋競輪,9,Ａ級決勝,4220230111030009,3-1/4-2/7-5-6,7:2.88|3:2.68|5:2.65|1:2.37,7-5-3,5-7-3,7-3-5,position-only-v1-unchanged-control,"line_formation,line_position,line_size,b_count,s_count"
2023-01-13,大垣競輪,6,Ａ級予選,4420230113010006,1-3-5/6-4-2,1:2.62|3:2.35|4:1.83|6:1.62,1-3-4,3-1-4,1-3-6,position-only-v1-unchanged-control,"line_formation,line_position,line_size,b_count,s_count"
2023-01-13,大垣競輪,7,Ａ級予選,4420230113010007,4-1-5/2-6/3,4:2.63|1:2.37|6:2.09|2:1.73,4-1-6,1-4-6,4-6-1,position-only-v1-unchanged-control,"line_formation,line_position,line_size,b_count,s_count"
2023-01-13,大垣競輪,8,Ａ級予選,4420230113010008,5-1-6/7-2-3/4,7:2.68|2:2.41|1:1.88|5:1.85,7-2-1,7-2-5,2-7-1,position-only-v1-unchanged-control,"line_formation,line_position,line_size,b_count,s_count"
2023-01-13,大垣競輪,9,Ａ級予選,4420230113010009,4-5-1/2-7/3-6,3:2.22|6:2.19|4:2.06|5:1.94,3-6-4,6-3-4,3-6-5,position-only-v1-unchanged-control,"line_formation,line_position,line_size,b_count,s_count"
2023-01-13,大垣競輪,10,Ａ級予選,4420230113010010,1-4-6/5-2/3-7,1:2.54|3:2.39|4:2.35|5:2.26,1-4-3,4-1-3,1-3-4,position-only-v1-unchanged-control,"line_formation,line_position,line_size,b_count,s_count"
2023-01-13,大垣競輪,11,Ａ級予選,4420230113010011,5-1/2-7-4/3-6,2:2.65|5:2.58|1:2.40|7:2.33,2-5-1,5-1-2,5-2-1,position-only-v1-unchanged-control,"line_formation,line_position,line_size,b_count,s_count"
2023-01-13,大垣競輪,12,Ａ級初日特選,4420230113010012,4-1/2/6-3-5/7,6:2.75|3:2.37|1:1.95|4:1.67,6-3-1,3-6-1,6-3-4,position-only-v1-unchanged-control,"line_formation,line_position,line_size,b_count,s_count"
2023-01-13,宇都宮競輪,1,Ａ級一般,2420230111030001,3-5/6-2/4-1-7,3:2.80|5:2.33|1:2.21|4:2.08,3-5-1,3-5-4,3-1-5,position-only-v1-unchanged-control,"line_formation,line_position,line_size,b_count,s_count"
2023-01-13,宇都宮競輪,2,Ａ級一般,2420230111030002,2-7-5/4/3/6-1,6:2.29|2:2.17|7:2.15|1:2.13,6-1-2,6-1-7,1-6-2,position-only-v1-unchanged-control,"line_formation,line_position,line_size,b_count,s_count"
2023-01-13,宇都宮競輪,3,Ａ級特選,2420230111030003,4-1/3/5/6-7-2,7:1.89|1:1.72|6:1.71|4:1.48,7-6-1,6-7-1,7-1-6,position-only-v1-unchanged-control,"line_formation,line_position,line_size,b_count,s_count"
2023-01-13,宇都宮競輪,4,Ａ級特選,2420230111030004,3-5-2-6/1-7/4,3:2.80|5:2.33|7:1.63|2:1.40,3-5-7,5-3-7,3-5-1,position-only-v1-unchanged-control,"line_formation,line_position,line_size,b_count,s_count"
2023-01-13,宇都宮競輪,11,Ａ級決勝,2420230111030011,3-6-4/1-7/2-5,3:2.78|2:2.73|1:2.65|5:2.45,3-2-1,2-3-1,3-1-2,position-only-v1-unchanged-control,"line_formation,line_position,line_size,b_count,s_count"
2023-01-13,小田原競輪,1,Ａ級予選,3620230113010001,1-5-4/2-3-6,1:2.88|5:2.37|3:1.79|2:1.59,1-5-3,1-5-2,5-1-3,position-only-v1-unchanged-control,"line_formation,line_position,line_size,b_count,s_count"
2023-01-13,小田原競輪,2,Ａ級予選,3620230113010002,1-5-3/6/4-2,1:2.71|5:2.41|2:1.96|4:1.83,1-5-2,5-1-2,1-5-4,position-only-v1-unchanged-control,"line_formation,line_position,line_size,b_count,s_count"
2023-01-13,小田原競輪,3,Ａ級予選,3620230113010003,1-7-4/2-6/3-5,1:2.36|7:2.17|5:1.73|6:1.68,1-7-5,1-7-6,7-1-5,position-only-v1-unchanged-control,"line_formation,line_position,line_size,b_count,s_count"
2023-01-13,小田原競輪,4,Ａ級予選,3620230113010004,1-4-5-2/7-3/6,1:2.78|7:2.54|4:2.41|3:2.38,1-4-7,1-7-4,1-7-3,position-only-v1-unchanged-control,"line_formation,line_position,line_size,b_count,s_count"
2023-01-13,小田原競輪,5,Ａ級予選,3620230113010005,2-5/6-1-4/7-3,6:2.36|1:2.25|5:2.04|2:1.98,6-1-5,1-6-5,6-1-2,position-only-v1-unchanged-control,"line_formation,line_position,line_size,b_count,s_count"
2023-01-13,小田原競輪,6,Ａ級予選,3620230113010006,1-4-7/6/3-5-2,1:2.71|4:2.33|3:2.04|5:1.94,1-4-3,1-4-5,4-1-3,position-only-v1-unchanged-control,"line_formation,line_position,line_size,b_count,s_count"
2023-01-13,小田原競輪,7,Ａ級初日特選,3620230113010007,4-3-1/7/5-6-2,4:2.50|3:2.20|6:1.75|5:1.59,4-3-6,3-4-6,4-3-5,position-only-v1-unchanged-control,"line_formation,line_position,line_size,b_count,s_count"
2023-01-14,いわき平競輪,6,Ａ級特一般,1320230113020006,7-1/6/5-2-4-3,5:2.63|2:2.57|1:1.93|7:1.83,5-2-1,2-5-1,5-2-7,position-only-v1-unchanged-control,"line_formation,line_position,line_size,b_count,s_count"
2023-01-14,いわき平競輪,7,Ａ級特一般,1320230113020007,2-7-5/3/4-1-6,4:2.65|1:2.41|7:1.81|2:1.73,4-1-7,4-1-2,1-4-7,position-only-v1-unchanged-control,"line_formation,line_position,line_size,b_count,s_count"
2023-01-14,いわき平競輪,8,Ａ級準決勝,1320230113020008,2-6/5-1-3/7-4,2:2.78|6:2.37|1:1.87|4:1.80,2-6-1,2-6-4,6-2-1,position-only-v1-unchanged-control,"line_formation,line_position,line_size,b_count,s_count"
2023-01-14,いわき平競輪,9,Ａ級準決勝,1320230113020009,5-2-6/4/3-7-1,3:2.71|5:2.42|7:2.41|2:2.11,3-7-5,7-3-5,3-5-7,position-only-v1-unchanged-control,"line_formation,line_position,line_size,b_count,s_count"
2023-01-14,いわき平競輪,10,Ａ級準決勝,1320230113020010,3-5/6-2/1-4-7,6:2.88|4:2.60|3:2.53|1:2.43,6-4-3,6-3-4,6-4-1,position-only-v1-unchanged-control,"line_formation,line_position,line_size,b_count,s_count"
2023-01-14,伊東競輪,1,Ａ級予選,3720230114010001,1-6/2-4/7-3-5,1:2.88|6:2.41|3:2.14|7:1.94,1-6-3,6-1-3,1-6-7,position-only-v1-unchanged-control,"line_formation,line_position,line_size,b_count,s_count"
2023-01-14,伊東競輪,2,Ａ級予選,3720230114010002,1-5/2-7-6/4-3,2:2.43|7:2.20|3:1.92|4:1.83,2-7-3,2-7-4,7-2-3,position-only-v1-unchanged-control,"line_formation,line_position,line_size,b_count,s_count"
2023-01-14,伊東競輪,3,Ａ級予選,3720230114010003,6-1-4/7/3-5-2,5:2.69|3:2.65|6:2.51|1:2.17,5-3-6,3-5-6,5-6-3,position-only-v1-unchanged-control,"line_formation,line_position,line_size,b_count,s_count"
2023-01-14,伊東競輪,4,Ａ級予選,3720230114010004,3-1/7-4-2/6-5,7:2.68|4:2.53|1:1.81|5:1.76,7-4-1,7-4-5,4-7-1,position-only-v1-unchanged-control,"line_formation,line_position,line_size,b_count,s_count"
2023-01-14,伊東競輪,5,Ａ級初日特選,3720230114010005,5-1/2-6/3-4-7,4:2.27|3:2.25|2:2.19|6:2.02,4-3-2,3-4-2,4-2-3,position-only-v1-unchanged-control,"line_formation,line_position,line_size,b_count,s_count"
2023-01-14,前橋競輪,5,Ａ級特予選,2220230114010005,2-1/3-5/4/7-6,1:1.72|5:1.68|2:1.63|6:1.59,1-2-5,2-1-5,1-2-6,position-only-v1-unchanged-control,"line_formation,line_position,line_size,b_count,s_count"
2023-01-14,前橋競輪,6,Ａ級特予選,2220230114010006,6-3/1-7/5/2-4,6:2.41|3:2.29|4:2.27|2:2.17,6-3-4,3-6-4,6-3-2,position-only-v1-unchanged-control,"line_formation,line_position,line_size,b_count,s_count"
2023-01-14,前橋競輪,7,Ａ級特予選,2220230114010007,1-2-4/5-3/7-6,7:2.59|2:2.35|6:2.27|1:2.17,7-6-2,7-2-6,6-7-2,position-only-v1-unchanged-control,"line_formation,line_position,line_size,b_count,s_count"
2023-01-14,前橋競輪,8,Ａ級特予選,2220230114010008,1-2-3/7/4-6-5,1:2.63|2:2.49|4:2.29|6:2.17,1-2-4,2-1-4,1-2-6,position-only-v1-unchanged-control,"line_formation,line_position,line_size,b_count,s_count"
2023-01-14,前橋競輪,9,Ａ級初日特選,2220230114010009,1-2-6/3-4/5/7,2:1.80|4:1.55|1:1.50|5:1.31,2-1-4,2-4-1,1-2-4,position-only-v1-unchanged-control,"line_formation,line_position,line_size,b_count,s_count"
2023-01-14,大垣競輪,6,Ａ級一般,4420230113020006,1-4/3/5-2-6,5:2.22|2:2.07|4:1.68|1:1.55,5-2-4,2-5-4,5-2-1,position-only-v1-unchanged-control,"line_formation,line_position,line_size,b_count,s_count"
2023-01-14,大垣競輪,7,Ａ級一般,4420230113020007,1-5-6/4/3-2,3:2.71|1:2.58|2:2.33|5:2.28,3-2-1,3-1-2,3-1-5,position-only-v1-unchanged-control,"line_formation,line_position,line_size,b_count,s_count"
2023-01-14,大垣競輪,8,Ａ級選抜,4420230113020008,7-1/2-4/3-5-6,3:2.62|5:2.35|1:2.06|7:1.67,3-5-1,5-3-1,3-1-5,position-only-v1-unchanged-control,"line_formation,line_position,line_size,b_count,s_count"
2023-01-14,大垣競輪,9,Ａ級選抜,4420230113020009,5-3-1/2-7-6/4,3:2.42|5:2.39|7:1.88|2:1.85,3-5-7,5-3-7,3-5-2,position-only-v1-unchanged-control,"line_formation,line_position,line_size,b_count,s_count"
2023-01-14,大垣競輪,10,Ａ級準決勝,4420230113020010,2-4-6/5-1/3-7,2:2.75|4:2.37|3:2.06|7:2.02,2-4-3,2-4-7,4-2-3,position-only-v1-unchanged-control,"line_formation,line_position,line_size,b_count,s_count"
2023-01-14,大垣競輪,11,Ａ級準決勝,4420230113020011,4-1-5/2-7/6-3,2:2.68|4:2.54|7:2.33|1:2.31,2-7-4,2-4-7,2-4-1,position-only-v1-unchanged-control,"line_formation,line_position,line_size,b_count,s_count"
2023-01-14,大垣競輪,12,Ａ級準決勝,4420230113020012,1-4/3-5-6/7-2,3:2.65|7:2.63|5:2.53|2:2.41,3-5-7,5-3-7,3-7-5,position-only-v1-unchanged-control,"line_formation,line_position,line_size,b_count,s_count"
2023-01-14,小倉競輪,5,Ａ級特予選,8120230114010005,4-1-5/7/2-3-6,4:2.63|1:2.53|3:2.14|2:2.04,4-1-3,1-4-3,4-1-2,position-only-v1-unchanged-control,"line_formation,line_position,line_size,b_count,s_count"
2023-01-14,小倉競輪,6,Ａ級特予選,8120230114010006,1-4-2/3-7/6-5,1:2.63|4:2.33|5:1.75|6:1.59,1-4-5,4-1-5,1-4-6,position-only-v1-unchanged-control,"line_formation,line_position,line_size,b_count,s_count"
2023-01-14,小倉競輪,7,Ａ級特予選,8120230114010007,1-3/2-6-7/5-4,2:2.18|6:2.00|4:1.98|5:1.96,2-6-4,2-6-5,6-2-4,position-only-v1-unchanged-control,"line_formation,line_position,line_size,b_count,s_count"
2023-01-14,小倉競輪,8,Ａ級特予選,8120230114010008,1-3-4-2-5/6/7,1:2.73|3:2.45|4:1.40|6:0.93,1-3-4,3-1-4,1-3-6,position-only-v1-unchanged-control,"line_formation,line_position,line_size,b_count,s_count"
2023-01-14,小倉競輪,9,Ａ級初日特選,8120230114010009,1/2-6/4-7-3/5,4:2.59|7:2.35|6:1.61|2:1.39,4-7-6,7-4-6,4-7-2,position-only-v1-unchanged-control,"line_formation,line_position,line_size,b_count,s_count"
2023-01-14,小田原競輪,1,Ａ級一般,3620230113020001,5-1-3/2/4-6,5:1.86|1:1.81|6:1.68|4:1.50,5-1-6,1-5-6,5-1-4,position-only-v1-unchanged-control,"line_formation,line_position,line_size,b_count,s_count"
2023-01-14,小田原競輪,2,Ａ級一般,3620230113020002,2-5-4/1/3/6,2:2.54|5:2.38|1:1.52|4:1.28,2-5-1,5-2-1,2-5-4,position-only-v1-unchanged-control,"line_formation,line_position,line_size,b_count,s_count"
2023-01-14,小田原競輪,3,Ａ級選抜,3620230113020003,7-1-4/5-2/3-6,7:2.78|1:2.53|3:2.36|6:2.17,7-1-3,1-7-3,7-1-6,position-only-v1-unchanged-control,"line_formation,line_position,line_size,b_count,s_count"
2023-01-14,小田原競輪,4,Ａ級選抜,3620230113020004,6-1-4/3/2-7-5,2:2.71|7:2.37|6:2.36|1:2.21,2-7-6,2-6-7,7-2-6,position-only-v1-unchanged-control,"line_formation,line_position,line_size,b_count,s_count"
2023-01-14,小田原競輪,5,Ａ級準決勝,3620230113020005,4-1-3-6/7-5-2,7:2.71|5:2.33|4:1.98|1:1.92,7-5-4,7-5-1,5-7-4,position-only-v1-unchanged-control,"line_formation,line_position,line_size,b_count,s_count"
2023-01-14,小田原競輪,6,Ａ級準決勝,3620230113020006,1-5-3/6/4-7-2,1:2.50|5:2.24|7:1.75|4:1.59,1-5-7,5-1-7,1-5-4,position-only-v1-unchanged-control,"line_formation,line_position,line_size,b_count,s_count"
2023-01-14,小田原競輪,7,Ａ級準決勝,3620230113020007,7-1-3/6/5-2-4,5:2.88|2:2.41|1:1.75|7:1.59,5-2-1,5-2-7,2-5-1,position-only-v1-unchanged-control,"line_formation,line_position,line_size,b_count,s_count"
