race_id,race_date,track,meeting_grade,race_no,race_type,start_time,car_no,player_name,prefecture,age,term,class,style,gear,score,s_count,b_count,nige_count,makuri_count,sashi_count,mark_count,first_count,second_count,third_count,outside_count,win_rate,top2_rate,top3_rate,line_formation,line_status,line_id,line_position,line_size,line_role
2120231019010001,2023-10-19,弥彦競輪,G1,1,Ｓ級一次予選,10:40,1,寺崎 浩平,福井,29,117,S1,逃,3.92,113.33,0,5,3,1,0,0,4,0,0,5,44.4,44.4,44.4,1-5-8/2-7/4-3/6-9,published,1,1,3,先行
2120231019010001,2023-10-19,弥彦競輪,G1,1,Ｓ級一次予選,10:40,2,和田 真久留,神奈川,32,99,S1,両,3.92,112.11,1,2,1,5,8,1,13,2,2,10,48.1,55.5,62.9,1-5-8/2-7/4-3/6-9,published,2,1,2,自在
2120231019010001,2023-10-19,弥彦競輪,G1,1,Ｓ級一次予選,10:40,3,永澤 剛,青森,38,91,S1,追,3.92,109.28,4,0,0,1,4,4,4,5,4,12,16.0,36.0,52.0,1-5-8/2-7/4-3/6-9,published,3,2,2,追込
2120231019010001,2023-10-19,弥彦競輪,G1,1,Ｓ級一次予選,10:40,4,山崎 芳仁,福島,44,88,S1,両,3.92,107.89,2,1,0,0,4,0,3,1,8,16,10.7,14.2,42.8,1-5-8/2-7/4-3/6-9,published,3,1,2,自在
2120231019010001,2023-10-19,弥彦競輪,G1,1,Ｓ級一次予選,10:40,5,東口 善朋,和歌山,44,85,S1,追,3.92,111.87,4,1,0,1,10,0,10,1,4,9,41.6,45.8,62.5,1-5-8/2-7/4-3/6-9,published,1,2,3,追込
2120231019010001,2023-10-19,弥彦競輪,G1,1,Ｓ級一次予選,10:40,6,久米 康平,徳島,32,100,S1,逃,3.92,103.33,4,8,2,3,5,1,7,4,5,14,23.3,36.6,53.3,1-5-8/2-7/4-3/6-9,published,4,1,2,押え先
2120231019010001,2023-10-19,弥彦競輪,G1,1,Ｓ級一次予選,10:40,7,小原 太樹,神奈川,35,95,S1,追,3.92,110.85,5,0,0,0,7,0,5,2,6,8,23.8,33.3,61.9,1-5-8/2-7/4-3/6-9,published,2,2,2,追込
2120231019010001,2023-10-19,弥彦競輪,G1,1,Ｓ級一次予選,10:40,8,三谷 将太,奈良,37,92,S1,追,3.92,106.64,0,0,0,0,4,2,3,3,2,10,16.6,33.3,44.4,1-5-8/2-7/4-3/6-9,published,1,3,3,追込
2120231019010001,2023-10-19,弥彦競輪,G1,1,Ｓ級一次予選,10:40,9,阿竹 智史,徳島,41,90,S1,両,3.92,108.28,1,1,0,2,5,3,5,5,3,13,19.2,38.4,50.0,1-5-8/2-7/4-3/6-9,published,4,2,2,追込
2120231019010002,2023-10-19,弥彦競輪,G1,2,Ｓ級一次予選,11:07,1,武藤 龍生,埼玉,32,98,S1,追,3.92,113.88,3,0,0,1,7,5,7,6,6,6,28.0,52.0,76.0,9-1/5-2/3-7-4/8-6,published,1,2,2,追込
2120231019010002,2023-10-19,弥彦競輪,G1,2,Ｓ級一次予選,11:07,2,井上 昌己,長崎,44,86,S1,追,3.92,107.80,6,0,0,0,5,0,3,2,6,10,14.2,23.8,52.3,9-1/5-2/3-7-4/8-6,published,2,2,2,追込
2120231019010002,2023-10-19,弥彦競輪,G1,2,Ｓ級一次予選,11:07,3,三谷 竜生,奈良,36,101,S1,両,3.92,111.71,4,4,1,4,5,1,7,4,3,16,23.3,36.6,46.6,9-1/5-2/3-7-4/8-6,published,3,1,3,押え先
2120231019010002,2023-10-19,弥彦競輪,G1,2,Ｓ級一次予選,11:07,4,神田 紘輔,大阪,37,100,S1,追,3.92,106.33,2,1,0,0,3,0,2,1,4,16,8.6,13.0,30.4,9-1/5-2/3-7-4/8-6,published,3,3,3,追込
2120231019010002,2023-10-19,弥彦競輪,G1,2,Ｓ級一次予選,11:07,5,松岡 辰泰,熊本,27,117,S1,逃,3.92,106.47,2,3,1,3,1,1,3,3,3,14,13.0,26.0,39.1,9-1/5-2/3-7-4/8-6,published,2,1,2,押え先
2120231019010002,2023-10-19,弥彦競輪,G1,2,Ｓ級一次予選,11:07,6,嶋津 拓弥,神奈川,37,103,S1,両,3.92,104.37,11,3,0,0,2,4,1,5,6,13,4.0,24.0,48.0,9-1/5-2/3-7-4/8-6,published,4,2,2,追込
2120231019010002,2023-10-19,弥彦競輪,G1,2,Ｓ級一次予選,11:07,7,村上 博幸,京都,44,86,S1,追,3.92,113.25,2,0,0,0,7,2,4,5,5,6,20.0,45.0,70.0,9-1/5-2/3-7-4/8-6,published,3,2,3,追込
2120231019010002,2023-10-19,弥彦競輪,G1,2,Ｓ級一次予選,11:07,8,青野 将大,神奈川,29,117,S1,逃,3.92,105.90,1,12,6,6,1,0,7,6,2,16,22.5,41.9,48.3,9-1/5-2/3-7-4/8-6,published,4,1,2,押え先
2120231019010002,2023-10-19,弥彦競輪,G1,2,Ｓ級一次予選,11:07,9,佐々木 悠葵,群馬,28,115,S1,両,3.92,114.00,3,2,2,3,4,0,6,3,2,3,42.8,64.2,78.5,9-1/5-2/3-7-4/8-6,published,1,1,2,先行
2120231019010003,2023-10-19,弥彦競輪,G1,3,Ｓ級一次予選,11:35,1,岩本 俊介,千葉,39,94,S1,逃,3.92,110.17,0,9,5,4,3,0,9,3,1,15,32.1,42.8,46.4,1-7-3/2-5-9/4/8-6,published,1,1,3,先行
2120231019010003,2023-10-19,弥彦競輪,G1,3,Ｓ級一次予選,11:35,2,太田 竜馬,徳島,27,109,S1,逃,3.92,109.26,4,11,3,7,1,0,7,4,4,15,23.3,36.6,50.0,1-7-3/2-5-9/4/8-6,published,2,1,3,押え先
2120231019010003,2023-10-19,弥彦競輪,G1,3,Ｓ級一次予選,11:35,3,岡村 潤,静岡,41,86,S1,追,3.92,108.46,8,0,0,2,7,0,5,4,7,13,17.2,31.0,55.1,1-7-3/2-5-9/4/8-6,published,1,3,3,追込
2120231019010003,2023-10-19,弥彦競輪,G1,3,Ｓ級一次予選,11:35,4,内藤 宣彦,秋田,52,67,S1,追,3.92,106.77,1,0,0,0,9,1,8,2,2,15,29.6,37.0,44.4,1-7-3/2-5-9/4/8-6,published,3,1,1,追上
2120231019010003,2023-10-19,弥彦競輪,G1,3,Ｓ級一次予選,11:35,5,山田 英明,佐賀,40,89,S1,両,3.92,115.66,1,1,0,1,5,0,2,4,0,8,14.2,42.8,42.8,1-7-3/2-5-9/4/8-6,published,2,2,3,追込
2120231019010003,2023-10-19,弥彦競輪,G1,3,Ｓ級一次予選,11:35,6,小林 潤二,群馬,51,75,S2,追,3.93,95.27,0,0,0,0,1,3,0,4,5,20,0.0,13.7,31.0,1-7-3/2-5-9/4/8-6,published,4,2,2,追込
2120231019010003,2023-10-19,弥彦競輪,G1,3,Ｓ級一次予選,11:35,7,松谷 秀幸,神奈川,41,96,S1,追,3.93,111.21,1,0,0,0,6,4,4,6,3,7,20.0,50.0,65.0,1-7-3/2-5-9/4/8-6,published,1,2,3,追込
2120231019010003,2023-10-19,弥彦競輪,G1,3,Ｓ級一次予選,11:35,8,佐藤 友和,岩手,40,88,S1,両,3.92,106.16,9,2,0,3,6,0,7,2,7,14,23.3,30.0,53.3,1-7-3/2-5-9/4/8-6,published,4,1,2,自在
2120231019010003,2023-10-19,弥彦競輪,G1,3,Ｓ級一次予選,11:35,9,小岩 大介,大分,39,90,S1,追,3.92,109.18,3,0,0,0,3,5,1,7,4,4,6.2,50.0,75.0,1-7-3/2-5-9/4/8-6,published,2,3,3,追込
2120231019010004,2023-10-19,弥彦競輪,G1,4,Ｓ級一次予選,12:03,1,松本 貴治,愛媛,29,111,S1,逃,3.92,112.50,3,2,0,5,2,1,4,4,7,12,14.8,29.6,55.5,5-2/1-9-4/7-3/6-8,published,2,1,3,押え先
2120231019010004,2023-10-19,弥彦競輪,G1,4,Ｓ級一次予選,12:03,2,大塚 健一郎,大分,46,82,S2,追,3.92,108.00,0,0,0,0,3,1,2,2,3,5,16.6,33.3,58.3,5-2/1-9-4/7-3/6-8,published,1,2,2,追込
2120231019010004,2023-10-19,弥彦競輪,G1,4,Ｓ級一次予選,12:03,3,渡部 幸訓,福島,40,89,S1,追,3.92,113.00,2,0,0,0,7,4,5,6,2,9,22.7,50.0,59.0,5-2/1-9-4/7-3/6-8,published,3,2,2,追込
2120231019010004,2023-10-19,弥彦競輪,G1,4,Ｓ級一次予選,12:03,4,高原 仁志,徳島,43,85,S1,追,3.92,104.95,2,0,0,0,1,3,1,3,3,14,4.7,19.0,33.3,5-2/1-9-4/7-3/6-8,published,2,3,3,追込
2120231019010004,2023-10-19,弥彦競輪,G1,4,Ｓ級一次予選,12:03,5,阿部 将大,大分,27,117,S1,逃,3.93,105.24,9,15,4,8,1,0,8,5,2,10,32.0,52.0,60.0,5-2/1-9-4/7-3/6-8,published,1,1,2,先行
2120231019010004,2023-10-19,弥彦競輪,G1,4,Ｓ級一次予選,12:03,6,吉川 希望,石川,30,111,S2,逃,3.92,94.07,9,6,1,1,1,1,1,3,3,21,3.5,14.2,25.0,5-2/1-9-4/7-3/6-8,published,4,1,2,押え先
2120231019010004,2023-10-19,弥彦競輪,G1,4,Ｓ級一次予選,12:03,7,根田 空史,千葉,35,94,S1,逃,3.92,107.27,1,13,4,1,1,0,3,3,10,13,10.3,20.6,55.1,5-2/1-9-4/7-3/6-8,published,3,1,2,押え先
2120231019010004,2023-10-19,弥彦競輪,G1,4,Ｓ級一次予選,12:03,8,重倉 高史,富山,38,95,S2,両,3.92,99.63,3,3,0,1,2,1,3,1,0,16,15.0,20.0,20.0,5-2/1-9-4/7-3/6-8,published,4,2,2,追込
2120231019010004,2023-10-19,弥彦競輪,G1,4,Ｓ級一次予選,12:03,9,香川 雄介,香川,49,76,S1,追,3.93,108.55,0,0,0,0,3,1,1,3,1,15,5.0,20.0,25.0,5-2/1-9-4/7-3/6-8,published,2,2,3,追込
2120231019010005,2023-10-19,弥彦競輪,G1,5,Ｓ級一次予選,12:32,1,坂口 晃輔,三重,35,95,S1,追,3.92,109.40,3,1,0,2,4,1,4,3,7,13,14.8,25.9,51.8,2-9-6/3-7-4/8-1-5,published,3,2,3,追込
2120231019010005,2023-10-19,弥彦競輪,G1,5,Ｓ級一次予選,12:32,2,吉田 有希,茨城,22,119,S1,逃,3.92,108.30,3,6,6,1,2,0,4,5,1,13,17.3,39.1,43.4,2-9-6/3-7-4/8-1-5,published,1,1,3,先行
2120231019010005,2023-10-19,弥彦競輪,G1,5,Ｓ級一次予選,12:32,3,山崎 賢人,長崎,30,111,S1,逃,3.93,113.50,0,5,4,1,0,0,2,3,1,9,13.3,33.3,40.0,2-9-6/3-7-4/8-1-5,published,2,1,3,押え先
2120231019010005,2023-10-19,弥彦競輪,G1,5,Ｓ級一次予選,12:32,4,渡部 哲男,愛媛,43,84,S1,追,3.92,106.03,3,1,0,0,5,4,5,4,4,16,17.2,31.0,44.8,2-9-6/3-7-4/8-1-5,published,2,3,3,追込
2120231019010005,2023-10-19,弥彦競輪,G1,5,Ｓ級一次予選,12:32,5,村田 雅一,兵庫,39,90,S2,追,3.92,106.07,4,0,0,1,8,2,6,5,6,12,20.6,37.9,58.6,2-9-6/3-7-4/8-1-5,published,3,3,3,追込
2120231019010005,2023-10-19,弥彦競輪,G1,5,Ｓ級一次予選,12:32,6,福田 知也,神奈川,41,88,S1,追,3.92,105.14,0,0,0,0,0,3,0,3,0,4,0.0,42.8,42.8,2-9-6/3-7-4/8-1-5,published,1,3,3,追込
2120231019010005,2023-10-19,弥彦競輪,G1,5,Ｓ級一次予選,12:32,7,桑原 大志,山口,47,80,S1,追,3.92,112.26,0,0,0,0,2,3,1,4,9,12,3.8,19.2,53.8,2-9-6/3-7-4/8-1-5,published,2,2,3,追込
2120231019010005,2023-10-19,弥彦競輪,G1,5,Ｓ級一次予選,12:32,8,志田 龍星,岐阜,26,119,S1,逃,3.92,105.84,3,14,4,3,0,0,2,5,4,14,8.0,28.0,44.0,2-9-6/3-7-4/8-1-5,published,3,1,3,押え先
2120231019010005,2023-10-19,弥彦競輪,G1,5,Ｓ級一次予選,12:32,9,内藤 秀久,神奈川,41,89,S1,追,3.92,110.43,6,0,0,0,5,7,4,8,7,11,13.3,40.0,63.3,2-9-6/3-7-4/8-1-5,published,1,2,3,追込
2120231019010006,2023-10-19,弥彦競輪,G1,6,Ｓ級一次予選,13:02,1,取鳥 雄吾,岡山,28,107,S1,逃,3.92,107.25,6,13,5,3,0,0,3,5,5,14,11.1,29.6,48.1,8-6/7-2/1-9-4/3-5,published,3,1,3,押え先
2120231019010006,2023-10-19,弥彦競輪,G1,6,Ｓ級一次予選,13:02,2,和田 健太郎,千葉,42,87,S1,追,3.92,111.33,3,0,0,1,8,4,7,6,4,10,25.9,48.1,62.9,8-6/7-2/1-9-4/3-5,published,2,2,2,追込
2120231019010006,2023-10-19,弥彦競輪,G1,6,Ｓ級一次予選,13:02,3,野田 源一,福岡,44,81,S1,両,3.92,110.92,1,0,0,6,5,1,7,5,3,12,25.9,44.4,55.5,8-6/7-2/1-9-4/3-5,published,4,1,2,自在
2120231019010006,2023-10-19,弥彦競輪,G1,6,Ｓ級一次予選,13:02,4,久米 良,徳島,35,96,S1,追,3.92,105.37,7,0,0,0,5,2,1,6,2,21,3.3,23.3,30.0,8-6/7-2/1-9-4/3-5,published,3,3,3,追込
2120231019010006,2023-10-19,弥彦競輪,G1,6,Ｓ級一次予選,13:02,5,小川 勇介,福岡,39,90,S1,追,3.92,107.67,0,0,0,0,5,5,3,7,1,17,10.7,35.7,39.2,8-6/7-2/1-9-4/3-5,published,4,2,2,追込
2120231019010006,2023-10-19,弥彦競輪,G1,6,Ｓ級一次予選,13:02,6,渡辺 正光,福島,35,95,S2,追,3.92,95.46,1,0,0,1,0,1,0,2,0,12,0.0,14.2,14.2,8-6/7-2/1-9-4/3-5,published,1,2,2,追込
2120231019010006,2023-10-19,弥彦競輪,G1,6,Ｓ級一次予選,13:02,7,渡邉 雄太,静岡,28,105,S1,逃,3.93,111.26,3,5,3,6,2,1,4,8,2,14,14.2,42.8,50.0,8-6/7-2/1-9-4/3-5,published,2,1,2,押え先
2120231019010006,2023-10-19,弥彦競輪,G1,6,Ｓ級一次予選,13:02,8,窪木 一茂,福島,34,119,S2,逃,3.93,101.66,1,0,0,1,2,0,2,1,1,2,33.3,50.0,66.6,8-6/7-2/1-9-4/3-5,published,1,1,2,自在
2120231019010006,2023-10-19,弥彦競輪,G1,6,Ｓ級一次予選,13:02,9,小倉 竜二,徳島,47,77,S1,追,3.92,111.53,3,0,0,0,2,4,2,4,8,14,7.1,21.4,50.0,8-6/7-2/1-9-4/3-5,published,3,2,3,追込
2120231019010007,2023-10-19,弥彦競輪,G1,7,Ｓ級一次予選,13:35,1,荒井 崇博,長崎,45,82,S1,両,3.92,110.55,3,1,0,1,4,3,4,4,2,10,20.0,40.0,50.0,9-1-7/5-3/6-4/8-2,published,1,2,3,追込
2120231019010007,2023-10-19,弥彦競輪,G1,7,Ｓ級一次予選,13:35,2,吉澤 純平,茨城,38,101,S1,両,3.92,107.61,1,2,0,0,2,0,1,1,2,11,6.6,13.3,26.6,9-1-7/5-3/6-4/8-2,published,4,2,2,追込
2120231019010007,2023-10-19,弥彦競輪,G1,7,Ｓ級一次予選,13:35,3,佐々木 雄一,福島,43,83,S1,追,3.93,109.50,3,0,0,1,7,0,6,2,3,11,27.2,36.3,50.0,9-1-7/5-3/6-4/8-2,published,2,2,2,追込
2120231019010007,2023-10-19,弥彦競輪,G1,7,Ｓ級一次予選,13:35,4,佐々木 龍,神奈川,32,109,S2,追,3.92,107.60,2,1,0,1,5,1,4,3,2,7,25.0,43.7,56.2,9-1-7/5-3/6-4/8-2,published,3,2,2,追込
2120231019010007,2023-10-19,弥彦競輪,G1,7,Ｓ級一次予選,13:35,5,小原 佑太,青森,27,115,S1,逃,3.92,109.40,1,2,1,0,0,0,0,1,0,4,0.0,20.0,20.0,9-1-7/5-3/6-4/8-2,published,2,1,2,押え先
2120231019010007,2023-10-19,弥彦競輪,G1,7,Ｓ級一次予選,13:35,6,堀内 俊介,神奈川,33,107,S2,逃,3.92,103.68,1,9,3,5,1,0,5,4,5,8,22.7,40.9,63.6,9-1-7/5-3/6-4/8-2,published,3,1,2,押え先
2120231019010007,2023-10-19,弥彦競輪,G1,7,Ｓ級一次予選,13:35,7,中本 匠栄,熊本,36,97,S1,追,3.92,108.76,5,0,0,2,3,3,5,3,1,12,23.8,38.0,42.8,9-1-7/5-3/6-4/8-2,published,1,3,3,追込
2120231019010007,2023-10-19,弥彦競輪,G1,7,Ｓ級一次予選,13:35,8,小林 泰正,群馬,29,113,S2,逃,3.92,105.85,4,11,4,7,2,0,7,6,2,7,31.8,59.0,68.1,9-1-7/5-3/6-4/8-2,published,4,1,2,押え先
2120231019010007,2023-10-19,弥彦競輪,G1,7,Ｓ級一次予選,13:35,9,清水 裕友,山口,28,105,S1,逃,3.92,116.19,1,3,0,3,5,1,6,3,5,8,27.2,40.9,63.6,9-1-7/5-3/6-4/8-2,published,1,1,3,先行
2120231019010008,2023-10-19,弥彦競輪,G1,8,Ｓ級一次予選,14:08,1,菅田 壱道,宮城,37,91,S1,両,3.92,110.88,8,2,1,2,3,2,4,4,3,14,16.0,32.0,44.0,1-7/2-9-5/8-3/6-4,published,1,1,2,自在
2120231019010008,2023-10-19,弥彦競輪,G1,8,Ｓ級一次予選,14:08,2,太田 海也,岡山,24,121,S2,逃,3.92,121.80,0,4,4,0,0,0,3,1,0,1,60.0,80.0,80.0,1-7/2-9-5/8-3/6-4,published,2,1,3,押え先
2120231019010008,2023-10-19,弥彦競輪,G1,8,Ｓ級一次予選,14:08,3,椎木尾 拓哉,和歌山,38,93,S1,追,3.92,107.75,3,0,0,1,6,1,6,2,3,18,20.6,27.5,37.9,1-7/2-9-5/8-3/6-4,published,3,2,2,追込
2120231019010008,2023-10-19,弥彦競輪,G1,8,Ｓ級一次予選,14:08,4,鈴木 裕,千葉,38,92,S1,両,3.92,107.56,3,3,0,3,5,1,5,4,3,14,19.2,34.6,46.1,1-7/2-9-5/8-3/6-4,published,4,2,2,追込
2120231019010008,2023-10-19,弥彦競輪,G1,8,Ｓ級一次予選,14:08,5,橋本 強,愛媛,38,89,S1,追,3.92,108.00,4,0,0,0,4,0,3,1,4,9,17.6,23.5,47.0,1-7/2-9-5/8-3/6-4,published,2,3,3,追込
2120231019010008,2023-10-19,弥彦競輪,G1,8,Ｓ級一次予選,14:08,6,新村 穣,神奈川,30,119,S2,逃,3.92,100.00,6,20,5,4,1,1,6,5,5,13,20.6,37.9,55.1,1-7/2-9-5/8-3/6-4,published,4,1,2,押え先
2120231019010008,2023-10-19,弥彦競輪,G1,8,Ｓ級一次予選,14:08,7,和田 圭,宮城,37,92,S1,追,3.92,111.88,4,0,0,0,6,2,3,5,5,14,11.1,29.6,48.1,1-7/2-9-5/8-3/6-4,published,1,2,2,追込
2120231019010008,2023-10-19,弥彦競輪,G1,8,Ｓ級一次予選,14:08,8,稲垣 裕之,京都,46,86,S1,両,3.92,107.30,2,0,0,2,3,0,3,2,4,11,15.0,25.0,45.0,1-7/2-9-5/8-3/6-4,published,3,1,2,自在
2120231019010008,2023-10-19,弥彦競輪,G1,8,Ｓ級一次予選,14:08,9,岩津 裕介,岡山,41,87,S1,追,3.92,113.25,1,0,0,1,12,6,7,12,2,7,25.0,67.8,75.0,1-7/2-9-5/8-3/6-4,published,2,2,3,追込
2120231019010009,2023-10-19,弥彦競輪,G1,9,Ｓ級一次予選,14:42,1,深谷 知広,静岡,33,96,S1,逃,3.93,114.65,4,11,5,4,6,0,11,4,4,7,42.3,57.6,73.0,1-5-7/3-9-6/8-2-4,published,1,1,3,先行
2120231019010009,2023-10-19,弥彦競輪,G1,9,Ｓ級一次予選,14:42,2,柏野 智典,岡山,45,88,S1,追,3.92,110.90,3,0,0,0,6,4,4,6,4,18,12.5,31.2,43.7,1-5-7/3-9-6/8-2-4,published,3,2,3,追込
2120231019010009,2023-10-19,弥彦競輪,G1,9,Ｓ級一次予選,14:42,3,松本 秀之介,熊本,23,117,S1,逃,3.92,106.23,0,7,4,9,0,0,10,3,3,14,33.3,43.3,53.3,1-5-7/3-9-6/8-2-4,published,2,1,3,押え先
2120231019010009,2023-10-19,弥彦競輪,G1,9,Ｓ級一次予選,14:42,4,池田 良,広島,37,91,S1,追,3.92,105.73,1,0,0,0,1,6,0,7,3,14,0.0,29.1,41.6,1-5-7/3-9-6/8-2-4,published,3,3,3,追込
2120231019010009,2023-10-19,弥彦競輪,G1,9,Ｓ級一次予選,14:42,5,諸橋 愛,新潟,46,79,S1,追,3.92,110.90,0,0,0,0,5,4,4,5,4,9,18.1,40.9,59.0,1-5-7/3-9-6/8-2-4,published,1,2,3,追込
2120231019010009,2023-10-19,弥彦競輪,G1,9,Ｓ級一次予選,14:42,6,安東 宏高,大分,41,90,S2,追,3.92,97.92,0,0,0,0,3,2,2,3,2,18,8.0,20.0,28.0,1-5-7/3-9-6/8-2-4,published,2,3,3,追込
2120231019010009,2023-10-19,弥彦競輪,G1,9,Ｓ級一次予選,14:42,7,神山 拓弥,栃木,36,91,S1,追,3.92,109.89,6,0,0,0,5,5,3,7,3,15,10.7,35.7,46.4,1-5-7/3-9-6/8-2-4,published,1,3,3,追込
2120231019010009,2023-10-19,弥彦競輪,G1,9,Ｓ級一次予選,14:42,8,島川 将貴,徳島,29,109,S1,逃,3.92,105.69,2,8,4,3,2,1,6,4,4,13,22.2,37.0,51.8,1-5-7/3-9-6/8-2-4,published,3,1,3,押え先
2120231019010009,2023-10-19,弥彦競輪,G1,9,Ｓ級一次予選,14:42,9,園田 匠,福岡,42,87,S1,追,3.92,110.72,0,0,0,0,8,1,4,5,6,12,14.8,33.3,55.5,1-5-7/3-9-6/8-2-4,published,2,2,3,追込
2120231019010010,2023-10-19,弥彦競輪,G1,10,Ｓ級特別選抜予選,15:17,1,嘉永 泰斗,熊本,25,113,S1,逃,3.92,117.63,0,9,1,14,0,1,10,6,0,7,43.4,69.5,69.5,7-3/1-5/9-2/6-8/4,published,2,1,2,押え先
2120231019010010,2023-10-19,弥彦競輪,G1,10,Ｓ級特別選抜予選,15:17,2,稲川 翔,大阪,38,90,S1,両,3.93,114.94,2,1,0,3,6,1,4,6,2,6,22.2,55.5,66.6,7-3/1-5/9-2/6-8/4,published,3,2,2,追込
2120231019010010,2023-10-19,弥彦競輪,G1,10,Ｓ級特別選抜予選,15:17,3,小松崎 大地,福島,41,99,S1,逃,3.92,109.33,0,3,3,2,3,0,3,5,1,10,15.7,42.1,47.3,7-3/1-5/9-2/6-8/4,published,1,2,2,追込
2120231019010010,2023-10-19,弥彦競輪,G1,10,Ｓ級特別選抜予選,15:17,4,河端 朋之,岡山,38,95,S1,逃,3.93,109.25,7,8,3,7,2,1,9,4,1,10,37.5,54.1,58.3,7-3/1-5/9-2/6-8/4,published,5,1,1,まくり
2120231019010010,2023-10-19,弥彦競輪,G1,10,Ｓ級特別選抜予選,15:17,5,浅井 康太,三重,39,90,S1,両,3.92,113.44,3,0,0,2,5,1,6,2,8,11,22.2,29.6,59.2,7-3/1-5/9-2/6-8/4,published,2,2,2,追込
2120231019010010,2023-10-19,弥彦競輪,G1,10,Ｓ級特別選抜予選,15:17,6,中島 詩音,山梨,25,119,S2,逃,3.92,99.60,4,11,2,2,0,1,1,4,2,13,5.0,25.0,35.0,7-3/1-5/9-2/6-8/4,published,4,1,2,押え先
2120231019010010,2023-10-19,弥彦競輪,G1,10,Ｓ級特別選抜予選,15:17,7,新山 響平,青森,29,107,SS,逃,3.92,114.56,9,19,11,3,0,0,9,5,5,13,28.1,43.7,59.3,7-3/1-5/9-2/6-8/4,published,1,1,2,先行
2120231019010010,2023-10-19,弥彦競輪,G1,10,Ｓ級特別選抜予選,15:17,8,末木 浩二,山梨,32,109,S1,逃,3.92,102.64,4,5,0,4,4,0,6,2,3,14,24.0,32.0,44.0,7-3/1-5/9-2/6-8/4,published,4,2,2,追込
2120231019010010,2023-10-19,弥彦競輪,G1,10,Ｓ級特別選抜予選,15:17,9,山田 久徳,京都,36,93,S1,両,3.92,111.39,3,2,0,5,7,2,7,7,2,12,25.0,50.0,57.1,7-3/1-5/9-2/6-8/4,published,3,1,2,自在
2120231019010011,2023-10-19,弥彦競輪,G1,11,Ｓ級特別選抜予選,15:52,1,眞杉 匠,栃木,24,113,S1,逃,3.92,115.10,4,19,10,6,0,0,11,5,4,9,37.9,55.1,68.9,1-9/3-6-8/5-2-4/7,published,1,1,2,先行
2120231019010011,2023-10-19,弥彦競輪,G1,11,Ｓ級特別選抜予選,15:52,2,山田 庸平,佐賀,35,94,S1,両,3.93,115.10,2,1,1,1,6,1,7,2,3,8,35.0,45.0,60.0,1-9/3-6-8/5-2-4/7,published,3,2,3,競り
2120231019010011,2023-10-19,弥彦競輪,G1,11,Ｓ級特別選抜予選,15:52,3,中野 慎詞,岩手,24,121,S1,逃,3.92,114.20,0,3,1,0,0,0,0,1,1,3,0.0,20.0,40.0,1-9/3-6-8/5-2-4/7,published,2,1,3,押え先
2120231019010011,2023-10-19,弥彦競輪,G1,11,Ｓ級特別選抜予選,15:52,4,南 修二,大阪,42,88,S1,追,3.92,114.12,0,0,0,1,6,1,5,3,1,8,29.4,47.0,52.9,1-9/3-6-8/5-2-4/7,published,3,3,3,競り
2120231019010011,2023-10-19,弥彦競輪,G1,11,Ｓ級特別選抜予選,15:52,5,犬伏 湧也,徳島,28,119,S1,逃,3.92,115.51,3,23,10,7,1,0,16,2,1,10,55.1,62.0,65.5,1-9/3-6-8/5-2-4/7,published,3,1,3,押え先
2120231019010011,2023-10-19,弥彦競輪,G1,11,Ｓ級特別選抜予選,15:52,6,渡邉 一成,福島,40,88,S1,逃,3.93,107.03,12,20,7,1,1,0,4,5,5,17,12.9,29.0,45.1,1-9/3-6-8/5-2-4/7,published,2,2,3,追込
2120231019010011,2023-10-19,弥彦競輪,G1,11,Ｓ級特別選抜予選,15:52,7,松井 宏佑,神奈川,31,113,S1,逃,3.92,113.41,3,9,7,4,0,0,7,4,2,5,38.8,61.1,72.2,1-9/3-6-8/5-2-4/7,published,4,1,1,まくり
2120231019010011,2023-10-19,弥彦競輪,G1,11,Ｓ級特別選抜予選,15:52,8,成田 和也,福島,44,88,S1,追,3.92,108.33,2,0,0,0,1,2,0,3,1,9,0.0,23.0,30.7,1-9/3-6-8/5-2-4/7,published,2,3,3,追込
2120231019010011,2023-10-19,弥彦競輪,G1,11,Ｓ級特別選抜予選,15:52,9,平原 康多,埼玉,41,87,SS,両,3.92,115.61,6,1,0,1,7,0,4,4,5,8,19.0,38.0,61.9,1-9/3-6-8/5-2-4/7,published,1,2,2,追込
2120231019010012,2023-10-19,弥彦競輪,G1,12,Ｓ級日本選手会理事長杯,16:30,1,松浦 悠士,広島,32,98,SS,両,3.92,116.35,0,1,0,4,4,3,7,4,2,5,38.8,61.1,72.2,5-2-9/1/3/4/6-8/7,published,2,1,1,自在
2120231019010012,2023-10-19,弥彦競輪,G1,12,Ｓ級日本選手会理事長杯,16:30,2,佐藤 慎太郎,福島,46,78,SS,追,3.92,116.21,2,0,0,1,12,4,6,11,2,9,21.4,60.7,67.8,5-2-9/1/3/4/6-8/7,published,1,2,3,追込
2120231019010012,2023-10-19,弥彦競輪,G1,12,Ｓ級日本選手会理事長杯,16:30,3,郡司 浩平,神奈川,33,99,SS,両,3.92,114.45,3,8,4,7,4,2,12,5,3,11,38.7,54.8,64.5,5-2-9/1/3/4/6-8/7,published,3,1,1,自在
2120231019010012,2023-10-19,弥彦競輪,G1,12,Ｓ級日本選手会理事長杯,16:30,4,山口 拳矢,岐阜,27,117,S1,逃,3.92,115.26,4,4,2,7,5,0,10,4,2,8,41.6,58.3,66.6,5-2-9/1/3/4/6-8/7,published,4,1,1,自在
2120231019010012,2023-10-19,弥彦競輪,G1,12,Ｓ級日本選手会理事長杯,16:30,5,新田 祐大,福島,37,90,SS,両,3.92,114.70,4,5,1,7,0,0,4,4,2,8,22.2,44.4,55.5,5-2-9/1/3/4/6-8/7,published,1,1,3,先行
2120231019010012,2023-10-19,弥彦競輪,G1,12,Ｓ級日本選手会理事長杯,16:30,6,菊池 岳仁,長野,23,117,S1,逃,3.92,105.28,4,12,2,1,1,0,1,3,8,13,4.0,16.0,48.0,5-2-9/1/3/4/6-8/7,published,5,1,2,押え先
2120231019010012,2023-10-19,弥彦競輪,G1,12,Ｓ級日本選手会理事長杯,16:30,7,古性 優作,大阪,32,100,SS,両,3.92,117.33,0,1,0,5,4,1,5,5,2,6,27.7,55.5,66.6,5-2-9/1/3/4/6-8/7,published,6,1,1,自在
2120231019010012,2023-10-19,弥彦競輪,G1,12,Ｓ級日本選手会理事長杯,16:30,8,雨谷 一樹,栃木,33,96,S1,両,3.92,108.39,6,4,1,3,5,0,7,2,4,16,24.1,31.0,44.8,5-2-9/1/3/4/6-8/7,published,5,2,2,追込
2120231019010012,2023-10-19,弥彦競輪,G1,12,Ｓ級日本選手会理事長杯,16:30,9,守澤 太志,秋田,38,96,SS,追,3.92,114.27,2,0,0,1,5,0,5,1,2,12,25.0,30.0,40.0,5-2-9/1/3/4/6-8/7,published,1,3,3,追込
