race_id,race_date,track,race_no,actual_1st,v15_top1,v15_top1_hit,v15_first_candidates,v15_candidate_count,v15_candidate_hit,v15_top1_prob,v15_top2_prob,v15_prob_gap12,v11_top1,v11_top1_hit
2720240429010006,2024-04-29,京王閣競輪,6,2,1,0,1-7-2,3,1,0.47807101410303654,0.17699078655637854,0.301080227546658,1,0
2720240429010007,2024-04-29,京王閣競輪,7,4,4,1,4-1-2,3,1,0.343872081284947,0.22801869977811567,0.11585338150683133,1,0
2720240429010008,2024-04-29,京王閣競輪,8,7,5,0,5-7,2,1,0.5475295974047296,0.1893322955319906,0.358197301872739,7,1
2720240429010009,2024-04-29,京王閣競輪,9,2,3,0,3-2-7,3,1,0.5195375962880845,0.13589505893230555,0.3836425373557789,3,0
2720240429010010,2024-04-29,京王閣競輪,10,3,7,0,7-5-3,3,1,0.3394752129391176,0.2570967830344314,0.08237842990468619,7,0
2720240429010011,2024-04-29,京王閣競輪,11,1,1,1,1-4-2,3,1,0.49841407285922995,0.17649429012360954,0.3219197827356204,1,1
2720240429010012,2024-04-29,京王閣競輪,12,3,2,0,2-4-5,3,0,0.4929796195249913,0.14659168932170397,0.34638793020328734,2,0
4620240427030005,2024-04-29,富山競輪,5,1,5,0,5-7-2,3,0,0.37826888793691593,0.21865393306651065,0.15961495487040528,5,0
4620240427030006,2024-04-29,富山競輪,6,1,1,1,1-7-3,3,1,0.4081962759080729,0.2201704161521008,0.18802585975597208,7,0
4620240427030007,2024-04-29,富山競輪,7,4,4,1,4-7-5,3,1,0.49877649281022474,0.1406335468560549,0.35814294595416984,4,1
4620240427030008,2024-04-29,富山競輪,8,1,1,1,1-7-3,3,1,0.2631141305818235,0.24365457855464343,0.019459552027180055,3,0
4620240427030009,2024-04-29,富山競輪,9,1,1,1,1-7-2,3,1,0.4232504159527612,0.22338099923496202,0.19986941671779918,7,0
4620240427030010,2024-04-29,富山競輪,10,5,7,0,7-5-4,3,1,0.3394836674976021,0.33172219259439284,0.007761474903209276,5,1
4620240427030012,2024-04-29,富山競輪,12,4,3,0,3-4-7,3,1,0.38103862093776747,0.2096432285797027,0.17139539235806478,3,0
2720240429020008,2024-04-30,京王閣競輪,8,2,1,0,1-2-5,3,1,0.3382951254244959,0.226097785193278,0.11219734023121791,1,0
2720240429020009,2024-04-30,京王閣競輪,9,5,2,0,2-5,2,1,0.6911691121548983,0.08710884770613873,0.6040602644487596,2,0
2720240429020010,2024-04-30,京王閣競輪,10,7,2,0,2-1-4,3,0,0.49665128844504547,0.15099090662454806,0.3456603818204974,4,0
2720240429020011,2024-04-30,京王閣競輪,11,1,2,0,2-1-4,3,1,0.48777178992821496,0.15889569473755064,0.3288760951906643,1,1
2720240429020012,2024-04-30,京王閣競輪,12,4,2,0,2-3-7,3,0,0.3430367911514342,0.24166754507544397,0.10136924607599024,2,0
4820240430010006,2024-04-30,四日市競輪,6,1,2,0,2-1-5,3,1,0.4146969424251759,0.17248400386953952,0.2422129385556364,2,0
4820240430010007,2024-04-30,四日市競輪,7,3,3,1,3-7-2,3,1,0.5158507101499075,0.18236918420500528,0.3334815259449022,3,1
4820240430010008,2024-04-30,四日市競輪,8,3,4,0,4-1-2,3,0,0.4213506504934857,0.19022106703484756,0.23112958345863813,4,0
4820240430010009,2024-04-30,四日市競輪,9,1,7,0,7-1-3,3,1,0.3693211844529299,0.2901192436972532,0.07920194075567666,1,1
4820240430010010,2024-04-30,四日市競輪,10,1,2,0,2-7-1,3,1,0.3217565244663745,0.2467635231355531,0.07499300133082137,1,1
4820240430010011,2024-04-30,四日市競輪,11,3,3,1,3-5,2,1,0.43395382761504797,0.347583856170938,0.08636997144410996,5,0
4820240430010012,2024-04-30,四日市競輪,12,2,7,0,7-5-2,3,1,0.43489129236900015,0.1909046787287175,0.24398661364028265,7,0
2720240429030005,2024-05-01,京王閣競輪,5,2,3,0,3-7-2,3,1,0.2741358067420575,0.18774479457101348,0.08639101217104403,3,0
2720240429030006,2024-05-01,京王閣競輪,6,4,7,0,7-4-3,3,1,0.3481868353247336,0.3063721819016515,0.041814653423082104,4,1
2720240429030007,2024-05-01,京王閣競輪,7,1,3,0,3-5-7,3,0,0.23295229068122575,0.1918844698772855,0.04106782080394025,3,0
2720240429030008,2024-05-01,京王閣競輪,8,7,7,1,7-3-2,3,1,0.42897200963805066,0.1727331324835015,0.2562388771545492,7,1
2720240429030009,2024-05-01,京王閣競輪,9,4,4,1,4-5-1,3,1,0.46375241882651724,0.21900373727301858,0.24474868155349866,4,1
2720240429030010,2024-05-01,京王閣競輪,10,3,3,1,3-7,2,1,0.5464426118503912,0.19780746318496092,0.34863514866543033,3,1
2720240429030012,2024-05-01,京王閣競輪,12,5,1,0,1-3,2,0,0.4386672013904913,0.34884506955401007,0.08982213183648124,1,0
4820240430020006,2024-05-01,四日市競輪,6,4,5,0,5-2-4,3,1,0.3406920712751106,0.22429404253756,0.11639802873755059,5,0
4820240430020007,2024-05-01,四日市競輪,7,5,2,0,2-5,2,1,0.5052184306253157,0.33008356050369153,0.17513487012162415,2,0
4820240430020008,2024-05-01,四日市競輪,8,5,5,1,5-7-2,3,1,0.5336872137029292,0.12633611736055123,0.4073510963423779,5,1
4820240430020009,2024-05-01,四日市競輪,9,1,5,0,5-1-4,3,1,0.48483227524104905,0.16067565506143272,0.32415662017961633,5,0
4820240430020010,2024-05-01,四日市競輪,10,7,7,1,7-3-5,3,1,0.3117854959057808,0.19233811141948906,0.11944738448629175,7,1
4820240430020011,2024-05-01,四日市競輪,11,7,2,0,2-1-7,3,1,0.33600826423409846,0.2237428071346604,0.11226545709943805,7,1
4820240430020012,2024-05-01,四日市競輪,12,1,1,1,1-4,2,1,0.42840410195296497,0.3220959614475134,0.10630814050545156,4,0
4820240430030005,2024-05-02,四日市競輪,5,2,4,0,4-5,2,0,0.5943935930796642,0.12025660370644256,0.4741369893732217,4,0
4820240430030006,2024-05-02,四日市競輪,6,4,3,0,3-4-7,3,1,0.4908875930337675,0.11803625152176779,0.3728513415119997,4,1
4820240430030007,2024-05-02,四日市競輪,7,1,1,1,1,1,1,0.7940710888391369,0.07194529617336409,0.7221257926657728,1,1
4820240430030008,2024-05-02,四日市競輪,8,4,2,0,2-4-5,3,1,0.40161372996306094,0.2702081018622187,0.13140562810084222,2,0
4820240430030009,2024-05-02,四日市競輪,9,2,2,1,2-3-1,3,1,0.5441136170672225,0.12520060285270956,0.41891301421451294,3,0
4820240430030010,2024-05-02,四日市競輪,10,1,1,1,1-2,2,1,0.6688517801157418,0.07335637877120697,0.5954954013445348,1,1
4820240430030012,2024-05-02,四日市競輪,12,2,5,0,5-3-7,3,0,0.3285644205334131,0.3194392192380958,0.009125201295317298,3,0
2420240503010006,2024-05-03,宇都宮競輪,6,2,5,0,5-1,2,0,0.5094810452904991,0.2130606322617601,0.296420413028739,5,0
2420240503010007,2024-05-03,宇都宮競輪,7,7,2,0,2-7-3,3,1,0.4603462966411502,0.16108864751827717,0.299257649122873,2,0
2420240503010008,2024-05-03,宇都宮競輪,8,4,1,0,1-3-5,3,0,0.361489876086029,0.2700351843818089,0.0914546917042201,1,0
2420240503010009,2024-05-03,宇都宮競輪,9,3,7,0,7-1-4,3,0,0.3603013897789226,0.30920857908992005,0.051092810689002566,7,0
2420240503010010,2024-05-03,宇都宮競輪,10,7,3,0,3-7,2,1,0.5346483614092787,0.21372964541356373,0.320918715995715,3,0
2420240503010011,2024-05-03,宇都宮競輪,11,3,1,0,1-5,2,0,0.5350513709915145,0.23407012476949474,0.3009812462220197,1,0
2420240503010012,2024-05-03,宇都宮競輪,12,7,4,0,4-7-3,3,1,0.23404568559295014,0.1671396810382272,0.06690600455472293,3,0
2420240503020006,2024-05-04,宇都宮競輪,6,1,2,0,2-3-4,3,0,0.5729767581300744,0.10678615467940879,0.46619060345066565,2,0
2420240503020007,2024-05-04,宇都宮競輪,7,3,3,1,3-7-4,3,1,0.36944687688282396,0.17061024854754328,0.19883662833528068,3,1
2420240503020008,2024-05-04,宇都宮競輪,8,3,2,0,2-1-3,3,1,0.3490675863881643,0.2109694653966799,0.1380981209914844,2,0
2420240503020009,2024-05-04,宇都宮競輪,9,7,4,0,4-5-2,3,0,0.26006185816309074,0.252250055852597,0.007811802310493721,4,0
2420240503020010,2024-05-04,宇都宮競輪,10,4,7,0,7-5-1,3,0,0.34860892415929184,0.32331867594448477,0.025290248214807076,7,0
2420240503020011,2024-05-04,宇都宮競輪,11,5,7,0,7-2-1,3,0,0.39875883126942263,0.285877046981443,0.11288178428797963,7,0
2420240503020012,2024-05-04,宇都宮競輪,12,2,3,0,3-1-7,3,0,0.3003675203927087,0.2121383020909218,0.0882292183017869,2,1
2420240503030006,2024-05-05,宇都宮競輪,6,3,1,0,1-3-5,3,1,0.2829260832622837,0.22700684862587386,0.055919234636409826,3,1
2420240503030007,2024-05-05,宇都宮競輪,7,2,1,0,1-3,2,0,0.473311777947296,0.2887084819263901,0.18460329602090592,1,0
2420240503030008,2024-05-05,宇都宮競輪,8,5,3,0,3-1-7,3,0,0.2733316218741579,0.23676610277098917,0.036565519103168714,3,0
2420240503030009,2024-05-05,宇都宮競輪,9,3,1,0,1-7-3,3,1,0.3177767123234245,0.26444781765363096,0.05332889466979357,1,0
2420240503030010,2024-05-05,宇都宮競輪,10,6,7,0,7-1-3,3,0,0.40347675756008317,0.1718052523077699,0.23167150525231325,7,0
2420240503030012,2024-05-05,宇都宮競輪,12,1,2,0,2-1-3,3,1,0.2892994896656653,0.19389792787145135,0.09540156179421397,1,1
