race_id,entrant_count,entrants,favorite,favorite_odds,favorite_consensus,second_to_fav_odds_ratio,candidate_count,core_pair,four_cars,result,A_2of3_representatives_tickets,A_2of3_representatives_stake_yen,A_2of3_representatives_payout_yen,A_2of3_representatives_hit,B_core_pair_all_tickets,B_core_pair_all_stake_yen,B_core_pair_all_payout_yen,B_core_pair_all_hit,C_four_car_box_tickets,C_four_car_box_stake_yen,C_four_car_box_payout_yen,C_four_car_box_hit,D_four_car_without_favorite_tickets,D_four_car_without_favorite_stake_yen,D_four_car_without_favorite_payout_yen,D_four_car_without_favorite_hit
1120230427010006,7,1-2-3-4-5-6-7,1-3-7,6.0,0.11488685512665485,1.0666666666666667,1,3-5,1-3-5-7,1-5-7,3-5-7,100,0,0,1-3-5|2-3-5|3-4-5|3-5-6|3-5-7,500,0,0,1-3-5|1-3-7|1-5-7|3-5-7,400,640,1,1-3-5|1-5-7|3-5-7,300,640,1
1120230622010007,7,1-2-3-4-5-6-7,2-5-7,4.2,0.18393136665370088,1.1904761904761905,1,2-5,,2-3-5,2-5-6,100,0,0,1-2-5|2-3-5|2-4-5|2-5-6|2-5-7,500,500,1,,0,0,0,,0,0,0
1120230622010009,7,1-2-3-4-5-6-7,1-3-7,4.2,0.184114530023738,1.1428571428571428,2,1-3,1-3-4-7,1-3-4,1-3-4|1-3-5,200,570,1,1-2-3|1-3-4|1-3-5|1-3-6|1-3-7,500,570,1,1-3-4|1-3-7|1-4-7|3-4-7,400,570,1,1-3-4|1-4-7|3-4-7,300,570,1
1120230823010010,7,1-2-3-4-5-6-7,3-4-7,4.1,0.18379247231222795,1.0731707317073174,0,,,2-3-4,,0,0,0,,0,0,0,,0,0,0,,0,0,0
1120231023010006,7,1-2-3-4-5-6-7,2-4-7,5.6,0.1336285003499203,1.1071428571428572,3,4-7,2-4-6-7,1-2-5,1-4-7|3-4-7|4-6-7,300,0,0,1-4-7|2-4-7|3-4-7|4-5-7|4-6-7,500,0,0,2-4-6|2-4-7|2-6-7|4-6-7,400,0,0,2-4-6|2-6-7|4-6-7,300,0,0
1120231023010007,7,1-2-3-4-5-6-7,1-4-7,4.7,0.15538002678289026,1.148936170212766,1,3-4,1-3-4-7,2-3-5,3-4-7,100,0,0,1-3-4|2-3-4|3-4-5|3-4-6|3-4-7,500,0,0,1-3-4|1-3-7|1-4-7|3-4-7,400,0,0,1-3-4|1-3-7|3-4-7,300,0,0
1120231023010008,7,1-2-3-4-5-6-7,1-3-4,4.6,0.15600475299301406,1.0869565217391306,3,1-4,1-3-4-7,1-5-7,1-2-4|1-4-5|3-4-7,300,0,0,1-2-4|1-3-4|1-4-5|1-4-6|1-4-7,500,0,0,1-3-4|1-3-7|1-4-7|3-4-7,400,0,0,1-3-7|1-4-7|3-4-7,300,0,0
1120231023010009,7,1-2-3-4-5-6-7,1-3-4,5.0,0.15141869368994726,1.02,3,3-4,1-3-4-5,1-3-5,2-3-4|3-4-5|3-4-7,300,0,0,1-3-4|2-3-4|3-4-5|3-4-6|3-4-7,500,0,0,1-3-4|1-3-5|1-4-5|3-4-5,400,640,1,1-3-5|1-4-5|3-4-5,300,640,1
1120231023010010,7,1-2-3-4-5-6-7,1-3-4,4.5,0.1663947787332924,1.1111111111111112,1,1-4,1-3-4-5,1-4-6,1-4-5,100,0,0,1-2-4|1-3-4|1-4-5|1-4-6|1-4-7,500,1220,1,1-3-4|1-3-5|1-4-5|3-4-5,400,0,0,1-3-5|1-4-5|3-4-5,300,0,0
1220230724010009,7,1-2-3-4-5-6-7,2-4-7,5.7,0.1246658009861385,1.1052631578947367,1,3-4,2-3-4-7,2-3-7,3-4-7,100,0,0,1-3-4|2-3-4|3-4-5|3-4-6|3-4-7,500,0,0,2-3-4|2-3-7|2-4-7|3-4-7,400,1860,1,2-3-4|2-3-7|3-4-7,300,1860,1
1220230807010007,7,1-2-3-4-5-6-7,2-4-5,6.7,0.10728928428415326,1.0746268656716418,3,2-5,1-2-4-5,2-4-7,1-2-5|2-4-7|2-5-6,300,720,1,1-2-5|2-3-5|2-4-5|2-5-6|2-5-7,500,0,0,1-2-4|1-2-5|1-4-5|2-4-5,400,0,0,1-2-4|1-2-5|1-4-5,300,0,0
1220230807010008,7,1-2-3-4-5-6-7,1-2-7,4.1,0.1870073398203755,1.0,2,1-7,1-2-5-7,1-2-4,1-5-7|1-6-7,200,0,0,1-2-7|1-3-7|1-4-7|1-5-7|1-6-7,500,0,0,1-2-5|1-2-7|1-5-7|2-5-7,400,0,0,1-2-5|1-5-7|2-5-7,300,0,0
1220231012010009,7,1-2-3-4-5-6-7,3-5-7,4.3,0.17566665345358032,1.0930232558139537,1,3-4,3-4-5-7,3-5-7,3-4-7,100,0,0,1-3-4|2-3-4|3-4-5|3-4-6|3-4-7,500,0,0,3-4-5|3-4-7|3-5-7|4-5-7,400,430,1,3-4-5|3-4-7|4-5-7,300,0,0
1220231020010008,7,1-2-3-4-5-6-7,1-4-7,5.7,0.12234171618391165,1.0175438596491226,2,1-4,1-4-6-7,3-4-7,1-2-4|1-4-6,200,0,0,1-2-4|1-3-4|1-4-5|1-4-6|1-4-7,500,0,0,1-4-6|1-4-7|1-6-7|4-6-7,400,0,0,1-4-6|1-6-7|4-6-7,300,0,0
1320230101010008,7,1-2-3-4-5-6-7,1-2-4,4.5,0.1656187053308488,1.1777777777777778,1,1-4,1-2-4-6,2-3-5,1-4-6,100,0,0,1-2-4|1-3-4|1-4-5|1-4-6|1-4-7,500,0,0,1-2-4|1-2-6|1-4-6|2-4-6,400,0,0,1-2-6|1-4-6|2-4-6,300,0,0
1320230207010006,7,1-2-3-4-5-6-7,2-3-4,5.3,0.1462981453310508,1.0,2,2-4,2-3-4-7,2-3-4,1-2-4|2-4-7,200,0,0,1-2-4|2-3-4|2-4-5|2-4-6|2-4-7,500,530,1,2-3-4|2-3-7|2-4-7|3-4-7,400,530,1,2-3-7|2-4-7|3-4-7,300,0,0
1320230313010009,7,1-2-3-4-5-6-7,3-4-7,4.1,0.17098931961109437,1.048780487804878,4,3-7,3-4-5-7,1-4-7,1-3-7|2-3-7|3-5-7|3-6-7,400,0,0,1-3-7|2-3-7|3-4-7|3-5-7|3-6-7,500,0,0,3-4-5|3-4-7|3-5-7|4-5-7,400,0,0,3-4-5|3-5-7|4-5-7,300,0,0
1320230417010007,7,1-2-3-4-5-6-7,3-4-7,5.7,0.13378806949072158,1.1228070175438596,2,4-7,2-3-4-7,2-4-5,2-4-7|4-6-7,200,0,0,1-4-7|2-4-7|3-4-7|4-5-7|4-6-7,500,0,0,2-3-4|2-3-7|2-4-7|3-4-7,400,0,0,2-3-4|2-3-7|2-4-7,300,0,0
1320230417010008,7,1-2-3-4-5-6-7,3-5-7,4.8,0.1614052182913048,1.0625,2,1-3,1-3-5-7,3-5-6,1-3-5|2-3-7,200,0,0,1-2-3|1-3-4|1-3-5|1-3-6|1-3-7,500,0,0,1-3-5|1-3-7|1-5-7|3-5-7,400,0,0,1-3-5|1-3-7|1-5-7,300,0,0
1320231229010009,7,1-2-3-4-5-6-7,1-3-5,4.3,0.1695431706131915,1.0232558139534884,2,3-4,1-3-4-5,1-3-5,1-3-6|3-4-5,200,0,0,1-3-4|2-3-4|3-4-5|3-4-6|3-4-7,500,0,0,1-3-4|1-3-5|1-4-5|3-4-5,400,430,1,1-3-4|1-4-5|3-4-5,300,0,0
2120230703010009,7,1-2-3-4-5-6-7,2-3-4,4.6,0.1718029604114654,1.0869565217391306,1,3-4,,1-3-4,3-4-7,100,0,0,1-3-4|2-3-4|3-4-5|3-4-6|3-4-7,500,790,1,,0,0,0,,0,0,0
2120230916010006,7,1-2-3-4-5-6-7,1-2-7,4.7,0.15745642914445834,1.0851063829787233,1,1-6,1-2-6-7,3-5-7,1-6-7,100,0,0,1-2-6|1-3-6|1-4-6|1-5-6|1-6-7,500,0,0,1-2-6|1-2-7|1-6-7|2-6-7,400,0,0,1-2-6|1-6-7|2-6-7,300,0,0
2120230916010007,7,1-2-3-4-5-6-7,2-3-5,4.6,0.1712831687944534,1.1956521739130437,0,,,1-2-5,,0,0,0,,0,0,0,,0,0,0,,0,0,0
2120230921010006,7,1-2-3-4-5-6-7,1-3-4,4.2,0.1784433184996498,1.0476190476190477,1,1-4,1-3-4-6,1-4-5,1-4-6,100,0,0,1-2-4|1-3-4|1-4-5|1-4-6|1-4-7,500,440,1,1-3-4|1-3-6|1-4-6|3-4-6,400,0,0,1-3-6|1-4-6|3-4-6,300,0,0
2120230921010007,7,1-2-3-4-5-6-7,2-3-5,4.7,0.1664250892222664,1.0212765957446808,2,3-5,,3-4-7,2-4-5|3-5-6,200,0,0,1-3-5|2-3-5|3-4-5|3-5-6|3-5-7,500,0,0,,0,0,0,,0,0,0
2120231006010010,7,1-2-3-4-5-6-7,1-2-5,4.3,0.18814058412812515,1.0232558139534884,2,2-5,,1-2-5,1-2-7|2-5-6,200,0,0,1-2-5|2-3-5|2-4-5|2-5-6|2-5-7,500,430,1,,0,0,0,,0,0,0
2220230128010008,7,1-2-3-4-5-6-7,1-3-4,4.6,0.17236451826556257,1.108695652173913,2,1-3,,1-4-6,1-3-5|1-3-7,200,0,0,1-2-3|1-3-4|1-3-5|1-3-6|1-3-7,500,0,0,,0,0,0,,0,0,0
2220230728010011,7,1-2-3-4-5-6-7,1-4-7,4.8,0.158716281453428,1.1666666666666667,1,1-3,1-3-4-7,1-3-4,1-3-7,100,0,0,1-2-3|1-3-4|1-3-5|1-3-6|1-3-7,500,3230,1,1-3-4|1-3-7|1-4-7|3-4-7,400,3230,1,1-3-4|1-3-7|3-4-7,300,3230,1
2220230828010008,7,1-2-3-4-5-6-7,1-4-7,4.5,0.17412089636117403,1.0222222222222221,0,,,2-3-5,,0,0,0,,0,0,0,,0,0,0,,0,0,0
2220230828010009,7,1-2-3-4-5-6-7,1-3-4,4.5,0.17663314999960217,1.088888888888889,0,,,1-3-4,,0,0,0,,0,0,0,,0,0,0,,0,0,0
2320230101010008,7,1-2-3-4-5-6-7,1-3-4,4.9,0.15241807164755225,1.0816326530612244,1,1-3,1-3-4-7,3-5-7,1-3-7,100,0,0,1-2-3|1-3-4|1-3-5|1-3-6|1-3-7,500,0,0,1-3-4|1-3-7|1-4-7|3-4-7,400,0,0,1-3-7|1-4-7|3-4-7,300,0,0
2320230101010009,7,1-2-3-4-5-6-7,1-2-3,7.4,0.09809508297030876,1.1756756756756754,2,1-2,1-2-3-5,1-3-7,1-2-5|1-3-7,200,1390,1,1-2-3|1-2-4|1-2-5|1-2-6|1-2-7,500,0,0,1-2-3|1-2-5|1-3-5|2-3-5,400,0,0,1-2-5|1-3-5|2-3-5,300,0,0
2320230410010006,7,1-2-3-4-5-6-7,2-4-5,4.0,0.18765599233834065,1.125,2,2-5,2-4-5-7,1-4-7,2-4-6|2-5-7,200,0,0,1-2-5|2-3-5|2-4-5|2-5-6|2-5-7,500,0,0,2-4-5|2-4-7|2-5-7|4-5-7,400,0,0,2-4-7|2-5-7|4-5-7,300,0,0
2320230424010006,7,1-2-3-4-5-6-7,1-3-5,5.0,0.16043457528435906,1.04,0,,,3-5-7,,0,0,0,,0,0,0,,0,0,0,,0,0,0
2420230111010009,7,1-2-3-4-5-6-7,1-5-7,4.7,0.13954746914580135,1.127659574468085,4,5-7,1-3-5-7,2-4-7,1-2-7|1-4-7|3-5-7|5-6-7,400,0,0,1-5-7|2-5-7|3-5-7|4-5-7|5-6-7,500,0,0,1-3-5|1-3-7|1-5-7|3-5-7,400,0,0,1-3-5|1-3-7|3-5-7,300,0,0
2420230322010006,7,1-2-3-4-5-6-7,1-2-7,4.7,0.16191966230790908,1.0425531914893618,2,1-7,1-2-5-7,2-3-6,1-5-7|1-6-7,200,0,0,1-2-7|1-3-7|1-4-7|1-5-7|1-6-7,500,0,0,1-2-5|1-2-7|1-5-7|2-5-7,400,0,0,1-2-5|1-5-7|2-5-7,300,0,0
2420230322010007,7,1-2-3-4-5-6-7,1-3-4,5.0,0.13810362273324772,1.0,2,3-4,1-3-4-6,1-3-7,1-3-5|3-4-6,200,0,0,1-3-4|2-3-4|3-4-5|3-4-6|3-4-7,500,0,0,1-3-4|1-3-6|1-4-6|3-4-6,400,0,0,1-3-6|1-4-6|3-4-6,300,0,0
2420230322010008,7,1-2-3-4-5-6-7,2-3-7,4.5,0.1833363788116081,1.088888888888889,1,2-4,2-3-4-7,4-5-7,2-4-7,100,0,0,1-2-4|2-3-4|2-4-5|2-4-6|2-4-7,500,0,0,2-3-4|2-3-7|2-4-7|3-4-7,400,0,0,2-3-4|2-4-7|3-4-7,300,0,0
2420230912010007,7,1-2-3-4-5-6-7,1-2-5,4.5,0.16073366177293086,1.0666666666666667,3,2-5,1-2-5-6,1-3-5,1-2-7|2-4-5|2-5-6,300,0,0,1-2-5|2-3-5|2-4-5|2-5-6|2-5-7,500,0,0,1-2-5|1-2-6|1-5-6|2-5-6,400,0,0,1-2-6|1-5-6|2-5-6,300,0,0
2520230308010008,7,1-2-3-4-5-6-7,1-2-7,4.5,0.16138348390392193,1.0444444444444445,2,2-7,1-2-3-7,1-2-7,2-3-7|2-5-7,200,0,0,1-2-7|2-3-7|2-4-7|2-5-7|2-6-7,500,450,1,1-2-3|1-2-7|1-3-7|2-3-7,400,450,1,1-2-3|1-3-7|2-3-7,300,0,0
2520230531010008,7,1-2-3-4-5-6-7,3-5-7,4.8,0.16112901806612007,1.1458333333333335,2,1-3,1-3-5-7,2-3-5,1-3-7|3-5-6,200,0,0,1-2-3|1-3-4|1-3-5|1-3-6|1-3-7,500,0,0,1-3-5|1-3-7|1-5-7|3-5-7,400,0,0,1-3-5|1-3-7|1-5-7,300,0,0
2620230108010009,7,1-2-3-4-5-6-7,3-4-7,4.4,0.16585623598070454,1.159090909090909,2,3-4,1-3-4-7,3-4-6,1-3-4|3-4-5,200,0,0,1-3-4|2-3-4|3-4-5|3-4-6|3-4-7,500,1890,1,1-3-4|1-3-7|1-4-7|3-4-7,400,0,0,1-3-4|1-3-7|1-4-7,300,0,0
2620230108010010,7,1-2-3-4-5-6-7,2-4-6,6.1,0.12884562296223637,1.1475409836065575,1,3-4,2-3-4-6,2-6-7,3-4-6,100,0,0,1-3-4|2-3-4|3-4-5|3-4-6|3-4-7,500,0,0,2-3-4|2-3-6|2-4-6|3-4-6,400,0,0,2-3-4|2-3-6|3-4-6,300,0,0
2620230419010007,7,1-2-3-4-5-6-7,1-3-7,4.5,0.16644971827714364,1.0222222222222221,3,1-7,1-3-4-7,3-5-7,1-4-7|1-6-7|2-3-7,300,0,0,1-2-7|1-3-7|1-4-7|1-5-7|1-6-7,500,0,0,1-3-4|1-3-7|1-4-7|3-4-7,400,0,0,1-3-4|1-4-7|3-4-7,300,0,0
2620230525010009,7,1-2-3-4-5-6-7,1-4-7,4.3,0.16929211048619353,1.1627906976744187,1,1-4,1-4-5-7,3-4-6,1-4-5,100,0,0,1-2-4|1-3-4|1-4-5|1-4-6|1-4-7,500,0,0,1-4-5|1-4-7|1-5-7|4-5-7,400,0,0,1-4-5|1-5-7|4-5-7,300,0,0
2620231223010006,7,1-2-3-4-5-6-7,3-6-7,4.9,0.1461877944518677,1.2040816326530612,2,1-6,1-3-6-7,1-3-5,1-6-7|3-4-6,200,0,0,1-2-6|1-3-6|1-4-6|1-5-6|1-6-7,500,0,0,1-3-6|1-3-7|1-6-7|3-6-7,400,0,0,1-3-6|1-3-7|1-6-7,300,0,0
2720230123010011,7,1-2-3-4-5-6-7,1-2-7,4.3,0.1623088531284609,1.0,1,1-4,1-2-4-7,2-3-4,1-4-7,100,0,0,1-2-4|1-3-4|1-4-5|1-4-6|1-4-7,500,0,0,1-2-4|1-2-7|1-4-7|2-4-7,400,0,0,1-2-4|1-4-7|2-4-7,300,0,0
2720230221010007,7,1-2-3-4-5-6-7,1-5-7,4.5,0.16631280644848026,1.1777777777777778,1,1-3,1-3-5-7,1-2-5,1-3-5,100,0,0,1-2-3|1-3-4|1-3-5|1-3-6|1-3-7,500,0,0,1-3-5|1-3-7|1-5-7|3-5-7,400,0,0,1-3-5|1-3-7|3-5-7,300,0,0
2720230415010006,7,1-2-3-4-5-6-7,2-3-5,4.6,0.16445805696697763,1.1304347826086958,2,2-3,2-3-4-5,2-3-4,2-3-4|2-5-6,200,1550,1,1-2-3|2-3-4|2-3-5|2-3-6|2-3-7,500,1550,1,2-3-4|2-3-5|2-4-5|3-4-5,400,1550,1,2-3-4|2-4-5|3-4-5,300,1550,1
2720230415010009,7,1-2-3-4-5-6-7,3-4-5,5.3,0.1428304611532272,1.0943396226415094,0,,,3-4-5,,0,0,0,,0,0,0,,0,0,0,,0,0,0
2720230712010009,7,1-2-3-4-5-6-7,3-4-5,4.6,0.15808054003410651,1.173913043478261,3,3-4,1-3-4-5,1-3-5,1-3-4|2-3-5|3-4-6,300,0,0,1-3-4|2-3-4|3-4-5|3-4-6|3-4-7,500,0,0,1-3-4|1-3-5|1-4-5|3-4-5,400,670,1,1-3-4|1-3-5|1-4-5,300,670,1
2720230902010008,7,1-2-3-4-5-6-7,1-2-4,4.2,0.18750036561623662,1.1666666666666667,0,,,1-2-7,,0,0,0,,0,0,0,,0,0,0,,0,0,0
2720230929010008,7,1-2-3-4-5-6-7,2-3-4,5.7,0.1259660819717377,1.0175438596491226,2,3-4,2-3-4-6,1-4-5,2-4-7|3-4-6,200,0,0,1-3-4|2-3-4|3-4-5|3-4-6|3-4-7,500,0,0,2-3-4|2-3-6|2-4-6|3-4-6,400,0,0,2-3-6|2-4-6|3-4-6,300,0,0
2720230929010010,7,1-2-3-4-5-6-7,1-3-5,5.6,0.12362779849522458,1.0,1,3-5,1-3-5-7,1-3-5,3-5-7,100,0,0,1-3-5|2-3-5|3-4-5|3-5-6|3-5-7,500,560,1,1-3-5|1-3-7|1-5-7|3-5-7,400,560,1,1-3-7|1-5-7|3-5-7,300,0,0
2820230315010008,7,1-2-3-4-5-6-7,3-4-5,5.5,0.12691199723603572,1.0363636363636364,3,3-5,3-4-5-6,1-2-5,2-4-5|3-5-6|3-5-7,300,0,0,1-3-5|2-3-5|3-4-5|3-5-6|3-5-7,500,0,0,3-4-5|3-4-6|3-5-6|4-5-6,400,0,0,3-4-6|3-5-6|4-5-6,300,0,0
2820230315010010,7,1-2-3-4-5-6-7,1-4-5,4.9,0.15111523056815368,1.0816326530612244,3,1-4,1-4-5-6,1-2-4,1-4-6|1-4-7|2-4-5,300,0,0,1-2-4|1-3-4|1-4-5|1-4-6|1-4-7,500,530,1,1-4-5|1-4-6|1-5-6|4-5-6,400,0,0,1-4-6|1-5-6|4-5-6,300,0,0
2820230315010011,7,1-2-3-4-5-6-7,2-5-7,4.5,0.1842849695125089,1.0222222222222221,1,2-4,2-4-5-7,2-5-7,2-4-5,100,0,0,1-2-4|2-3-4|2-4-5|2-4-6|2-4-7,500,0,0,2-4-5|2-4-7|2-5-7|4-5-7,400,450,1,2-4-5|2-4-7|4-5-7,300,0,0
2820230806010006,7,1-2-3-4-5-6-7,2-3-7,5.0,0.15865208169590597,1.1800000000000002,1,2-5,2-3-5-7,2-5-7,2-5-7,100,1210,1,1-2-5|2-3-5|2-4-5|2-5-6|2-5-7,500,1210,1,2-3-5|2-3-7|2-5-7|3-5-7,400,1210,1,2-3-5|2-5-7|3-5-7,300,1210,1
2820230806010007,7,1-2-3-4-5-6-7,2-3-4,5.2,0.1438444263480684,1.1346153846153846,3,3-4,2-3-4-5,2-5-7,1-2-4|2-3-7|3-4-5,300,0,0,1-3-4|2-3-4|3-4-5|3-4-6|3-4-7,500,0,0,2-3-4|2-3-5|2-4-5|3-4-5,400,0,0,2-3-5|2-4-5|3-4-5,300,0,0
2820230806010008,7,1-2-3-4-5-6-7,1-2-7,4.1,0.1882053395752872,1.048780487804878,2,1-7,1-2-5-7,1-4-7,1-3-7|1-5-7,200,0,0,1-2-7|1-3-7|1-4-7|1-5-7|1-6-7,500,430,1,1-2-5|1-2-7|1-5-7|2-5-7,400,0,0,1-2-5|1-5-7|2-5-7,300,0,0
3120230117010006,7,1-2-3-4-5-6-7,2-5-7,4.5,0.17902303995828453,1.0222222222222221,2,2-4,2-4-5-7,2-4-7,2-4-7|3-5-7,200,460,1,1-2-4|2-3-4|2-4-5|2-4-6|2-4-7,500,460,1,2-4-5|2-4-7|2-5-7|4-5-7,400,460,1,2-4-5|2-4-7|4-5-7,300,460,1
3120230130010008,7,1-2-3-4-5-6-7,1-4-7,5.2,0.1453605201335414,1.0384615384615385,3,4-7,1-3-4-7,2-6-7,1-5-7|2-4-7|3-4-7,300,0,0,1-4-7|2-4-7|3-4-7|4-5-7|4-6-7,500,0,0,1-3-4|1-3-7|1-4-7|3-4-7,400,0,0,1-3-4|1-3-7|3-4-7,300,0,0
3120230205010009,7,1-2-3-4-5-6-7,1-2-7,6.9,0.1069557686092642,1.144927536231884,2,2-3,1-2-3-7,1-2-7,1-2-4|2-3-7,200,0,0,1-2-3|2-3-4|2-3-5|2-3-6|2-3-7,500,0,0,1-2-3|1-2-7|1-3-7|2-3-7,400,690,1,1-2-3|1-3-7|2-3-7,300,0,0
3120230322010007,7,1-2-3-4-5-6-7,1-2-5,4.7,0.1791609761250502,1.0851063829787233,3,1-2,,1-2-7,1-2-6|1-2-7|2-4-5,300,660,1,1-2-3|1-2-4|1-2-5|1-2-6|1-2-7,500,660,1,,0,0,0,,0,0,0
3120230410010010,7,1-2-3-4-5-6-7,1-5-7,5.5,0.13593674869855263,1.0545454545454545,3,1-2,1-2-5-7,3-4-7,1-2-7|1-5-6|3-5-7,300,0,0,1-2-3|1-2-4|1-2-5|1-2-6|1-2-7,500,0,0,1-2-5|1-2-7|1-5-7|2-5-7,400,0,0,1-2-5|1-2-7|2-5-7,300,0,0
3120230520010007,7,1-2-3-4-5-6-7,1-3-5,5.2,0.14147127241805704,1.0192307692307692,2,1-5,1-2-3-5,1-2-5,1-2-5|1-4-5,200,530,1,1-2-5|1-3-5|1-4-5|1-5-6|1-5-7,500,530,1,1-2-3|1-2-5|1-3-5|2-3-5,400,530,1,1-2-3|1-2-5|2-3-5,300,530,1
3120230627010007,7,1-2-3-4-5-6-7,1-4-7,6.6,0.10178841989343272,1.0606060606060606,2,1-4,1-4-6-7,1-3-7,1-3-7|1-4-6,200,700,1,1-2-4|1-3-4|1-4-5|1-4-6|1-4-7,500,0,0,1-4-6|1-4-7|1-6-7|4-6-7,400,0,0,1-4-6|1-6-7|4-6-7,300,0,0
3120231025010007,7,1-2-3-4-5-6-7,1-2-5,5.9,0.11805102347940825,1.1694915254237288,3,2-5,1-2-5-6,2-3-5,1-5-7|2-3-5|2-5-6,300,2370,1,1-2-5|2-3-5|2-4-5|2-5-6|2-5-7,500,2370,1,1-2-5|1-2-6|1-5-6|2-5-6,400,0,0,1-2-6|1-5-6|2-5-6,300,0,0
3120231025010008,7,1-2-3-4-5-6-7,1-2-7,4.3,0.18692145310972724,1.1395348837209303,2,2-3,1-2-3-7,1-2-7,1-5-7|2-3-7,200,0,0,1-2-3|2-3-4|2-3-5|2-3-6|2-3-7,500,0,0,1-2-3|1-2-7|1-3-7|2-3-7,400,430,1,1-2-3|1-3-7|2-3-7,300,0,0
3420231007010006,7,1-2-3-4-5-6-7,1-4-5,5.0,0.1623796764115253,1.08,3,1-4,,3-4-7,1-3-4|1-4-6|2-4-5,300,0,0,1-2-4|1-3-4|1-4-5|1-4-6|1-4-7,500,0,0,,0,0,0,,0,0,0
3420231206010006,7,1-2-3-4-5-6-7,2-3-7,4.2,0.18580556684513258,1.0714285714285714,2,2-3,,2-3-7,1-2-7|2-3-5,200,0,0,1-2-3|2-3-4|2-3-5|2-3-6|2-3-7,500,420,1,,0,0,0,,0,0,0
3420231213010009,7,1-2-3-4-5-6-7,3-5-7,5.0,0.15650610863042344,1.1199999999999999,2,1-5,1-3-5-7,3-5-7,1-5-7|3-4-7,200,0,0,1-2-5|1-3-5|1-4-5|1-5-6|1-5-7,500,0,0,1-3-5|1-3-7|1-5-7|3-5-7,400,500,1,1-3-5|1-3-7|1-5-7,300,0,0
3520230311010006,7,1-2-3-4-5-6-7,1-5-6,4.8,0.16219653064702955,1.0416666666666667,3,1-5,,1-2-4,1-2-5|1-3-5|1-4-5,300,0,0,1-2-5|1-3-5|1-4-5|1-5-6|1-5-7,500,0,0,,0,0,0,,0,0,0
3520230311010009,7,1-2-3-4-5-6-7,2-3-5,4.8,0.1567392621562107,1.1666666666666667,1,1-2,1-2-3-5,3-5-7,1-2-5,100,0,0,1-2-3|1-2-4|1-2-5|1-2-6|1-2-7,500,0,0,1-2-3|1-2-5|1-3-5|2-3-5,400,0,0,1-2-3|1-2-5|1-3-5,300,0,0
3520230616010008,7,1-2-3-4-5-6-7,1-3-4,4.6,0.15465926011768177,1.0,3,3-4,1-3-4-7,1-4-6,1-3-6|2-3-4|3-4-7,300,0,0,1-3-4|2-3-4|3-4-5|3-4-6|3-4-7,500,0,0,1-3-4|1-3-7|1-4-7|3-4-7,400,0,0,1-3-7|1-4-7|3-4-7,300,0,0
3520230721010007,7,1-2-3-4-5-6-7,1-3-7,5.6,0.1331791358811227,1.142857142857143,2,1-3,1-3-4-7,1-5-7,1-2-3|1-3-4,200,0,0,1-2-3|1-3-4|1-3-5|1-3-6|1-3-7,500,0,0,1-3-4|1-3-7|1-4-7|3-4-7,400,0,0,1-3-4|1-4-7|3-4-7,300,0,0
3620230305010006,7,1-2-3-4-5-6-7,1-2-7,5.0,0.14481699275922782,1.0,1,1-5,1-2-5-7,2-3-4,1-5-7,100,0,0,1-2-5|1-3-5|1-4-5|1-5-6|1-5-7,500,0,0,1-2-5|1-2-7|1-5-7|2-5-7,400,0,0,1-2-5|1-5-7|2-5-7,300,0,0
3620230325010008,7,1-2-3-4-5-6-7,2-4-5,4.7,0.16015318130738113,1.0,3,2-5,2-4-5-7,2-4-5,1-2-5|2-3-5|2-5-7,300,0,0,1-2-5|2-3-5|2-4-5|2-5-6|2-5-7,500,470,1,2-4-5|2-4-7|2-5-7|4-5-7,400,470,1,2-4-7|2-5-7|4-5-7,300,0,0
3620230712010007,7,1-2-3-4-5-6-7,2-3-7,6.7,0.1000032665739811,1.0149253731343284,1,2-4,2-3-4-7,1-2-4,2-4-7,100,0,0,1-2-4|2-3-4|2-4-5|2-4-6|2-4-7,500,14760,1,2-3-4|2-3-7|2-4-7|3-4-7,400,0,0,2-3-4|2-4-7|3-4-7,300,0,0
3620230712010008,7,1-2-3-4-5-6-7,3-5-7,5.1,0.1582378372094147,1.0980392156862746,1,1-3,1-3-5-7,2-3-7,1-3-7,100,0,0,1-2-3|1-3-4|1-3-5|1-3-6|1-3-7,500,0,0,1-3-5|1-3-7|1-5-7|3-5-7,400,0,0,1-3-5|1-3-7|1-5-7,300,0,0
3720230114010009,7,1-2-3-4-5-6-7,3-4-7,6.3,0.1284450203423631,1.015873015873016,2,4-7,,1-4-7,1-4-7|4-5-7,200,830,1,1-4-7|2-4-7|3-4-7|4-5-7|4-6-7,500,830,1,,0,0,0,,0,0,0
3720230227010007,7,1-2-3-4-5-6-7,1-4-5,6.8,0.1103144486686491,1.0,2,1-5,1-2-4-5,1-3-7,1-2-5|1-5-6,200,0,0,1-2-5|1-3-5|1-4-5|1-5-6|1-5-7,500,0,0,1-2-4|1-2-5|1-4-5|2-4-5,400,0,0,1-2-4|1-2-5|2-4-5,300,0,0
3720230329010011,7,1-2-3-4-5-6-7,1-3-5,4.0,0.18350289190032967,1.2,3,1-5,1-3-4-5,1-2-5,1-4-5|1-5-6|1-5-7,300,0,0,1-2-5|1-3-5|1-4-5|1-5-6|1-5-7,500,480,1,1-3-4|1-3-5|1-4-5|3-4-5,400,0,0,1-3-4|1-4-5|3-4-5,300,0,0
3720230529010007,7,1-2-3-4-5-6-7,1-6-7,4.1,0.18345417010460646,1.024390243902439,3,1-6,1-2-6-7,4-6-7,1-2-6|1-3-7|1-4-6,300,0,0,1-2-6|1-3-6|1-4-6|1-5-6|1-6-7,500,0,0,1-2-6|1-2-7|1-6-7|2-6-7,400,0,0,1-2-6|1-2-7|2-6-7,300,0,0
3720230830010007,7,1-2-3-4-5-6-7,1-5-7,5.0,0.14889422011947392,1.1199999999999999,2,2-5,1-2-5-7,2-4-5,1-6-7|2-5-7,200,0,0,1-2-5|2-3-5|2-4-5|2-5-6|2-5-7,500,5980,1,1-2-5|1-2-7|1-5-7|2-5-7,400,0,0,1-2-5|1-2-7|2-5-7,300,0,0
3820230103010007,7,1-2-3-4-5-6-7,3-4-7,6.0,0.1344167424235907,1.0833333333333333,2,3-4,3-4-5-7,2-3-7,3-4-5|3-4-6,200,0,0,1-3-4|2-3-4|3-4-5|3-4-6|3-4-7,500,0,0,3-4-5|3-4-7|3-5-7|4-5-7,400,0,0,3-4-5|3-5-7|4-5-7,300,0,0
3820230707010009,7,1-2-3-4-5-6-7,1-3-4,3.9,0.1866386920334111,1.0,2,1-4,1-2-3-4,1-2-4,1-2-4|1-4-7,200,1260,1,1-2-4|1-3-4|1-4-5|1-4-6|1-4-7,500,1260,1,1-2-3|1-2-4|1-3-4|2-3-4,400,1260,1,1-2-3|1-2-4|2-3-4,300,1260,1
3820230910010006,7,1-2-3-4-5-6-7,1-3-4,5.5,0.13650389071726315,1.0545454545454545,1,3-4,1-3-4-6,1-4-6,3-4-6,100,0,0,1-3-4|2-3-4|3-4-5|3-4-6|3-4-7,500,0,0,1-3-4|1-3-6|1-4-6|3-4-6,400,1330,1,1-3-6|1-4-6|3-4-6,300,1330,1
3820231103010008,7,1-2-3-4-5-6-7,2-3-5,3.9,0.18491281885360472,1.076923076923077,2,2-5,2-3-4-5,3-4-5,1-2-5|2-4-5,200,0,0,1-2-5|2-3-5|2-4-5|2-5-6|2-5-7,500,0,0,2-3-4|2-3-5|2-4-5|3-4-5,400,1350,1,2-3-4|2-4-5|3-4-5,300,1350,1
3820231114010006,7,1-2-3-4-5-6-7,1-3-4,4.9,0.16881635280110557,1.2040816326530612,2,3-4,,3-4-7,1-3-5|3-4-6,200,0,0,1-3-4|2-3-4|3-4-5|3-4-6|3-4-7,500,1120,1,,0,0,0,,0,0,0
3820231114010010,7,1-2-3-4-5-6-7,1-3-7,5.6,0.1353422672073169,1.0535714285714286,2,1-5,1-3-5-7,2-3-6,1-5-7|3-6-7,200,0,0,1-2-5|1-3-5|1-4-5|1-5-6|1-5-7,500,0,0,1-3-5|1-3-7|1-5-7|3-5-7,400,0,0,1-3-5|1-5-7|3-5-7,300,0,0
3820231218010007,7,1-2-3-4-5-6-7,1-2-5,5.8,0.1205280745058179,1.1724137931034482,2,1-4,1-2-4-5,1-2-4,1-4-5|2-5-6,200,0,0,1-2-4|1-3-4|1-4-5|1-4-6|1-4-7,500,740,1,1-2-4|1-2-5|1-4-5|2-4-5,400,740,1,1-2-4|1-4-5|2-4-5,300,740,1
4220230116010007,7,1-2-3-4-5-6-7,1-3-5,4.5,0.16452944466674527,1.0222222222222221,1,1-3,1-3-5-6,1-3-7,1-3-6,100,0,0,1-2-3|1-3-4|1-3-5|1-3-6|1-3-7,500,460,1,1-3-5|1-3-6|1-5-6|3-5-6,400,0,0,1-3-6|1-5-6|3-5-6,300,0,0
4220230522010008,7,1-2-3-4-5-6-7,2-3-5,3.9,0.18460495521176234,1.0256410256410258,0,,,2-3-5,,0,0,0,,0,0,0,,0,0,0,,0,0,0
4220230619010006,7,1-2-3-4-5-6-7,1-4-7,4.6,0.1547461515590959,1.1521739130434783,4,1-4,1-4-5-7,1-2-7,1-3-4|1-4-5|1-4-6|2-4-7,400,0,0,1-2-4|1-3-4|1-4-5|1-4-6|1-4-7,500,0,0,1-4-5|1-4-7|1-5-7|4-5-7,400,0,0,1-4-5|1-5-7|4-5-7,300,0,0
4220230624010008,7,1-2-3-4-5-6-7,2-4-5,5.6,0.13595944385588435,1.142857142857143,4,4-5,,1-4-7,1-2-5|2-3-5|4-5-6|4-5-7,400,0,0,1-4-5|2-4-5|3-4-5|4-5-6|4-5-7,500,0,0,,0,0,0,,0,0,0
4220230704010007,7,1-2-3-4-5-6-7,1-2-7,5.6,0.1383164478698924,1.125,2,1-7,1-2-5-7,1-2-7,1-4-7|1-5-7,200,0,0,1-2-7|1-3-7|1-4-7|1-5-7|1-6-7,500,560,1,1-2-5|1-2-7|1-5-7|2-5-7,400,560,1,1-2-5|1-5-7|2-5-7,300,0,0
4220230704010008,7,1-2-3-4-5-6-7,1-2-4,5.2,0.13664193299044594,1.1346153846153846,2,1-2,1-2-4-5,1-4-5,1-2-5|1-3-4,200,0,0,1-2-3|1-2-4|1-2-5|1-2-6|1-2-7,500,0,0,1-2-4|1-2-5|1-4-5|2-4-5,400,1000,1,1-2-5|1-4-5|2-4-5,300,1000,1
4420230227010006,7,1-2-3-4-5-6-7,1-2-7,4.5,0.18272700625227697,1.1555555555555557,1,2-4,1-2-4-7,2-5-7,2-4-7,100,0,0,1-2-4|2-3-4|2-4-5|2-4-6|2-4-7,500,0,0,1-2-4|1-2-7|1-4-7|2-4-7,400,0,0,1-2-4|1-4-7|2-4-7,300,0,0
4420230227010007,7,1-2-3-4-5-6-7,1-4-6,4.2,0.18846162408405182,1.0952380952380951,2,1-4,,1-3-7,1-3-4|1-4-7,200,0,0,1-2-4|1-3-4|1-4-5|1-4-6|1-4-7,500,0,0,,0,0,0,,0,0,0
4420230227010008,7,1-2-3-4-5-6-7,1-5-6,4.8,0.1541388543437093,1.0416666666666667,1,1-6,1-5-6-7,3-5-7,1-6-7,100,0,0,1-2-6|1-3-6|1-4-6|1-5-6|1-6-7,500,0,0,1-5-6|1-5-7|1-6-7|5-6-7,400,0,0,1-5-7|1-6-7|5-6-7,300,0,0
4420230508010007,7,1-2-3-4-5-6-7,1-3-5,4.7,0.15324416441681088,1.0425531914893618,1,3-5,1-3-5-7,1-3-5,3-5-7,100,0,0,1-3-5|2-3-5|3-4-5|3-5-6|3-5-7,500,470,1,1-3-5|1-3-7|1-5-7|3-5-7,400,470,1,1-3-7|1-5-7|3-5-7,300,0,0
4420231029010006,7,1-2-3-4-5-6-7,3-5-7,4.6,0.16731394642602487,1.1956521739130437,3,3-5,,2-3-5,2-3-7|3-4-5|3-5-6,300,0,0,1-3-5|2-3-5|3-4-5|3-5-6|3-5-7,500,780,1,,0,0,0,,0,0,0
4420231211010009,7,1-2-3-4-5-6-7,1-2-4,5.0,0.14406634323282258,1.02,1,2-4,1-2-4-5,1-3-4,2-4-5,100,0,0,1-2-4|2-3-4|2-4-5|2-4-6|2-4-7,500,0,0,1-2-4|1-2-5|1-4-5|2-4-5,400,0,0,1-2-5|1-4-5|2-4-5,300,0,0
4420231231010008,7,1-2-3-4-5-6-7,2-5-7,4.8,0.16394392546841782,1.1666666666666667,0,,,2-3-5,,0,0,0,,0,0,0,,0,0,0,,0,0,0
4620230409010009,7,1-2-3-4-5-6-7,1-3-7,4.1,0.18097059475396782,1.0731707317073174,1,2-3,1-2-3-7,1-3-7,2-3-7,100,0,0,1-2-3|2-3-4|2-3-5|2-3-6|2-3-7,500,0,0,1-2-3|1-2-7|1-3-7|2-3-7,400,410,1,1-2-3|1-2-7|2-3-7,300,0,0
4620230409010011,7,1-2-3-4-5-6-7,2-5-7,4.3,0.16846791023983987,1.0232558139534884,1,2-6,2-5-6-7,2-4-7,2-6-7,100,0,0,1-2-6|2-3-6|2-4-6|2-5-6|2-6-7,500,0,0,2-5-6|2-5-7|2-6-7|5-6-7,400,0,0,2-5-6|2-6-7|5-6-7,300,0,0
4620230420010008,7,1-2-3-4-5-6-7,1-4-7,5.0,0.14024988916696277,1.1,1,1-4,1-4-6-7,1-4-7,1-4-6,100,0,0,1-2-4|1-3-4|1-4-5|1-4-6|1-4-7,500,500,1,1-4-6|1-4-7|1-6-7|4-6-7,400,500,1,1-4-6|1-6-7|4-6-7,300,0,0
4620230420010009,7,1-2-3-4-5-6-7,2-4-7,5.1,0.1471413670384658,1.0980392156862746,2,1-4,1-2-4-7,1-2-3,1-4-7|2-4-6,200,0,0,1-2-4|1-3-4|1-4-5|1-4-6|1-4-7,500,0,0,1-2-4|1-2-7|1-4-7|2-4-7,400,0,0,1-2-4|1-2-7|1-4-7,300,0,0
4620230420010010,7,1-2-3-4-5-6-7,1-3-4,4.5,0.17084646266836923,1.0444444444444445,2,1-4,1-3-4-5,3-5-6,1-4-5|3-4-6,200,0,0,1-2-4|1-3-4|1-4-5|1-4-6|1-4-7,500,0,0,1-3-4|1-3-5|1-4-5|3-4-5,400,0,0,1-3-5|1-4-5|3-4-5,300,0,0
4620230712010006,7,1-2-3-4-5-6-7,3-4-5,6.3,0.09091731571997937,1.1587301587301588,2,4-5,3-4-5-7,2-3-7,1-3-5|4-5-7,200,0,0,1-4-5|2-4-5|3-4-5|4-5-6|4-5-7,500,0,0,3-4-5|3-4-7|3-5-7|4-5-7,400,0,0,3-4-7|3-5-7|4-5-7,300,0,0
4620230712010011,7,1-2-3-4-5-6-7,1-2-5,4.5,0.1674426205173554,1.0666666666666667,2,1-5,1-2-5-7,1-4-5,1-5-7|2-5-6,200,0,0,1-2-5|1-3-5|1-4-5|1-5-6|1-5-7,500,720,1,1-2-5|1-2-7|1-5-7|2-5-7,400,0,0,1-2-7|1-5-7|2-5-7,300,0,0
4620231010010008,7,1-2-3-4-5-6-7,1-3-4,4.7,0.16948924354221698,1.127659574468085,2,1-3,,2-5-7,1-2-3|1-3-5,200,0,0,1-2-3|1-3-4|1-3-5|1-3-6|1-3-7,500,0,0,,0,0,0,,0,0,0
4720231101010008,7,1-2-3-4-5-6-7,1-3-4,6.3,0.11676920327350707,1.1904761904761905,1,3-4,1-3-4-5,3-4-5,3-4-5,100,1110,1,1-3-4|2-3-4|3-4-5|3-4-6|3-4-7,500,1110,1,1-3-4|1-3-5|1-4-5|3-4-5,400,1110,1,1-3-5|1-4-5|3-4-5,300,1110,1
4720231201010008,7,1-2-3-4-5-6-7,1-3-5,4.6,0.16136935668187427,1.0869565217391306,3,1-5,1-3-5-7,1-3-5,1-4-5|1-5-6|1-5-7,300,0,0,1-2-5|1-3-5|1-4-5|1-5-6|1-5-7,500,460,1,1-3-5|1-3-7|1-5-7|3-5-7,400,460,1,1-3-7|1-5-7|3-5-7,300,0,0
4720231208010008,7,1-2-3-4-5-6-7,1-3-7,4.1,0.1706502402140674,1.048780487804878,4,1-7,1-3-4-7,1-3-4,1-2-7|1-3-5|1-4-7|1-6-7,400,0,0,1-2-7|1-3-7|1-4-7|1-5-7|1-6-7,500,0,0,1-3-4|1-3-7|1-4-7|3-4-7,400,450,1,1-3-4|1-4-7|3-4-7,300,450,1
4720231208010010,7,1-2-3-4-5-6-7,2-4-5,5.0,0.1278804663481414,1.06,2,4-5,2-3-4-5,2-4-5,3-4-5|4-5-6,200,0,0,1-4-5|2-4-5|3-4-5|4-5-6|4-5-7,500,500,1,2-3-4|2-3-5|2-4-5|3-4-5,400,500,1,2-3-4|2-3-5|3-4-5,300,0,0
4820230218010009,7,1-2-3-4-5-6-7,2-4-6,5.1,0.14449230765004512,1.019607843137255,1,2-4,2-4-6-7,1-2-4,2-4-7,100,0,0,1-2-4|2-3-4|2-4-5|2-4-6|2-4-7,500,520,1,2-4-6|2-4-7|2-6-7|4-6-7,400,0,0,2-4-7|2-6-7|4-6-7,300,0,0
4820230218010010,7,1-2-3-4-5-6-7,3-4-7,3.9,0.18183537959084833,1.1794871794871795,4,3-7,1-3-4-7,1-3-5,1-3-7|2-3-7|3-5-7|3-6-7,400,0,0,1-3-7|2-3-7|3-4-7|3-5-7|3-6-7,500,0,0,1-3-4|1-3-7|1-4-7|3-4-7,400,0,0,1-3-4|1-3-7|1-4-7,300,0,0
4820230316010008,7,1-2-3-4-5-6-7,1-2-5,5.6,0.1297229788149251,1.017857142857143,2,2-5,1-2-4-5,1-2-5,2-3-5|2-4-5,200,0,0,1-2-5|2-3-5|2-4-5|2-5-6|2-5-7,500,560,1,1-2-4|1-2-5|1-4-5|2-4-5,400,560,1,1-2-4|1-4-5|2-4-5,300,0,0
4820230324010008,7,1-2-3-4-5-6-7,1-3-4,5.1,0.1425762451245127,1.0784313725490198,3,1-4,1-3-4-7,1-3-4,1-2-4|1-3-5|1-4-7,300,0,0,1-2-4|1-3-4|1-4-5|1-4-6|1-4-7,500,510,1,1-3-4|1-3-7|1-4-7|3-4-7,400,510,1,1-3-7|1-4-7|3-4-7,300,0,0
4820230412010006,7,1-2-3-4-5-6-7,1-5-7,5.1,0.14094528877890117,1.0,2,5-7,1-4-5-7,1-2-5,4-5-7|5-6-7,200,0,0,1-5-7|2-5-7|3-5-7|4-5-7|5-6-7,500,0,0,1-4-5|1-4-7|1-5-7|4-5-7,400,0,0,1-4-5|1-4-7|4-5-7,300,0,0
4820230629010008,7,1-2-3-4-5-6-7,3-5-7,7.1,0.1064726904696284,1.0563380281690142,3,5-7,2-3-5-7,1-3-4,1-5-7|2-5-7|3-6-7,300,0,0,1-5-7|2-5-7|3-5-7|4-5-7|5-6-7,500,0,0,2-3-5|2-3-7|2-5-7|3-5-7,400,0,0,2-3-5|2-3-7|2-5-7,300,0,0
5120230312010008,7,1-2-3-4-5-6-7,1-4-5,4.7,0.16246126263507574,1.0212765957446808,3,1-4,,1-3-5,1-2-4|1-4-6|1-4-7,300,0,0,1-2-4|1-3-4|1-4-5|1-4-6|1-4-7,500,0,0,,0,0,0,,0,0,0
5120230312010010,7,1-2-3-4-5-6-7,1-2-4,4.7,0.1568346352815278,1.1914893617021276,1,1-2,1-2-4-5,1-2-4,1-2-5,100,0,0,1-2-3|1-2-4|1-2-5|1-2-6|1-2-7,500,470,1,1-2-4|1-2-5|1-4-5|2-4-5,400,470,1,1-2-5|1-4-5|2-4-5,300,0,0
5120231002010009,7,1-2-3-4-5-6-7,1-4-5,4.8,0.17172069267164464,1.0416666666666667,4,1-5,,3-5-7,1-2-5|1-3-5|1-5-6|4-5-7,400,0,0,1-2-5|1-3-5|1-4-5|1-5-6|1-5-7,500,0,0,,0,0,0,,0,0,0
5120231113010010,7,1-2-3-4-5-6-7,3-5-7,6.1,0.11704474742121385,1.0327868852459017,2,2-3,2-3-5-7,2-5-7,2-3-5|3-4-7,200,0,0,1-2-3|2-3-4|2-3-5|2-3-6|2-3-7,500,0,0,2-3-5|2-3-7|2-5-7|3-5-7,400,630,1,2-3-5|2-3-7|2-5-7,300,630,1
5120231113010011,7,1-2-3-4-5-6-7,1-2-5,4.2,0.17928138038622946,1.1666666666666667,1,2-5,1-2-5-6,1-2-5,2-5-6,100,0,0,1-2-5|2-3-5|2-4-5|2-5-6|2-5-7,500,420,1,1-2-5|1-2-6|1-5-6|2-5-6,400,420,1,1-2-6|1-5-6|2-5-6,300,0,0
5320230508010010,7,1-2-3-4-5-6-7,2-4-5,4.3,0.1693444507663771,1.1162790697674418,1,4-5,2-4-5-6,3-5-6,4-5-6,100,0,0,1-4-5|2-4-5|3-4-5|4-5-6|4-5-7,500,0,0,2-4-5|2-4-6|2-5-6|4-5-6,400,0,0,2-4-6|2-5-6|4-5-6,300,0,0
5320231010010008,7,1-2-3-4-5-6-7,1-3-5,4.7,0.16955637721292124,1.0638297872340425,2,1-4,1-3-4-5,3-4-5,1-4-5|2-3-5,200,0,0,1-2-4|1-3-4|1-4-5|1-4-6|1-4-7,500,0,0,1-3-4|1-3-5|1-4-5|3-4-5,400,660,1,1-3-4|1-4-5|3-4-5,300,660,1
5320231116010006,7,1-2-3-4-5-6-7,3-5-7,4.3,0.17632257131578905,1.1860465116279069,1,1-3,1-3-5-7,2-4-7,1-3-7,100,0,0,1-2-3|1-3-4|1-3-5|1-3-6|1-3-7,500,0,0,1-3-5|1-3-7|1-5-7|3-5-7,400,0,0,1-3-5|1-3-7|1-5-7,300,0,0
5320231116010009,7,1-2-3-4-5-6-7,1-5-6,4.0,0.18349767118920873,1.175,3,1-6,1-5-6-7,1-4-5,1-2-5|1-4-6|1-6-7,300,0,0,1-2-6|1-3-6|1-4-6|1-5-6|1-6-7,500,0,0,1-5-6|1-5-7|1-6-7|5-6-7,400,0,0,1-5-7|1-6-7|5-6-7,300,0,0
5320231218010009,7,1-2-3-4-5-6-7,1-2-4,5.4,0.14127327294913194,1.0185185185185184,2,2-4,1-2-4-7,2-3-4,1-4-6|2-4-7,200,0,0,1-2-4|2-3-4|2-4-5|2-4-6|2-4-7,500,2790,1,1-2-4|1-2-7|1-4-7|2-4-7,400,0,0,1-2-7|1-4-7|2-4-7,300,0,0
5420230120010006,7,1-2-3-4-5-6-7,1-3-5,5.5,0.14167653803925526,1.1636363636363638,2,1-5,,2-3-6,1-2-3|1-5-7,200,0,0,1-2-5|1-3-5|1-4-5|1-5-6|1-5-7,500,0,0,,0,0,0,,0,0,0
5420230227010006,7,1-2-3-4-5-6-7,1-4-5,4.2,0.18111103566251835,1.1666666666666667,2,1-2,1-2-4-5,2-5-7,1-2-5|4-5-6,200,0,0,1-2-3|1-2-4|1-2-5|1-2-6|1-2-7,500,0,0,1-2-4|1-2-5|1-4-5|2-4-5,400,0,0,1-2-4|1-2-5|2-4-5,300,0,0
5420230227010007,7,1-2-3-4-5-6-7,2-5-7,5.6,0.13463681912209657,1.017857142857143,2,1-2,1-2-5-7,4-5-7,1-2-5|2-6-7,200,0,0,1-2-3|1-2-4|1-2-5|1-2-6|1-2-7,500,0,0,1-2-5|1-2-7|1-5-7|2-5-7,400,0,0,1-2-5|1-2-7|1-5-7,300,0,0
5420230227010010,7,1-2-3-4-5-6-7,1-4-5,5.0,0.15456334828706142,1.1199999999999999,1,3-4,1-3-4-5,1-3-4,3-4-5,100,0,0,1-3-4|2-3-4|3-4-5|3-4-6|3-4-7,500,1170,1,1-3-4|1-3-5|1-4-5|3-4-5,400,1170,1,1-3-4|1-3-5|3-4-5,300,1170,1
5420230227010011,7,1-2-3-4-5-6-7,1-3-7,6.4,0.11585988207545402,1.0,0,,,1-3-7,,0,0,0,,0,0,0,,0,0,0,,0,0,0
5420230629010007,7,1-2-3-4-5-6-7,2-4-7,4.2,0.17170556319019054,1.0952380952380951,2,3-4,2-3-4-7,2-4-7,2-4-6|3-4-7,200,0,0,1-3-4|2-3-4|3-4-5|3-4-6|3-4-7,500,0,0,2-3-4|2-3-7|2-4-7|3-4-7,400,420,1,2-3-4|2-3-7|3-4-7,300,0,0
5420231027010006,7,1-2-3-4-5-6-7,1-5-7,4.2,0.1864530915016913,1.0238095238095237,2,1-7,1-4-5-7,1-4-7,1-3-7|1-4-7,200,430,1,1-2-7|1-3-7|1-4-7|1-5-7|1-6-7,500,430,1,1-4-5|1-4-7|1-5-7|4-5-7,400,430,1,1-4-5|1-4-7|4-5-7,300,430,1
5520230622010006,7,1-2-3-4-5-6-7,1-5-7,4.4,0.16979776054402373,1.0227272727272727,3,1-7,1-2-5-7,2-3-5,1-2-7|1-3-7|1-6-7,300,0,0,1-2-7|1-3-7|1-4-7|1-5-7|1-6-7,500,0,0,1-2-5|1-2-7|1-5-7|2-5-7,400,0,0,1-2-5|1-2-7|2-5-7,300,0,0
5520230904010006,7,1-2-3-4-5-6-7,1-3-4,4.7,0.15108768802411593,1.148936170212766,2,1-3,1-3-4-5,1-3-5,1-3-5|3-4-7,200,540,1,1-2-3|1-3-4|1-3-5|1-3-6|1-3-7,500,540,1,1-3-4|1-3-5|1-4-5|3-4-5,400,540,1,1-3-5|1-4-5|3-4-5,300,540,1
5520230904010008,7,1-2-3-4-5-6-7,1-2-7,4.5,0.16828366632149386,1.1333333333333333,2,1-4,1-2-4-7,1-4-7,1-2-6|1-4-7,200,830,1,1-2-4|1-3-4|1-4-5|1-4-6|1-4-7,500,830,1,1-2-4|1-2-7|1-4-7|2-4-7,400,830,1,1-2-4|1-4-7|2-4-7,300,830,1
5520231128010007,7,1-2-3-4-5-6-7,1-3-5,5.6,0.13523058091768475,1.0714285714285714,2,3-5,1-3-4-5,3-5-7,3-4-5|3-5-6,200,0,0,1-3-5|2-3-5|3-4-5|3-5-6|3-5-7,500,720,1,1-3-4|1-3-5|1-4-5|3-4-5,400,0,0,1-3-4|1-4-5|3-4-5,300,0,0
5620230214010008,7,1-2-3-4-5-6-7,3-4-7,4.6,0.16616426717834498,1.1521739130434783,2,3-7,1-3-4-7,1-6-7,1-3-7|3-5-7,200,0,0,1-3-7|2-3-7|3-4-7|3-5-7|3-6-7,500,0,0,1-3-4|1-3-7|1-4-7|3-4-7,400,0,0,1-3-4|1-3-7|1-4-7,300,0,0
5620230505010011,7,1-2-3-4-5-6-7,1-4-5,4.1,0.1832380338067316,1.1707317073170733,2,4-5,1-4-5-7,1-4-5,4-5-6|4-5-7,200,0,0,1-4-5|2-4-5|3-4-5|4-5-6|4-5-7,500,410,1,1-4-5|1-4-7|1-5-7|4-5-7,400,410,1,1-4-7|1-5-7|4-5-7,300,0,0
5620230802010007,7,1-2-3-4-5-6-7,1-3-5,4.8,0.16198042218906766,1.1666666666666667,1,3-4,1-3-4-5,1-4-5,3-4-5,100,0,0,1-3-4|2-3-4|3-4-5|3-4-6|3-4-7,500,0,0,1-3-4|1-3-5|1-4-5|3-4-5,400,860,1,1-3-4|1-4-5|3-4-5,300,860,1
6120230529010006,7,1-2-3-4-5-6-7,2-4-7,4.9,0.1573358469374442,1.040816326530612,1,2-3,2-3-4-7,1-2-7,2-3-7,100,0,0,1-2-3|2-3-4|2-3-5|2-3-6|2-3-7,500,0,0,2-3-4|2-3-7|2-4-7|3-4-7,400,0,0,2-3-4|2-3-7|3-4-7,300,0,0
6120230529010007,7,1-2-3-4-5-6-7,1-3-7,6.1,0.1253789381014028,1.098360655737705,1,1-6,1-3-6-7,1-5-7,1-6-7,100,0,0,1-2-6|1-3-6|1-4-6|1-5-6|1-6-7,500,0,0,1-3-6|1-3-7|1-6-7|3-6-7,400,0,0,1-3-6|1-6-7|3-6-7,300,0,0
6120230606010006,7,1-2-3-4-5-6-7,1-2-7,5.4,0.1503978760941638,1.0185185185185184,4,1-7,,1-5-7,1-3-7|1-5-7|1-6-7|2-4-7,400,1720,1,1-2-7|1-3-7|1-4-7|1-5-7|1-6-7,500,1720,1,,0,0,0,,0,0,0
6120230606010008,7,1-2-3-4-5-6-7,1-4-5,4.1,0.1777273000528968,1.0731707317073174,3,1-5,1-4-5-6,1-4-5,1-3-5|1-5-6|2-4-5,300,0,0,1-2-5|1-3-5|1-4-5|1-5-6|1-5-7,500,410,1,1-4-5|1-4-6|1-5-6|4-5-6,400,410,1,1-4-6|1-5-6|4-5-6,300,0,0
6120230731010008,7,1-2-3-4-5-6-7,1-4-5,4.0,0.17906104259423036,1.0,3,1-5,1-4-5-7,1-2-5,1-5-6|1-5-7|2-4-5,300,0,0,1-2-5|1-3-5|1-4-5|1-5-6|1-5-7,500,470,1,1-4-5|1-4-7|1-5-7|4-5-7,400,0,0,1-4-7|1-5-7|4-5-7,300,0,0
6120230731010009,7,1-2-3-4-5-6-7,1-3-7,4.7,0.1636190099782904,1.0,3,1-7,1-3-4-7,1-4-7,1-4-7|1-5-7|1-6-7,300,470,1,1-2-7|1-3-7|1-4-7|1-5-7|1-6-7,500,470,1,1-3-4|1-3-7|1-4-7|3-4-7,400,470,1,1-3-4|1-4-7|3-4-7,300,470,1
6120230907010007,7,1-2-3-4-5-6-7,1-2-5,4.2,0.17694599283727364,1.0,4,2-5,1-2-5-7,1-4-6,1-2-4|1-5-6|2-3-5|2-5-7,400,0,0,1-2-5|2-3-5|2-4-5|2-5-6|2-5-7,500,0,0,1-2-5|1-2-7|1-5-7|2-5-7,400,0,0,1-2-7|1-5-7|2-5-7,300,0,0
6120230907010008,7,1-2-3-4-5-6-7,1-2-7,5.6,0.13494507337089295,1.0,2,2-7,1-2-4-7,1-4-5,2-3-7|2-4-7,200,0,0,1-2-7|2-3-7|2-4-7|2-5-7|2-6-7,500,0,0,1-2-4|1-2-7|1-4-7|2-4-7,400,0,0,1-2-4|1-4-7|2-4-7,300,0,0
6120231005010007,7,1-2-3-4-5-6-7,1-4-5,4.3,0.1854517020591517,1.069767441860465,1,1-3,1-3-4-5,1-3-5,1-3-4,100,0,0,1-2-3|1-3-4|1-3-5|1-3-6|1-3-7,500,1220,1,1-3-4|1-3-5|1-4-5|3-4-5,400,1220,1,1-3-4|1-3-5|3-4-5,300,1220,1
6120231005010009,7,1-2-3-4-5-6-7,3-4-7,4.3,0.18075761783228525,1.1162790697674418,1,3-4,,1-5-7,3-4-5,100,0,0,1-3-4|2-3-4|3-4-5|3-4-6|3-4-7,500,0,0,,0,0,0,,0,0,0
6120231204010006,7,1-2-3-4-5-6-7,2-3-4,7.3,0.09921800849643679,1.0136986301369864,2,2-3,2-3-4-7,1-3-4,2-3-6|2-3-7,200,0,0,1-2-3|2-3-4|2-3-5|2-3-6|2-3-7,500,0,0,2-3-4|2-3-7|2-4-7|3-4-7,400,0,0,2-3-7|2-4-7|3-4-7,300,0,0
6220230206010006,7,1-2-3-4-5-6-7,1-2-5,4.7,0.16859003901449363,1.127659574468085,2,2-5,,3-5-7,1-5-7|2-5-6,200,0,0,1-2-5|2-3-5|2-4-5|2-5-6|2-5-7,500,0,0,,0,0,0,,0,0,0
7120230315010007,7,1-2-3-4-5-6-7,2-3-5,4.9,0.13961092653554572,1.040816326530612,1,3-5,2-3-5-7,2-3-7,3-5-7,100,0,0,1-3-5|2-3-5|3-4-5|3-5-6|3-5-7,500,0,0,2-3-5|2-3-7|2-5-7|3-5-7,400,510,1,2-3-7|2-5-7|3-5-7,300,510,1
7120230315010008,7,1-2-3-4-5-6-7,1-2-7,4.9,0.1441716555504383,1.0204081632653061,1,1-2,1-2-5-7,1-2-5,1-2-5,100,500,1,1-2-3|1-2-4|1-2-5|1-2-6|1-2-7,500,500,1,1-2-5|1-2-7|1-5-7|2-5-7,400,500,1,1-2-5|1-5-7|2-5-7,300,500,1
7120230315010009,7,1-2-3-4-5-6-7,2-3-7,4.4,0.1634190377733698,1.159090909090909,3,2-7,2-3-6-7,1-2-3,1-2-7|2-6-7|3-5-7,300,0,0,1-2-7|2-3-7|2-4-7|2-5-7|2-6-7,500,0,0,2-3-6|2-3-7|2-6-7|3-6-7,400,0,0,2-3-6|2-6-7|3-6-7,300,0,0
7120230715010007,7,1-2-3-4-5-6-7,2-5-7,5.7,0.1408999556758409,1.1228070175438596,2,1-5,1-2-5-7,1-3-5,1-5-7|2-4-5,200,0,0,1-2-5|1-3-5|1-4-5|1-5-6|1-5-7,500,5840,1,1-2-5|1-2-7|1-5-7|2-5-7,400,0,0,1-2-5|1-2-7|1-5-7,300,0,0
7120230715010010,7,1-2-3-4-5-6-7,2-3-7,5.0,0.1458406964650523,1.1800000000000002,2,3-7,2-3-6-7,2-6-7,3-5-7|3-6-7,200,0,0,1-3-7|2-3-7|3-4-7|3-5-7|3-6-7,500,0,0,2-3-6|2-3-7|2-6-7|3-6-7,400,2830,1,2-3-6|2-6-7|3-6-7,300,2830,1
7320231106010006,7,1-2-3-4-5-6-7,1-3-7,4.3,0.18800806776334336,1.1860465116279069,2,1-7,,2-3-7,1-2-7|1-6-7,200,0,0,1-2-7|1-3-7|1-4-7|1-5-7|1-6-7,500,0,0,,0,0,0,,0,0,0
7420230523010010,7,1-2-3-4-5-6-7,2-4-7,4.0,0.17821601639607138,1.1,2,2-4,1-2-4-7,1-4-7,1-2-4|2-4-6,200,0,0,1-2-4|2-3-4|2-4-5|2-4-6|2-4-7,500,0,0,1-2-4|1-2-7|1-4-7|2-4-7,400,470,1,1-2-4|1-2-7|1-4-7,300,470,1
7520230202010009,7,1-2-3-4-5-6-7,1-4-7,4.4,0.17261818016381827,1.1818181818181817,3,1-7,1-2-4-7,1-5-7,1-2-7|1-6-7|3-4-7,300,0,0,1-2-7|1-3-7|1-4-7|1-5-7|1-6-7,500,3070,1,1-2-4|1-2-7|1-4-7|2-4-7,400,0,0,1-2-4|1-2-7|2-4-7,300,0,0
7520230430010008,7,1-2-3-4-5-6-7,3-4-7,5.1,0.1490279779025673,1.019607843137255,3,3-4,1-3-4-7,1-3-6,1-3-4|3-4-6|3-5-7,300,0,0,1-3-4|2-3-4|3-4-5|3-4-6|3-4-7,500,0,0,1-3-4|1-3-7|1-4-7|3-4-7,400,0,0,1-3-4|1-3-7|1-4-7,300,0,0
7520230430010010,7,1-2-3-4-5-6-7,1-5-7,4.7,0.1515956725245763,1.0638297872340425,1,1-3,1-3-5-7,1-2-3,1-3-7,100,0,0,1-2-3|1-3-4|1-3-5|1-3-6|1-3-7,500,1030,1,1-3-5|1-3-7|1-5-7|3-5-7,400,0,0,1-3-5|1-3-7|3-5-7,300,0,0
8120230131010006,7,1-2-3-4-5-6-7,2-3-7,4.4,0.1746165039521739,1.1136363636363635,1,3-5,2-3-5-7,2-3-7,3-5-7,100,0,0,1-3-5|2-3-5|3-4-5|3-5-6|3-5-7,500,0,0,2-3-5|2-3-7|2-5-7|3-5-7,400,440,1,2-3-5|2-5-7|3-5-7,300,0,0
8120230131010010,7,1-2-3-4-5-6-7,1-3-4,4.3,0.1846113369784075,1.1395348837209303,0,,,1-4-6,,0,0,0,,0,0,0,,0,0,0,,0,0,0
8120230306010007,7,1-2-3-4-5-6-7,1-5-7,3.9,0.18122755709898114,1.2051282051282053,4,1-7,1-3-5-7,1-2-4,1-3-7|1-4-7|2-5-7|5-6-7,400,0,0,1-2-7|1-3-7|1-4-7|1-5-7|1-6-7,500,0,0,1-3-5|1-3-7|1-5-7|3-5-7,400,0,0,1-3-5|1-3-7|3-5-7,300,0,0
8120230608010009,7,1-2-3-4-5-6-7,1-4-7,4.2,0.17617446551344557,1.1428571428571428,1,1-5,1-4-5-7,2-3-5,1-5-7,100,0,0,1-2-5|1-3-5|1-4-5|1-5-6|1-5-7,500,0,0,1-4-5|1-4-7|1-5-7|4-5-7,400,0,0,1-4-5|1-5-7|4-5-7,300,0,0
8120230608010010,7,1-2-3-4-5-6-7,1-4-5,5.2,0.13359956745483562,1.0961538461538463,2,1-3,1-3-4-5,1-4-5,1-3-4|1-5-6,200,0,0,1-2-3|1-3-4|1-3-5|1-3-6|1-3-7,500,0,0,1-3-4|1-3-5|1-4-5|3-4-5,400,520,1,1-3-4|1-3-5|3-4-5,300,0,0
8120230619010009,7,1-2-3-4-5-6-7,1-6-7,5.7,0.13359677272176862,1.1228070175438596,3,1-7,1-2-6-7,3-4-6,1-2-7|1-5-7|3-6-7,300,0,0,1-2-7|1-3-7|1-4-7|1-5-7|1-6-7,500,0,0,1-2-6|1-2-7|1-6-7|2-6-7,400,0,0,1-2-6|1-2-7|2-6-7,300,0,0
8120230619010010,7,1-2-3-4-5-6-7,2-3-5,4.5,0.1736648007793466,1.088888888888889,2,3-5,,2-3-7,1-3-5|3-5-6,200,0,0,1-3-5|2-3-5|3-4-5|3-5-6|3-5-7,500,0,0,,0,0,0,,0,0,0
8120230805010010,7,1-2-3-4-5-6-7,1-3-5,4.2,0.1793510415502129,1.0238095238095237,3,1-5,1-3-5-7,1-5-7,1-2-5|1-5-7|3-5-6,300,520,1,1-2-5|1-3-5|1-4-5|1-5-6|1-5-7,500,520,1,1-3-5|1-3-7|1-5-7|3-5-7,400,520,1,1-3-7|1-5-7|3-5-7,300,520,1
8120230805010011,7,1-2-3-4-5-6-7,2-4-6,4.7,0.1572244992208505,1.0,4,2-4,2-4-6-7,1-5-7,1-2-4|2-3-4|2-4-5|2-4-7,400,0,0,1-2-4|2-3-4|2-4-5|2-4-6|2-4-7,500,0,0,2-4-6|2-4-7|2-6-7|4-6-7,400,0,0,2-4-7|2-6-7|4-6-7,300,0,0
8320230111010006,7,1-2-3-4-5-6-7,3-4-6,4.7,0.14327310486815284,1.1063829787234043,3,3-4,2-3-4-6,1-3-7,1-3-4|2-3-4|3-4-5,300,0,0,1-3-4|2-3-4|3-4-5|3-4-6|3-4-7,500,0,0,2-3-4|2-3-6|2-4-6|3-4-6,400,0,0,2-3-4|2-3-6|2-4-6,300,0,0
8320230218010006,7,1-2-3-4-5-6-7,1-3-7,4.8,0.1561507693776713,1.0,1,3-4,1-3-4-7,3-4-6,3-4-7,100,0,0,1-3-4|2-3-4|3-4-5|3-4-6|3-4-7,500,3480,1,1-3-4|1-3-7|1-4-7|3-4-7,400,0,0,1-3-4|1-4-7|3-4-7,300,0,0
8320230218010007,7,1-2-3-4-5-6-7,2-3-5,4.9,0.14926217498528194,1.0816326530612244,2,3-5,2-3-5-6,2-3-5,2-3-7|3-5-6,200,0,0,1-3-5|2-3-5|3-4-5|3-5-6|3-5-7,500,490,1,2-3-5|2-3-6|2-5-6|3-5-6,400,490,1,2-3-6|2-5-6|3-5-6,300,0,0
8320230401010008,7,1-2-3-4-5-6-7,1-2-3,5.2,0.14876130858332012,1.1346153846153846,3,1-3,,1-5-7,1-3-6|1-3-7|2-3-5,300,0,0,1-2-3|1-3-4|1-3-5|1-3-6|1-3-7,500,0,0,,0,0,0,,0,0,0
8320231129010009,7,1-2-3-4-5-6-7,1-2-5,7.2,0.09413944530343056,1.1111111111111112,2,2-4,2-4-5-6,1-2-4,1-2-6|2-4-5,200,0,0,1-2-4|2-3-4|2-4-5|2-4-6|2-4-7,500,940,1,2-4-5|2-4-6|2-5-6|4-5-6,400,0,0,2-4-5|2-4-6|2-5-6|4-5-6,400,0,0
8320231211010008,7,1-2-3-4-5-6-7,1-3-7,4.1,0.1813204002703655,1.0,3,3-7,1-2-3-7,1-4-5,2-3-7|3-4-7|3-5-7,300,0,0,1-3-7|2-3-7|3-4-7|3-5-7|3-6-7,500,0,0,1-2-3|1-2-7|1-3-7|2-3-7,400,0,0,1-2-3|1-2-7|2-3-7,300,0,0
8320231211010011,7,1-2-3-4-5-6-7,2-3-4,4.4,0.17752424979517936,1.0,2,2-4,2-3-4-6,4-5-6,2-4-6|3-4-5,200,0,0,1-2-4|2-3-4|2-4-5|2-4-6|2-4-7,500,0,0,2-3-4|2-3-6|2-4-6|3-4-6,400,0,0,2-3-6|2-4-6|3-4-6,300,0,0
8320231224010006,7,1-2-3-4-5-6-7,2-3-7,6.3,0.12074317399591743,1.0,2,2-7,2-3-5-7,3-5-6,2-5-7|2-6-7,200,0,0,1-2-7|2-3-7|2-4-7|2-5-7|2-6-7,500,0,0,2-3-5|2-3-7|2-5-7|3-5-7,400,0,0,2-3-5|2-5-7|3-5-7,300,0,0
8420230518010006,7,1-2-3-4-5-6-7,2-3-5,4.7,0.1585043650210006,1.1063829787234043,3,3-5,2-3-4-5,5-6-7,1-3-5|2-5-6|3-4-5,300,0,0,1-3-5|2-3-5|3-4-5|3-5-6|3-5-7,500,0,0,2-3-4|2-3-5|2-4-5|3-4-5,400,0,0,2-3-4|2-4-5|3-4-5,300,0,0
8420230518010007,7,1-2-3-4-5-6-7,1-4-5,5.1,0.14583415462883156,1.0980392156862746,2,1-3,1-3-4-5,1-2-5,1-2-4|1-3-5,200,0,0,1-2-3|1-3-4|1-3-5|1-3-6|1-3-7,500,0,0,1-3-4|1-3-5|1-4-5|3-4-5,400,0,0,1-3-4|1-3-5|3-4-5,300,0,0
8420230518010008,7,1-2-3-4-5-6-7,3-4-7,4.2,0.1883656942722195,1.0714285714285714,1,1-3,1-3-4-7,2-3-7,1-3-4,100,0,0,1-2-3|1-3-4|1-3-5|1-3-6|1-3-7,500,0,0,1-3-4|1-3-7|1-4-7|3-4-7,400,0,0,1-3-4|1-3-7|1-4-7,300,0,0
8420231015010011,7,1-2-3-4-5-6-7,2-4-7,4.2,0.18230259726447368,1.1428571428571428,3,2-7,2-3-4-7,2-4-7,2-3-7|2-6-7|4-5-7,300,0,0,1-2-7|2-3-7|2-4-7|2-5-7|2-6-7,500,420,1,2-3-4|2-3-7|2-4-7|3-4-7,400,420,1,2-3-4|2-3-7|3-4-7,300,0,0
8420231026010008,7,1-2-3-4-5-6-7,2-3-5,4.4,0.18075192856955696,1.0681818181818181,3,2-3,,3-5-7,2-3-6|2-3-7|3-4-5,300,0,0,1-2-3|2-3-4|2-3-5|2-3-6|2-3-7,500,0,0,,0,0,0,,0,0,0
8520230215010006,7,1-2-3-4-5-6-7,2-3-4,4.0,0.1871691010949192,1.175,1,3-4,2-3-4-6,3-4-6,3-4-6,100,600,1,1-3-4|2-3-4|3-4-5|3-4-6|3-4-7,500,600,1,2-3-4|2-3-6|2-4-6|3-4-6,400,600,1,2-3-6|2-4-6|3-4-6,300,600,1
8520230314010006,7,1-2-3-4-5-6-7,2-5-7,6.0,0.1260463229354354,1.1500000000000001,3,2-7,2-5-6-7,1-2-5,1-5-7|2-4-7|2-6-7,300,0,0,1-2-7|2-3-7|2-4-7|2-5-7|2-6-7,500,0,0,2-5-6|2-5-7|2-6-7|5-6-7,400,0,0,2-5-6|2-6-7|5-6-7,300,0,0
8520230327010007,7,1-2-3-4-5-6-7,1-3-4,4.9,0.15098189392918043,1.0204081632653061,2,1-4,1-3-4-6,1-4-6,1-4-6|1-4-7,200,520,1,1-2-4|1-3-4|1-4-5|1-4-6|1-4-7,500,520,1,1-3-4|1-3-6|1-4-6|3-4-6,400,520,1,1-3-6|1-4-6|3-4-6,300,520,1
8520230502010006,7,1-2-3-4-5-6-7,3-6-7,6.0,0.12990103464597855,1.0666666666666667,3,3-7,,4-5-7,1-3-7|2-3-7|3-5-7,300,0,0,1-3-7|2-3-7|3-4-7|3-5-7|3-6-7,500,0,0,,0,0,0,,0,0,0
8520230502010009,7,1-2-3-4-5-6-7,2-5-7,4.6,0.16738764637616513,1.0434782608695652,1,2-5,,1-4-7,2-5-6,100,0,0,1-2-5|2-3-5|2-4-5|2-5-6|2-5-7,500,0,0,,0,0,0,,0,0,0
8520230613010006,7,1-2-3-4-5-6-7,1-4-5,6.8,0.1144914640188163,1.0735294117647058,3,1-3,1-3-4-5,1-4-6,1-2-4|1-3-5|4-5-6,300,0,0,1-2-3|1-3-4|1-3-5|1-3-6|1-3-7,500,0,0,1-3-4|1-3-5|1-4-5|3-4-5,400,0,0,1-3-4|1-3-5|3-4-5,300,0,0
8520230613010007,7,1-2-3-4-5-6-7,2-3-4,5.3,0.14031790707360864,1.0,3,3-4,1-2-3-4,2-3-5,1-3-4|2-3-6|3-4-5,300,0,0,1-3-4|2-3-4|3-4-5|3-4-6|3-4-7,500,0,0,1-2-3|1-2-4|1-3-4|2-3-4,400,0,0,1-2-3|1-2-4|1-3-4,300,0,0
8520230613010011,7,1-2-3-4-5-6-7,2-5-6,3.6,0.18027670110607105,1.1388888888888888,1,2-4,2-4-5-6,2-4-5,2-4-5,100,410,1,1-2-4|2-3-4|2-4-5|2-4-6|2-4-7,500,410,1,2-4-5|2-4-6|2-5-6|4-5-6,400,410,1,2-4-5|2-4-6|4-5-6,300,410,1
8520230727010008,7,1-2-3-4-5-6-7,1-3-4,3.6,0.16709417052216005,1.0555555555555556,3,1-4,1-3-4-7,4-5-6,1-4-5|1-4-6|1-4-7,300,0,0,1-2-4|1-3-4|1-4-5|1-4-6|1-4-7,500,0,0,1-3-4|1-3-7|1-4-7|3-4-7,400,0,0,1-3-7|1-4-7|3-4-7,300,0,0
8520230727010010,7,1-2-3-4-5-6-7,3-4-7,5.2,0.15356053174883105,1.0769230769230769,2,3-4,,2-4-7,1-3-4|3-4-5,200,0,0,1-3-4|2-3-4|3-4-5|3-4-6|3-4-7,500,0,0,,0,0,0,,0,0,0
8620230123010007,7,1-2-3-4-5-6-7,1-3-5,6.8,0.11990286384422184,1.0294117647058825,2,3-5,,3-4-5,1-5-6|3-5-7,200,0,0,1-3-5|2-3-5|3-4-5|3-5-6|3-5-7,500,2140,1,,0,0,0,,0,0,0
8620230224010006,7,1-2-3-4-5-6-7,1-3-7,6.2,0.11850870478046832,1.096774193548387,2,1-3,1-3-4-7,2-3-7,1-3-4|3-6-7,200,0,0,1-2-3|1-3-4|1-3-5|1-3-6|1-3-7,500,0,0,1-3-4|1-3-7|1-4-7|3-4-7,400,0,0,1-3-4|1-4-7|3-4-7,300,0,0
8620230224010011,7,1-2-3-4-5-6-7,1-2-4,4.3,0.17914279579353837,1.0232558139534884,2,1-4,1-2-4-7,1-4-7,1-4-7|2-3-4,200,530,1,1-2-4|1-3-4|1-4-5|1-4-6|1-4-7,500,530,1,1-2-4|1-2-7|1-4-7|2-4-7,400,530,1,1-2-7|1-4-7|2-4-7,300,530,1
8620230407010008,7,1-2-3-4-5-6-7,2-3-7,5.4,0.14231588165413306,1.111111111111111,1,2-3,,1-4-5,2-3-6,100,0,0,1-2-3|2-3-4|2-3-5|2-3-6|2-3-7,500,0,0,,0,0,0,,0,0,0
8620230815010007,7,1-2-3-4-5-6-7,3-4-5,5.7,0.13024401967044597,1.1754385964912282,2,2-3,2-3-4-5,2-4-7,2-3-4|3-5-6,200,0,0,1-2-3|2-3-4|2-3-5|2-3-6|2-3-7,500,0,0,2-3-4|2-3-5|2-4-5|3-4-5,400,0,0,2-3-4|2-3-5|2-4-5,300,0,0
8620230919010006,7,1-2-3-4-5-6-7,1-4-7,5.6,0.1278707719251933,1.125,2,1-4,1-3-4-7,3-5-7,1-3-4|1-4-6,200,0,0,1-2-4|1-3-4|1-4-5|1-4-6|1-4-7,500,0,0,1-3-4|1-3-7|1-4-7|3-4-7,400,0,0,1-3-4|1-3-7|3-4-7,300,0,0
8620231214010007,7,1-2-3-4-5-6-7,1-2-4,4.4,0.16816887812522222,1.0,3,1-2,1-2-3-4,1-2-5,1-2-3|1-2-6|1-4-5,300,0,0,1-2-3|1-2-4|1-2-5|1-2-6|1-2-7,500,800,1,1-2-3|1-2-4|1-3-4|2-3-4,400,0,0,1-2-3|1-3-4|2-3-4,300,0,0
