strategy,segment,race_id,race_date,month,track,race_no,formation,bets,stake_yen,payout_yen,profit_yen,hit,A,B,M3,R1L,R1B,pair_score_gap,pair_win_gap,rival_top3,pair_top3_gap,r1l_score,main_top2
middle,中盤,2420260101010009,2026-01-01,2026-01,宇都宮競輪,9,MIX2,1-5-2|4-2-5,200,0,-200,0,1,5,7,4,2,13.159999999999968,29.799999999999997,86.7,31.299999999999997,95.94,85.2
middle,中盤,7320260103010010,2026-01-03,2026-01,小松島競輪,10,MIX2,4-1-7|3-7-1,200,0,-200,0,4,1,6,3,7,18.799999999999983,55.300000000000004,100.1,17.400000000000006,101.0,94.1
early,前半,8320260106010009,2026-01-06,2026-01,久留米競輪,9,MIX2,1-5-7|3-7-5,200,0,-200,0,1,5,6,3,7,3.069999999999993,-7.100000000000001,72.9,9.699999999999989,100.18,48.7
middle,中盤,8420260118010008,2026-01-18,2026-01,武雄競輪,8,MIX2,5-7-4|1-4-7,200,0,-200,0,5,7,2,1,4,7.260000000000019,6.300000000000001,96.3,12.5,99.28,71.80000000000001
early,前半,3620260125010006,2026-01-25,2026-01,小田原競輪,6,MIX2,4-3-2|7-2-3,200,0,-200,0,4,3,5,7,2,1.8600000000000136,-16.6,74.6,13.200000000000017,99.96,52.2
middle,中盤,2620260127010009,2026-01-27,2026-01,西武園競輪,9,MIX2,2-5-1|6-1-5,200,0,-200,0,2,5,7,6,1,18.150000000000006,24.4,84.2,24.099999999999994,94.28,75.4
early,前半,2420260131010006,2026-01-31,2026-01,宇都宮競輪,6,MIX2,5-7-4|2-4-7,200,0,-200,0,5,7,3,2,4,4.599999999999994,-0.29999999999999716,68.7,13.299999999999997,98.68,55.0
early,前半,2420260131010007,2026-01-31,2026-01,宇都宮競輪,7,MIX2,3-5-4|2-4-5,200,0,-200,0,3,5,7,2,4,5.310000000000002,-12.399999999999999,78.9,26.19999999999999,99.76,72.8
early,前半,3120260204010007,2026-02-04,2026-02,松戸競輪,7,MIX2,4-3-5|2-5-3,200,0,-200,0,4,3,6,2,5,3.7600000000000193,-17.699999999999996,102.6,-6.3999999999999915,98.26,72.8
middle,中盤,3120260204010009,2026-02-04,2026-02,松戸競輪,9,MIX2,7-1-5|3-5-1,200,0,-200,0,7,1,4,3,5,19.02000000000001,33.0,81.9,18.5,98.91,88.0
late,後半,3120260204010010,2026-02-04,2026-02,松戸競輪,10,MAIN4_X,2-5-3|5-2-3|2-5-7|5-2-7,400,470,70,1,2,5,3,7,1,7.100000000000023,-12.0,75.0,25.0,100.0,50.8
early,前半,7420260210010009,2026-02-10,2026-02,高知競輪,9,MIX2,1-7-3|6-3-7,200,710,510,1,1,7,5,6,3,5.640000000000015,-4.199999999999999,87.5,-10.700000000000003,93.68,49.9
late,後半,7420260210010011,2026-02-10,2026-02,高知競輪,11,MAIN4_X,7-1-6|1-7-6|7-1-5|1-7-5,400,0,-400,0,7,1,6,5,2,4.4599999999999795,22.9,78.0,4.599999999999994,104.0,65.3
early,前半,2420260214010007,2026-02-14,2026-02,宇都宮競輪,7,MIX2,5-3-7|1-7-3,200,0,-200,0,5,3,4,1,7,0.6800000000000068,-19.0,77.3,5.5,98.81,41.4
middle,中盤,4320260216010009,2026-02-16,2026-02,岐阜競輪,9,MIX2,2-7-1|5-1-7,200,710,510,1,2,7,4,5,1,0.75,11.7,81.1,10.800000000000011,98.03,52.7
early,前半,3720260220010006,2026-02-20,2026-02,伊東競輪,6,MIX2,2-4-5|1-5-4,200,0,-200,0,2,4,6,1,5,0.009999999999990905,-4.399999999999995,75.4,-7.5,94.92,41.0
early,前半,3720260220010007,2026-02-20,2026-02,伊東競輪,7,MIX2,7-2-3|5-3-2,200,0,-200,0,7,2,4,5,3,2.6799999999999784,-16.5,144.7,-33.79999999999998,98.4,66.3
middle,中盤,6320260221010009,2026-02-21,2026-02,防府競輪,9,MIX2,5-2-4|1-4-2,200,0,-200,0,5,2,3,1,4,2.309999999999974,-16.599999999999998,84.0,14.400000000000006,100.88,69.0
early,前半,2220260225010006,2026-02-25,2026-02,前橋競輪,6,MIX2,7-3-6|1-6-3,200,0,-200,0,7,3,5,1,6,2.7199999999999704,-6.300000000000001,95.8,-11.899999999999991,101.55,57.3
middle,中盤,3620260225010009,2026-02-25,2026-02,小田原競輪,9,MIX2,5-2-7|3-7-2,200,0,-200,0,5,2,6,3,7,5.159999999999997,6.099999999999994,88.7,22.799999999999997,101.1,52.400000000000006
early,前半,7520260227010007,2026-02-27,2026-02,松山競輪,7,MIX2,4-1-3|5-3-1,200,0,-200,0,4,1,6,5,3,1.4000000000000057,-7.700000000000003,59.2,28.499999999999986,99.08,50.8
late,後半,8320260301010011,2026-03-01,2026-03,久留米競輪,11,MAIN4_X,5-1-3|1-5-3|5-1-2|1-5-2,400,1090,690,1,5,1,3,2,4,8.950000000000017,3.1999999999999993,63.0,13.599999999999994,101.07,55.7
early,前半,3720260304010009,2026-03-04,2026-03,伊東競輪,9,MIX2,3-7-4|1-4-7,200,0,-200,0,3,7,6,1,4,1.3599999999999852,-31.5,94.6,4.900000000000006,98.64,66.5
middle,中盤,3720260304010010,2026-03-04,2026-03,伊東競輪,10,MIX2,5-1-2|7-2-1,200,0,-200,0,5,1,6,7,2,3.8899999999999864,21.400000000000006,83.19999999999999,35.900000000000006,99.94,91.0
early,前半,2620260304010007,2026-03-04,2026-03,西武園競輪,7,MIX2,2-5-1|4-1-5,200,0,-200,0,2,5,7,4,1,0.7199999999999989,-5.200000000000003,90.8,4.200000000000003,102.72,69.0
early,前半,3620260308010006,2026-03-08,2026-03,小田原競輪,6,MIX2,2-4-5|3-5-4,200,0,-200,0,2,4,6,3,5,0.3300000000000125,-6.000000000000007,81.5,1.7999999999999972,102.84,68.3
late,後半,3620260308010010,2026-03-08,2026-03,小田原競輪,10,MAIN4_X,5-1-4|1-5-4|5-1-7|1-5-7,400,0,-400,0,5,1,4,7,2,3.759999999999991,-11.600000000000001,84.5,3.0999999999999943,102.14,56.8
middle,中盤,1320260309010010,2026-03-09,2026-03,いわき平競輪,10,MIX2,2-4-3|1-3-4,200,0,-200,0,2,4,5,1,3,3.0299999999999727,2.6999999999999957,80.0,25.599999999999994,99.95,69.7
early,前半,4320260314010007,2026-03-14,2026-03,岐阜競輪,7,MIX2,7-3-1|5-1-3,200,0,-200,0,7,3,4,5,1,2.5600000000000023,-12.100000000000001,59.599999999999994,0.4000000000000057,96.38,29.0
early,前半,6120260316010007,2026-03-16,2026-03,玉野競輪,7,MIX2,2-7-3|5-3-7,200,0,-200,0,2,7,4,5,3,5.510000000000019,-11.399999999999999,73.0,13.299999999999997,98.66,52.2
early,前半,2220260320010006,2026-03-20,2026-03,前橋競輪,6,MIX2,7-2-5|1-5-2,200,0,-200,0,7,2,4,1,5,2.1100000000000136,-6.400000000000002,75.9,10.099999999999994,100.38,57.8
early,前半,8720260320010008,2026-03-20,2026-03,熊本競輪,8,MIX2,2-5-1|7-1-5,200,0,-200,0,2,5,4,7,1,5.730000000000018,-1.6999999999999993,90.7,0.8999999999999915,100.05,55.0
late,後半,3820260323010010,2026-03-23,2026-03,静岡競輪,10,MAIN4_X,5-1-4|1-5-4|5-1-7|1-5-7,400,0,-400,0,5,1,4,7,3,3.9799999999999613,-8.200000000000003,81.19999999999999,11.0,101.0,61.3
early,前半,8320260327010009,2026-03-27,2026-03,久留米競輪,9,MIX2,3-4-2|5-2-4,200,0,-200,0,3,4,7,5,2,5.949999999999989,-11.0,81.2,-5.0,98.31,48.3
early,前半,2720260401010006,2026-04-01,2026-04,京王閣競輪,6,MIX2,7-2-1|5-1-2,200,0,-200,0,7,2,4,5,1,0.020000000000038654,-24.0,82.8,1.8999999999999915,103.33,49.6
late,後半,2720260401010010,2026-04-01,2026-04,京王閣競輪,10,MAIN4_X,5-1-6|1-5-6|5-1-2|1-5-2,400,0,-400,0,5,1,6,2,7,9.850000000000023,15.899999999999999,85.69999999999999,-7.599999999999994,100.42,53.1
late,後半,2720260401010011,2026-04-01,2026-04,京王閣競輪,11,MAIN4_X,1-7-4|7-1-4|1-7-2|7-1-2,400,0,-400,0,1,7,4,5,2,3.8799999999999955,-4.0,81.1,18.900000000000006,100.0,58.400000000000006
early,前半,5620260401010006,2026-04-01,2026-04,岸和田競輪,6,MIX2,5-7-4|1-4-7,200,0,-200,0,5,7,2,1,4,1.2299999999999898,-16.5,94.3,4.200000000000003,101.28,71.2
middle,中盤,5620260401010009,2026-04-01,2026-04,岸和田競輪,9,MIX2,7-2-5|1-5-2,200,0,-200,0,7,2,3,1,5,11.740000000000009,30.799999999999997,81.1,26.5,101.17,76.9
early,前半,7420260405010006,2026-04-05,2026-04,高知競輪,6,MIX2,4-2-3|1-3-2,200,1320,1120,1,4,2,6,1,3,0.18999999999999773,-14.900000000000002,69.69999999999999,37.30000000000001,102.75,49.300000000000004
late,後半,7420260405010010,2026-04-05,2026-04,高知競輪,10,MAIN4_X,1-5-7|5-1-7|1-5-3|5-1-3,400,0,-400,0,1,5,7,3,6,16.230000000000018,30.300000000000004,80.6,40.5,100.21,64.3
early,前半,8120260407010007,2026-04-07,2026-04,小倉競輪,7,MIX2,5-2-7|1-7-2,200,1750,1550,1,5,2,6,1,7,1.710000000000008,-2.6000000000000014,102.9,1.3999999999999915,102.47,67.3
middle,中盤,8320260410010008,2026-04-10,2026-04,久留米競輪,8,MIX2,2-7-1|4-1-7,200,0,-200,0,2,7,5,4,1,0.29000000000002046,12.100000000000001,83.4,12.699999999999989,103.6,79.8
late,後半,8320260410010011,2026-04-10,2026-04,久留米競輪,11,MAIN4_X,4-1-6|1-4-6|4-1-2|1-4-2,400,1370,970,1,4,1,6,2,5,12.550000000000011,11.0,52.5,39.30000000000001,100.61,63.5
middle,中盤,4520260415010009,2026-04-15,2026-04,豊橋競輪,9,MIX2,3-4-2|5-2-4,200,0,-200,0,3,4,7,5,2,8.129999999999995,8.899999999999999,84.6,23.0,99.26,67.4
early,前半,2720260417010007,2026-04-17,2026-04,京王閣競輪,7,MIX2,5-3-4|2-4-3,200,0,-200,0,5,3,6,2,4,3.450000000000017,-11.4,67.7,-0.6000000000000085,101.74,36.8
middle,中盤,3720260418010010,2026-04-18,2026-04,伊東競輪,10,MIX2,4-1-2|5-2-1,200,0,-200,0,4,1,6,5,2,4.280000000000001,5.399999999999999,81.9,13.0,99.94,68.2
late,後半,7520260420010011,2026-04-20,2026-04,松山競輪,11,MAIN4_X,1-4-5|4-1-5|1-4-7|4-1-7,400,270,-130,1,1,4,5,7,3,14.979999999999961,15.600000000000005,65.19999999999999,34.70000000000002,101.15,61.9
late,後半,3820260421010010,2026-04-21,2026-04,静岡競輪,10,MAIN4_X,4-7-1|7-4-1|4-7-3|7-4-3,400,0,-400,0,4,7,1,3,5,11.310000000000002,6.599999999999998,58.0,49.900000000000006,101.34,64.4
late,後半,3820260421010011,2026-04-21,2026-04,静岡競輪,11,MAIN4_X,3-5-6|5-3-6|3-5-7|5-3-7,400,0,-400,0,3,5,6,7,1,7.760000000000019,-21.799999999999997,90.6,-4.699999999999989,102.33,47.1
middle,中盤,2220260422010009,2026-04-22,2026-04,前橋競輪,9,MIX2,4-2-5|3-5-2,200,0,-200,0,4,2,6,3,5,6.740000000000009,25.2,89.1,19.700000000000017,99.95,83.3
late,後半,2220260422010010,2026-04-22,2026-04,前橋競輪,10,MAIN4_X,5-2-4|2-5-4|5-2-3|2-5-3,400,0,-400,0,5,2,4,3,1,1.0200000000000387,-14.299999999999999,97.7,-20.500000000000014,102.21,40.8
early,前半,5320260501010007,2026-05-01,2026-05,奈良競輪,7,MIX2,5-1-4|2-4-1,200,0,-200,0,5,1,6,2,4,1.4099999999999966,-22.5,88.1,-8.099999999999994,100.08,48.300000000000004
middle,中盤,5620260504010010,2026-05-04,2026-05,岸和田競輪,10,MIX2,3-5-1|7-1-5,200,0,-200,0,3,5,4,7,1,8.649999999999977,15.400000000000006,82.8,31.39999999999999,100.37,96.19999999999999
middle,中盤,3720260511010008,2026-05-11,2026-05,伊東競輪,8,MIX2,5-2-4|3-4-2,200,0,-200,0,5,2,7,3,4,7.680000000000007,4.800000000000001,93.3,13.299999999999997,100.03,75.0
early,前半,7320260513010007,2026-05-13,2026-05,小松島競輪,7,MIX2,3-4-6|2-6-4,200,0,-200,0,3,4,7,2,6,2.4199999999999875,-20.4,75.5,-8.099999999999994,102.26,40.3
middle,中盤,2720260518010008,2026-05-18,2026-05,京王閣競輪,8,MIX2,5-3-4|1-4-3,200,0,-200,0,5,3,7,1,4,3.0500000000000114,11.900000000000002,86.9,27.69999999999999,99.78,61.6
early,前半,2420260521010007,2026-05-21,2026-05,宇都宮競輪,7,MIX2,3-7-5|2-5-7,200,0,-200,0,3,7,4,2,5,0.539999999999992,-4.700000000000003,86.4,5.099999999999994,99.78,59.599999999999994
middle,中盤,1120260523010008,2026-05-23,2026-05,函館競輪,8,MIX2,4-2-5|3-5-2,200,0,-200,0,4,2,6,3,5,2.4499999999999886,44.699999999999996,81.4,51.19999999999999,97.04,111.1
early,前半,8620260525010006,2026-05-25,2026-05,別府競輪,6,MIX2,4-1-5|3-5-1,200,0,-200,0,4,1,7,3,5,4.510000000000019,-2.8000000000000007,67.7,32.3,98.96,78.0
late,後半,8620260525010010,2026-05-25,2026-05,別府競輪,10,MAIN4_X,1-5-4|5-1-4|1-5-3|5-1-3,400,480,80,1,1,5,4,3,6,9.480000000000018,31.2,51.5,47.5,100.34,60.599999999999994
early,前半,3720260528010006,2026-05-28,2026-05,伊東競輪,6,MIX2,7-4-5|2-5-4,200,0,-200,0,7,4,1,2,5,4.810000000000002,-3.1999999999999993,86.0,12.300000000000011,99.74,64.6
late,後半,3720260528010011,2026-05-28,2026-05,伊東競輪,11,MAIN4_X,5-1-6|1-5-6|5-1-4|1-5-4,400,0,-400,0,5,1,6,4,3,2.8499999999999943,-33.7,97.6,-4.299999999999997,102.8,64.6
late,後半,1220260602010011,2026-06-02,2026-06,青森競輪,11,MAIN4_X,3-7-1|7-3-1|3-7-2|7-3-2,400,0,-400,0,3,7,1,2,5,5.390000000000015,13.7,71.2,18.60000000000001,101.4,53.3
early,前半,2120260604010006,2026-06-04,2026-06,弥彦競輪,6,MIX2,5-2-4|1-4-2,200,3310,3110,1,5,2,6,1,4,4.059999999999974,-10.0,89.2,-16.60000000000001,99.95,45.599999999999994
early,前半,2120260604010007,2026-06-04,2026-06,弥彦競輪,7,MIX2,1-5-2|6-2-5,200,0,-200,0,1,5,3,6,2,4.949999999999989,-4.600000000000001,65.1,18.80000000000001,96.96,52.0
late,後半,3720260613010010,2026-06-13,2026-06,伊東競輪,10,MAIN4_X,3-4-7|4-3-7|3-4-1|4-3-1,400,0,-400,0,3,4,7,1,5,5.029999999999973,29.499999999999996,86.0,28.19999999999999,101.96,61.8
early,前半,3520260619010006,2026-06-19,2026-06,平塚競輪,6,MIX2,7-3-1|5-1-3,200,0,-200,0,7,3,4,5,1,2.7800000000000296,-17.0,70.0,18.400000000000006,103.38,48.599999999999994
middle,中盤,3520260619010009,2026-06-19,2026-06,平塚競輪,9,MIX2,7-3-2|5-2-3,200,0,-200,0,7,3,4,5,2,0.14000000000001478,58.699999999999996,84.8,43.800000000000026,100.31,105.6
middle,中盤,1120260620010008,2026-06-20,2026-06,函館競輪,8,MIX2,5-2-1|4-1-2,200,0,-200,0,5,2,7,4,1,4.889999999999986,25.200000000000003,91.5,26.5,101.0,82.8
late,後半,3620260622010010,2026-06-22,2026-06,小田原競輪,10,MAIN4_X,2-5-4|5-2-4|2-5-1|5-2-1,400,0,-400,0,2,5,4,1,6,8.199999999999989,15.099999999999998,50.3,28.39999999999999,100.11,51.8
early,前半,5520260623010006,2026-06-23,2026-06,和歌山競輪,6,MIX2,1-5-7|2-7-5,200,0,-200,0,1,5,6,2,7,1.7500000000000284,-13.5,88.1,13.100000000000009,101.3,68.6
middle,中盤,5520260623010009,2026-06-23,2026-06,和歌山競輪,9,MIX2,7-1-4|3-4-1,200,0,-200,0,7,1,5,3,4,7.1299999999999955,38.4,83.2,30.200000000000003,100.28,93.30000000000001
early,前半,3120260625010007,2026-06-25,2026-06,松戸競輪,7,MIX2,1-7-4|2-4-7,200,0,-200,0,1,7,5,2,4,0.38999999999998636,-16.299999999999997,75.30000000000001,6.8999999999999915,99.78,58.8
early,前半,8120260626010008,2026-06-26,2026-06,小倉競輪,8,MIX2,5-3-1|4-1-3,200,0,-200,0,5,3,6,4,1,3.280000000000001,-20.1,95.0,4.699999999999989,106.6,75.4
early,前半,3520260630010008,2026-06-30,2026-06,平塚競輪,8,MIX2,1-4-3|7-3-4,200,0,-200,0,1,4,6,7,3,4.21999999999997,-6.100000000000001,105.6,-11.899999999999991,100.45,69.4
