race_id,race_date,track,race_no,segment,strategy,combination,stake_yen,payout_yen,profit_yen,hit
1320230101010009,2023-01-01,いわき平競輪,9,中盤,middle_v2,4-2-6,100,0,-100,0
1320230101010009,2023-01-01,いわき平競輪,9,中盤,middle_v2,2-4-6,100,0,-100,0
1320230101010009,2023-01-01,いわき平競輪,9,中盤,middle_v2,4-2-5,100,0,-100,0
1320230101010009,2023-01-01,いわき平競輪,9,中盤,middle_v2,2-4-5,100,0,-100,0
1320230101010009,2023-01-01,いわき平競輪,9,中盤,middle_v2,4-2-3,100,0,-100,0
1320230101010009,2023-01-01,いわき平競輪,9,中盤,middle_v2,2-4-3,100,0,-100,0
2320230101010011,2023-01-01,取手競輪,11,後半,late_v2,1-4-5,100,0,-100,0
2320230101010011,2023-01-01,取手競輪,11,後半,late_v2,4-1-5,100,0,-100,0
2320230101010011,2023-01-01,取手競輪,11,後半,late_v2,1-4-7,100,0,-100,0
2320230101010011,2023-01-01,取手競輪,11,後半,late_v2,4-1-7,100,1790,1690,1
7120230103010006,2023-01-03,高松競輪,6,前半,early_v2,2-4-5,100,0,-100,0
7120230103010006,2023-01-03,高松競輪,6,前半,early_v2,2-4-1,100,0,-100,0
7120230103010006,2023-01-03,高松競輪,6,前半,early_v2,4-2-5,100,0,-100,0
7120230103010006,2023-01-03,高松競輪,6,前半,early_v2,4-2-1,100,0,-100,0
8620230106010008,2023-01-06,別府競輪,8,中盤,middle_v2,1-5-6,100,0,-100,0
8620230106010008,2023-01-06,別府競輪,8,中盤,middle_v2,5-1-6,100,0,-100,0
8620230106010008,2023-01-06,別府競輪,8,中盤,middle_v2,1-5-3,100,0,-100,0
8620230106010008,2023-01-06,別府競輪,8,中盤,middle_v2,5-1-3,100,0,-100,0
8620230106010008,2023-01-06,別府競輪,8,中盤,middle_v2,1-5-4,100,0,-100,0
8620230106010008,2023-01-06,別府競輪,8,中盤,middle_v2,5-1-4,100,0,-100,0
8620230106010009,2023-01-06,別府競輪,9,中盤,middle_v2,4-1-7,100,0,-100,0
8620230106010009,2023-01-06,別府競輪,9,中盤,middle_v2,1-4-7,100,0,-100,0
8620230106010009,2023-01-06,別府競輪,9,中盤,middle_v2,4-1-5,100,0,-100,0
8620230106010009,2023-01-06,別府競輪,9,中盤,middle_v2,1-4-5,100,0,-100,0
8620230106010009,2023-01-06,別府競輪,9,中盤,middle_v2,4-1-2,100,0,-100,0
8620230106010009,2023-01-06,別府競輪,9,中盤,middle_v2,1-4-2,100,0,-100,0
5320230108010009,2023-01-08,奈良競輪,9,中盤,middle_v2,2-4-7,100,0,-100,0
5320230108010009,2023-01-08,奈良競輪,9,中盤,middle_v2,4-2-7,100,0,-100,0
5320230108010009,2023-01-08,奈良競輪,9,中盤,middle_v2,2-4-3,100,0,-100,0
5320230108010009,2023-01-08,奈良競輪,9,中盤,middle_v2,4-2-3,100,0,-100,0
5320230108010009,2023-01-08,奈良競輪,9,中盤,middle_v2,2-4-5,100,0,-100,0
5320230108010009,2023-01-08,奈良競輪,9,中盤,middle_v2,4-2-5,100,0,-100,0
2620230108010009,2023-01-08,西武園競輪,9,前半,early_v2,3-5-7,100,0,-100,0
2620230108010009,2023-01-08,西武園競輪,9,前半,early_v2,3-5-4,100,0,-100,0
2620230108010009,2023-01-08,西武園競輪,9,前半,early_v2,5-3-7,100,0,-100,0
2620230108010009,2023-01-08,西武園競輪,9,前半,early_v2,5-3-4,100,0,-100,0
8320230111010009,2023-01-11,久留米競輪,9,中盤,middle_v2,1-4-7,100,0,-100,0
8320230111010009,2023-01-11,久留米競輪,9,中盤,middle_v2,4-1-7,100,0,-100,0
8320230111010009,2023-01-11,久留米競輪,9,中盤,middle_v2,1-4-5,100,0,-100,0
8320230111010009,2023-01-11,久留米競輪,9,中盤,middle_v2,4-1-5,100,0,-100,0
8320230111010009,2023-01-11,久留米競輪,9,中盤,middle_v2,1-4-3,100,0,-100,0
8320230111010009,2023-01-11,久留米競輪,9,中盤,middle_v2,4-1-3,100,0,-100,0
6220230115010008,2023-01-15,広島競輪,8,中盤,middle_v2,1-5-6,100,0,-100,0
6220230115010008,2023-01-15,広島競輪,8,中盤,middle_v2,5-1-6,100,0,-100,0
6220230115010008,2023-01-15,広島競輪,8,中盤,middle_v2,1-5-4,100,0,-100,0
6220230115010008,2023-01-15,広島競輪,8,中盤,middle_v2,5-1-4,100,0,-100,0
6220230115010008,2023-01-15,広島競輪,8,中盤,middle_v2,1-5-2,100,0,-100,0
6220230115010008,2023-01-15,広島競輪,8,中盤,middle_v2,5-1-2,100,0,-100,0
4220230116010011,2023-01-16,名古屋競輪,11,後半,late_v2,1-4-7,100,0,-100,0
4220230116010011,2023-01-16,名古屋競輪,11,後半,late_v2,4-1-7,100,0,-100,0
4220230116010011,2023-01-16,名古屋競輪,11,後半,late_v2,1-4-2,100,0,-100,0
4220230116010011,2023-01-16,名古屋競輪,11,後半,late_v2,4-1-2,100,0,-100,0
3120230117010011,2023-01-17,松戸競輪,11,後半,late_v2,7-2-5,100,0,-100,0
3120230117010011,2023-01-17,松戸競輪,11,後半,late_v2,2-7-5,100,0,-100,0
3120230117010011,2023-01-17,松戸競輪,11,後半,late_v2,7-2-1,100,0,-100,0
3120230117010011,2023-01-17,松戸競輪,11,後半,late_v2,2-7-1,100,1000,900,1
5420230120010011,2023-01-20,向日町競輪,11,後半,late_v2,5-1-4,100,0,-100,0
5420230120010011,2023-01-20,向日町競輪,11,後半,late_v2,1-5-4,100,360,260,1
5420230120010011,2023-01-20,向日町競輪,11,後半,late_v2,5-1-7,100,0,-100,0
5420230120010011,2023-01-20,向日町競輪,11,後半,late_v2,1-5-7,100,0,-100,0
8120230120010009,2023-01-20,小倉競輪,9,中盤,middle_v2,4-5-1,100,0,-100,0
8120230120010009,2023-01-20,小倉競輪,9,中盤,middle_v2,5-4-1,100,0,-100,0
8120230120010009,2023-01-20,小倉競輪,9,中盤,middle_v2,4-5-6,100,0,-100,0
8120230120010009,2023-01-20,小倉競輪,9,中盤,middle_v2,5-4-6,100,0,-100,0
8120230120010009,2023-01-20,小倉競輪,9,中盤,middle_v2,4-5-3,100,0,-100,0
8120230120010009,2023-01-20,小倉競輪,9,中盤,middle_v2,5-4-3,100,0,-100,0
2720230123010010,2023-01-23,京王閣競輪,10,中盤,middle_v2,5-1-4,100,0,-100,0
2720230123010010,2023-01-23,京王閣競輪,10,中盤,middle_v2,1-5-4,100,0,-100,0
2720230123010010,2023-01-23,京王閣競輪,10,中盤,middle_v2,5-1-6,100,0,-100,0
2720230123010010,2023-01-23,京王閣競輪,10,中盤,middle_v2,1-5-6,100,0,-100,0
2720230123010010,2023-01-23,京王閣競輪,10,中盤,middle_v2,5-1-2,100,510,410,1
2720230123010010,2023-01-23,京王閣競輪,10,中盤,middle_v2,1-5-2,100,0,-100,0
8620230123010009,2023-01-23,別府競輪,9,中盤,middle_v2,7-1-5,100,0,-100,0
8620230123010009,2023-01-23,別府競輪,9,中盤,middle_v2,1-7-5,100,0,-100,0
8620230123010009,2023-01-23,別府競輪,9,中盤,middle_v2,7-1-3,100,0,-100,0
8620230123010009,2023-01-23,別府競輪,9,中盤,middle_v2,1-7-3,100,0,-100,0
8620230123010009,2023-01-23,別府競輪,9,中盤,middle_v2,7-1-4,100,0,-100,0
8620230123010009,2023-01-23,別府競輪,9,中盤,middle_v2,1-7-4,100,0,-100,0
7520230125010009,2023-01-25,松山競輪,9,中盤,middle_v2,1-7-4,100,0,-100,0
7520230125010009,2023-01-25,松山競輪,9,中盤,middle_v2,7-1-4,100,0,-100,0
7520230125010009,2023-01-25,松山競輪,9,中盤,middle_v2,1-7-5,100,0,-100,0
7520230125010009,2023-01-25,松山競輪,9,中盤,middle_v2,7-1-5,100,0,-100,0
7520230125010009,2023-01-25,松山競輪,9,中盤,middle_v2,1-7-2,100,0,-100,0
7520230125010009,2023-01-25,松山競輪,9,中盤,middle_v2,7-1-2,100,0,-100,0
8120230131010007,2023-01-31,小倉競輪,7,前半,early_v2,5-1-3,100,0,-100,0
8120230131010007,2023-01-31,小倉競輪,7,前半,early_v2,5-1-4,100,0,-100,0
8120230131010007,2023-01-31,小倉競輪,7,前半,early_v2,1-5-3,100,0,-100,0
8120230131010007,2023-01-31,小倉競輪,7,前半,early_v2,1-5-4,100,0,-100,0
8120230131010009,2023-01-31,小倉競輪,9,中盤,middle_v2,1-4-5,100,320,220,1
8120230131010009,2023-01-31,小倉競輪,9,中盤,middle_v2,4-1-5,100,0,-100,0
8120230131010009,2023-01-31,小倉競輪,9,中盤,middle_v2,1-4-2,100,0,-100,0
8120230131010009,2023-01-31,小倉競輪,9,中盤,middle_v2,4-1-2,100,0,-100,0
8120230131010009,2023-01-31,小倉競輪,9,中盤,middle_v2,1-4-7,100,0,-100,0
8120230131010009,2023-01-31,小倉競輪,9,中盤,middle_v2,4-1-7,100,0,-100,0
4520230201010006,2023-02-01,豊橋競輪,6,前半,early_v2,2-4-5,100,0,-100,0
4520230201010006,2023-02-01,豊橋競輪,6,前半,early_v2,2-4-1,100,0,-100,0
4520230201010006,2023-02-01,豊橋競輪,6,前半,early_v2,4-2-5,100,0,-100,0
4520230201010006,2023-02-01,豊橋競輪,6,前半,early_v2,4-2-1,100,0,-100,0
4520230201010011,2023-02-01,豊橋競輪,11,後半,late_v2,5-1-6,100,0,-100,0
4520230201010011,2023-02-01,豊橋競輪,11,後半,late_v2,1-5-6,100,0,-100,0
4520230201010011,2023-02-01,豊橋競輪,11,後半,late_v2,5-1-7,100,0,-100,0
4520230201010011,2023-02-01,豊橋競輪,11,後半,late_v2,1-5-7,100,0,-100,0
7520230202010010,2023-02-02,松山競輪,10,後半,late_v2,1-5-6,100,0,-100,0
7520230202010010,2023-02-02,松山競輪,10,後半,late_v2,5-1-6,100,0,-100,0
7520230202010010,2023-02-02,松山競輪,10,後半,late_v2,1-5-2,100,0,-100,0
7520230202010010,2023-02-02,松山競輪,10,後半,late_v2,5-1-2,100,0,-100,0
2420230205010010,2023-02-05,宇都宮競輪,10,中盤,middle_v2,2-5-4,100,0,-100,0
2420230205010010,2023-02-05,宇都宮競輪,10,中盤,middle_v2,5-2-4,100,270,170,1
2420230205010010,2023-02-05,宇都宮競輪,10,中盤,middle_v2,2-5-6,100,0,-100,0
2420230205010010,2023-02-05,宇都宮競輪,10,中盤,middle_v2,5-2-6,100,0,-100,0
2420230205010010,2023-02-05,宇都宮競輪,10,中盤,middle_v2,2-5-1,100,0,-100,0
2420230205010010,2023-02-05,宇都宮競輪,10,中盤,middle_v2,5-2-1,100,0,-100,0
3120230205010010,2023-02-05,松戸競輪,10,中盤,middle_v2,2-4-7,100,0,-100,0
3120230205010010,2023-02-05,松戸競輪,10,中盤,middle_v2,4-2-7,100,500,400,1
3120230205010010,2023-02-05,松戸競輪,10,中盤,middle_v2,2-4-6,100,0,-100,0
3120230205010010,2023-02-05,松戸競輪,10,中盤,middle_v2,4-2-6,100,0,-100,0
3120230205010010,2023-02-05,松戸競輪,10,中盤,middle_v2,2-4-1,100,0,-100,0
3120230205010010,2023-02-05,松戸競輪,10,中盤,middle_v2,4-2-1,100,0,-100,0
6220230206010009,2023-02-06,広島競輪,9,中盤,middle_v2,1-5-7,100,0,-100,0
6220230206010009,2023-02-06,広島競輪,9,中盤,middle_v2,5-1-7,100,0,-100,0
6220230206010009,2023-02-06,広島競輪,9,中盤,middle_v2,1-5-2,100,0,-100,0
6220230206010009,2023-02-06,広島競輪,9,中盤,middle_v2,5-1-2,100,0,-100,0
6220230206010009,2023-02-06,広島競輪,9,中盤,middle_v2,1-5-4,100,0,-100,0
6220230206010009,2023-02-06,広島競輪,9,中盤,middle_v2,5-1-4,100,0,-100,0
4520230206010009,2023-02-06,豊橋競輪,9,中盤,middle_v2,4-7-3,100,0,-100,0
4520230206010009,2023-02-06,豊橋競輪,9,中盤,middle_v2,7-4-3,100,0,-100,0
4520230206010009,2023-02-06,豊橋競輪,9,中盤,middle_v2,4-7-1,100,0,-100,0
4520230206010009,2023-02-06,豊橋競輪,9,中盤,middle_v2,7-4-1,100,0,-100,0
4520230206010009,2023-02-06,豊橋競輪,9,中盤,middle_v2,4-7-5,100,0,-100,0
4520230206010009,2023-02-06,豊橋競輪,9,中盤,middle_v2,7-4-5,100,0,-100,0
1320230207010008,2023-02-07,いわき平競輪,8,中盤,middle_v2,7-2-4,100,0,-100,0
1320230207010008,2023-02-07,いわき平競輪,8,中盤,middle_v2,2-7-4,100,0,-100,0
1320230207010008,2023-02-07,いわき平競輪,8,中盤,middle_v2,7-2-1,100,0,-100,0
1320230207010008,2023-02-07,いわき平競輪,8,中盤,middle_v2,2-7-1,100,0,-100,0
1320230207010008,2023-02-07,いわき平競輪,8,中盤,middle_v2,7-2-5,100,0,-100,0
1320230207010008,2023-02-07,いわき平競輪,8,中盤,middle_v2,2-7-5,100,0,-100,0
1320230207010010,2023-02-07,いわき平競輪,10,後半,late_v2,4-1-6,100,0,-100,0
1320230207010010,2023-02-07,いわき平競輪,10,後半,late_v2,1-4-6,100,0,-100,0
1320230207010010,2023-02-07,いわき平競輪,10,後半,late_v2,4-1-7,100,0,-100,0
1320230207010010,2023-02-07,いわき平競輪,10,後半,late_v2,1-4-7,100,0,-100,0
1320230207010011,2023-02-07,いわき平競輪,11,後半,late_v2,7-1-4,100,0,-100,0
1320230207010011,2023-02-07,いわき平競輪,11,後半,late_v2,1-7-4,100,0,-100,0
1320230207010011,2023-02-07,いわき平競輪,11,後半,late_v2,7-1-2,100,0,-100,0
1320230207010011,2023-02-07,いわき平競輪,11,後半,late_v2,1-7-2,100,0,-100,0
7320230213010009,2023-02-13,小松島競輪,9,中盤,middle_v2,4-1-7,100,0,-100,0
7320230213010009,2023-02-13,小松島競輪,9,中盤,middle_v2,1-4-7,100,0,-100,0
7320230213010009,2023-02-13,小松島競輪,9,中盤,middle_v2,4-1-6,100,0,-100,0
7320230213010009,2023-02-13,小松島競輪,9,中盤,middle_v2,1-4-6,100,0,-100,0
7320230213010009,2023-02-13,小松島競輪,9,中盤,middle_v2,4-1-3,100,0,-100,0
7320230213010009,2023-02-13,小松島競輪,9,中盤,middle_v2,1-4-3,100,0,-100,0
2820230213010010,2023-02-13,立川競輪,10,中盤,middle_v2,4-2-7,100,0,-100,0
2820230213010010,2023-02-13,立川競輪,10,中盤,middle_v2,2-4-7,100,0,-100,0
2820230213010010,2023-02-13,立川競輪,10,中盤,middle_v2,4-2-1,100,0,-100,0
2820230213010010,2023-02-13,立川競輪,10,中盤,middle_v2,2-4-1,100,2710,2610,1
2820230213010010,2023-02-13,立川競輪,10,中盤,middle_v2,4-2-5,100,0,-100,0
2820230213010010,2023-02-13,立川競輪,10,中盤,middle_v2,2-4-5,100,0,-100,0
5620230214010009,2023-02-14,岸和田競輪,9,中盤,middle_v2,2-5-4,100,0,-100,0
5620230214010009,2023-02-14,岸和田競輪,9,中盤,middle_v2,5-2-4,100,0,-100,0
5620230214010009,2023-02-14,岸和田競輪,9,中盤,middle_v2,2-5-1,100,1600,1500,1
5620230214010009,2023-02-14,岸和田競輪,9,中盤,middle_v2,5-2-1,100,0,-100,0
5620230214010009,2023-02-14,岸和田競輪,9,中盤,middle_v2,2-5-7,100,0,-100,0
5620230214010009,2023-02-14,岸和田競輪,9,中盤,middle_v2,5-2-7,100,0,-100,0
5620230214010010,2023-02-14,岸和田競輪,10,後半,late_v2,5-1-7,100,0,-100,0
5620230214010010,2023-02-14,岸和田競輪,10,後半,late_v2,1-5-7,100,0,-100,0
5620230214010010,2023-02-14,岸和田競輪,10,後半,late_v2,5-1-2,100,0,-100,0
5620230214010010,2023-02-14,岸和田競輪,10,後半,late_v2,1-5-2,100,0,-100,0
8520230215010009,2023-02-15,佐世保競輪,9,中盤,middle_v2,3-2-5,100,0,-100,0
8520230215010009,2023-02-15,佐世保競輪,9,中盤,middle_v2,2-3-5,100,0,-100,0
8520230215010009,2023-02-15,佐世保競輪,9,中盤,middle_v2,3-2-4,100,0,-100,0
8520230215010009,2023-02-15,佐世保競輪,9,中盤,middle_v2,2-3-4,100,0,-100,0
8520230215010009,2023-02-15,佐世保競輪,9,中盤,middle_v2,3-2-1,100,570,470,1
8520230215010009,2023-02-15,佐世保競輪,9,中盤,middle_v2,2-3-1,100,0,-100,0
5420230227010006,2023-02-27,向日町競輪,6,前半,early_v2,2-7-1,100,0,-100,0
5420230227010006,2023-02-27,向日町競輪,6,前半,early_v2,2-7-5,100,2360,2260,1
5420230227010006,2023-02-27,向日町競輪,6,前半,early_v2,7-2-1,100,0,-100,0
5420230227010006,2023-02-27,向日町競輪,6,前半,early_v2,7-2-5,100,0,-100,0
4420230227010011,2023-02-27,大垣競輪,11,後半,late_v2,1-4-7,100,0,-100,0
4420230227010011,2023-02-27,大垣競輪,11,後半,late_v2,4-1-7,100,0,-100,0
4420230227010011,2023-02-27,大垣競輪,11,後半,late_v2,1-4-5,100,0,-100,0
4420230227010011,2023-02-27,大垣競輪,11,後半,late_v2,4-1-5,100,1540,1440,1
6120230304010008,2023-03-04,玉野競輪,8,中盤,middle_v2,7-3-5,100,0,-100,0
6120230304010008,2023-03-04,玉野競輪,8,中盤,middle_v2,3-7-5,100,0,-100,0
6120230304010008,2023-03-04,玉野競輪,8,中盤,middle_v2,7-3-4,100,0,-100,0
6120230304010008,2023-03-04,玉野競輪,8,中盤,middle_v2,3-7-4,100,0,-100,0
6120230304010008,2023-03-04,玉野競輪,8,中盤,middle_v2,7-3-2,100,0,-100,0
6120230304010008,2023-03-04,玉野競輪,8,中盤,middle_v2,3-7-2,100,0,-100,0
2520230308010008,2023-03-08,大宮競輪,8,前半,early_v2,2-3-1,100,0,-100,0
2520230308010008,2023-03-08,大宮競輪,8,前半,early_v2,2-3-7,100,0,-100,0
2520230308010008,2023-03-08,大宮競輪,8,前半,early_v2,3-2-1,100,0,-100,0
2520230308010008,2023-03-08,大宮競輪,8,前半,early_v2,3-2-7,100,0,-100,0
3520230311010011,2023-03-11,平塚競輪,11,後半,late_v2,1-7-4,100,0,-100,0
3520230311010011,2023-03-11,平塚競輪,11,後半,late_v2,7-1-4,100,0,-100,0
3520230311010011,2023-03-11,平塚競輪,11,後半,late_v2,1-7-3,100,0,-100,0
3520230311010011,2023-03-11,平塚競輪,11,後半,late_v2,7-1-3,100,0,-100,0
5120230312010008,2023-03-12,福井競輪,8,前半,early_v2,1-4-3,100,0,-100,0
5120230312010008,2023-03-12,福井競輪,8,前半,early_v2,1-4-5,100,0,-100,0
5120230312010008,2023-03-12,福井競輪,8,前半,early_v2,4-1-3,100,0,-100,0
5120230312010008,2023-03-12,福井競輪,8,前半,early_v2,4-1-5,100,0,-100,0
4820230316010006,2023-03-16,四日市競輪,6,前半,early_v2,2-4-5,100,0,-100,0
4820230316010006,2023-03-16,四日市競輪,6,前半,early_v2,2-4-7,100,0,-100,0
4820230316010006,2023-03-16,四日市競輪,6,前半,early_v2,4-2-5,100,0,-100,0
4820230316010006,2023-03-16,四日市競輪,6,前半,early_v2,4-2-7,100,0,-100,0
4820230316010008,2023-03-16,四日市競輪,8,中盤,middle_v2,5-2-3,100,0,-100,0
4820230316010008,2023-03-16,四日市競輪,8,中盤,middle_v2,2-5-3,100,0,-100,0
4820230316010008,2023-03-16,四日市競輪,8,中盤,middle_v2,5-2-1,100,0,-100,0
4820230316010008,2023-03-16,四日市競輪,8,中盤,middle_v2,2-5-1,100,0,-100,0
4820230316010008,2023-03-16,四日市競輪,8,中盤,middle_v2,5-2-4,100,0,-100,0
4820230316010008,2023-03-16,四日市競輪,8,中盤,middle_v2,2-5-4,100,0,-100,0
7420230319010008,2023-03-19,高知競輪,8,中盤,middle_v2,1-5-6,100,0,-100,0
7420230319010008,2023-03-19,高知競輪,8,中盤,middle_v2,5-1-6,100,0,-100,0
7420230319010008,2023-03-19,高知競輪,8,中盤,middle_v2,1-5-2,100,0,-100,0
7420230319010008,2023-03-19,高知競輪,8,中盤,middle_v2,5-1-2,100,0,-100,0
7420230319010008,2023-03-19,高知競輪,8,中盤,middle_v2,1-5-4,100,0,-100,0
7420230319010008,2023-03-19,高知競輪,8,中盤,middle_v2,5-1-4,100,0,-100,0
7420230319010009,2023-03-19,高知競輪,9,中盤,middle_v2,4-3-7,100,0,-100,0
7420230319010009,2023-03-19,高知競輪,9,中盤,middle_v2,3-4-7,100,0,-100,0
7420230319010009,2023-03-19,高知競輪,9,中盤,middle_v2,4-3-5,100,0,-100,0
7420230319010009,2023-03-19,高知競輪,9,中盤,middle_v2,3-4-5,100,0,-100,0
7420230319010009,2023-03-19,高知競輪,9,中盤,middle_v2,4-3-2,100,0,-100,0
7420230319010009,2023-03-19,高知競輪,9,中盤,middle_v2,3-4-2,100,0,-100,0
2420230322010006,2023-03-22,宇都宮競輪,6,前半,early_v2,1-7-5,100,0,-100,0
2420230322010006,2023-03-22,宇都宮競輪,6,前半,early_v2,1-7-2,100,0,-100,0
2420230322010006,2023-03-22,宇都宮競輪,6,前半,early_v2,7-1-5,100,0,-100,0
2420230322010006,2023-03-22,宇都宮競輪,6,前半,early_v2,7-1-2,100,0,-100,0
4820230324010009,2023-03-24,四日市競輪,9,中盤,middle_v2,7-3-1,100,0,-100,0
4820230324010009,2023-03-24,四日市競輪,9,中盤,middle_v2,3-7-1,100,0,-100,0
4820230324010009,2023-03-24,四日市競輪,9,中盤,middle_v2,7-3-2,100,0,-100,0
4820230324010009,2023-03-24,四日市競輪,9,中盤,middle_v2,3-7-2,100,3410,3310,1
4820230324010009,2023-03-24,四日市競輪,9,中盤,middle_v2,7-3-5,100,0,-100,0
4820230324010009,2023-03-24,四日市競輪,9,中盤,middle_v2,3-7-5,100,0,-100,0
3620230325010009,2023-03-25,小田原競輪,9,中盤,middle_v2,7-5-3,100,0,-100,0
3620230325010009,2023-03-25,小田原競輪,9,中盤,middle_v2,5-7-3,100,0,-100,0
3620230325010009,2023-03-25,小田原競輪,9,中盤,middle_v2,7-5-6,100,0,-100,0
3620230325010009,2023-03-25,小田原競輪,9,中盤,middle_v2,5-7-6,100,0,-100,0
3620230325010009,2023-03-25,小田原競輪,9,中盤,middle_v2,7-5-1,100,0,-100,0
3620230325010009,2023-03-25,小田原競輪,9,中盤,middle_v2,5-7-1,100,910,810,1
3620230325010010,2023-03-25,小田原競輪,10,後半,late_v2,1-4-7,100,0,-100,0
3620230325010010,2023-03-25,小田原競輪,10,後半,late_v2,4-1-7,100,0,-100,0
3620230325010010,2023-03-25,小田原競輪,10,後半,late_v2,1-4-5,100,0,-100,0
3620230325010010,2023-03-25,小田原競輪,10,後半,late_v2,4-1-5,100,0,-100,0
3620230325010011,2023-03-25,小田原競輪,11,後半,late_v2,1-5-4,100,0,-100,0
3620230325010011,2023-03-25,小田原競輪,11,後半,late_v2,5-1-4,100,0,-100,0
3620230325010011,2023-03-25,小田原競輪,11,後半,late_v2,1-5-3,100,0,-100,0
3620230325010011,2023-03-25,小田原競輪,11,後半,late_v2,5-1-3,100,0,-100,0
8520230327010008,2023-03-27,佐世保競輪,8,中盤,middle_v2,4-3-6,100,0,-100,0
8520230327010008,2023-03-27,佐世保競輪,8,中盤,middle_v2,3-4-6,100,0,-100,0
8520230327010008,2023-03-27,佐世保競輪,8,中盤,middle_v2,4-3-7,100,0,-100,0
8520230327010008,2023-03-27,佐世保競輪,8,中盤,middle_v2,3-4-7,100,0,-100,0
8520230327010008,2023-03-27,佐世保競輪,8,中盤,middle_v2,4-3-1,100,0,-100,0
8520230327010008,2023-03-27,佐世保競輪,8,中盤,middle_v2,3-4-1,100,0,-100,0
8520230327010009,2023-03-27,佐世保競輪,9,中盤,middle_v2,1-7-5,100,0,-100,0
8520230327010009,2023-03-27,佐世保競輪,9,中盤,middle_v2,7-1-5,100,320,220,1
8520230327010009,2023-03-27,佐世保競輪,9,中盤,middle_v2,1-7-6,100,0,-100,0
8520230327010009,2023-03-27,佐世保競輪,9,中盤,middle_v2,7-1-6,100,0,-100,0
8520230327010009,2023-03-27,佐世保競輪,9,中盤,middle_v2,1-7-2,100,0,-100,0
8520230327010009,2023-03-27,佐世保競輪,9,中盤,middle_v2,7-1-2,100,0,-100,0
3720230329010009,2023-03-29,伊東競輪,9,中盤,middle_v2,5-1-7,100,0,-100,0
3720230329010009,2023-03-29,伊東競輪,9,中盤,middle_v2,1-5-7,100,0,-100,0
3720230329010009,2023-03-29,伊東競輪,9,中盤,middle_v2,5-1-2,100,0,-100,0
3720230329010009,2023-03-29,伊東競輪,9,中盤,middle_v2,1-5-2,100,0,-100,0
3720230329010009,2023-03-29,伊東競輪,9,中盤,middle_v2,5-1-4,100,0,-100,0
3720230329010009,2023-03-29,伊東競輪,9,中盤,middle_v2,1-5-4,100,0,-100,0
8320230401010008,2023-04-01,久留米競輪,8,前半,early_v2,3-4-5,100,0,-100,0
8320230401010008,2023-04-01,久留米競輪,8,前半,early_v2,3-4-2,100,0,-100,0
8320230401010008,2023-04-01,久留米競輪,8,前半,early_v2,4-3-5,100,0,-100,0
8320230401010008,2023-04-01,久留米競輪,8,前半,early_v2,4-3-2,100,0,-100,0
2820230405010009,2023-04-05,立川競輪,9,中盤,middle_v2,7-1-4,100,0,-100,0
2820230405010009,2023-04-05,立川競輪,9,中盤,middle_v2,1-7-4,100,0,-100,0
2820230405010009,2023-04-05,立川競輪,9,中盤,middle_v2,7-1-3,100,0,-100,0
2820230405010009,2023-04-05,立川競輪,9,中盤,middle_v2,1-7-3,100,0,-100,0
2820230405010009,2023-04-05,立川競輪,9,中盤,middle_v2,7-1-5,100,0,-100,0
2820230405010009,2023-04-05,立川競輪,9,中盤,middle_v2,1-7-5,100,0,-100,0
4620230409010008,2023-04-09,富山競輪,8,中盤,middle_v2,5-1-4,100,0,-100,0
4620230409010008,2023-04-09,富山競輪,8,中盤,middle_v2,1-5-4,100,0,-100,0
4620230409010008,2023-04-09,富山競輪,8,中盤,middle_v2,5-1-7,100,0,-100,0
4620230409010008,2023-04-09,富山競輪,8,中盤,middle_v2,1-5-7,100,0,-100,0
4620230409010008,2023-04-09,富山競輪,8,中盤,middle_v2,5-1-2,100,0,-100,0
4620230409010008,2023-04-09,富山競輪,8,中盤,middle_v2,1-5-2,100,0,-100,0
4620230409010009,2023-04-09,富山競輪,9,中盤,middle_v2,3-7-2,100,0,-100,0
4620230409010009,2023-04-09,富山競輪,9,中盤,middle_v2,7-3-2,100,0,-100,0
4620230409010009,2023-04-09,富山競輪,9,中盤,middle_v2,3-7-1,100,0,-100,0
4620230409010009,2023-04-09,富山競輪,9,中盤,middle_v2,7-3-1,100,0,-100,0
4620230409010009,2023-04-09,富山競輪,9,中盤,middle_v2,3-7-5,100,0,-100,0
4620230409010009,2023-04-09,富山競輪,9,中盤,middle_v2,7-3-5,100,0,-100,0
4820230412010008,2023-04-12,四日市競輪,8,中盤,middle_v2,3-7-4,100,0,-100,0
4820230412010008,2023-04-12,四日市競輪,8,中盤,middle_v2,7-3-4,100,0,-100,0
4820230412010008,2023-04-12,四日市競輪,8,中盤,middle_v2,3-7-5,100,0,-100,0
4820230412010008,2023-04-12,四日市競輪,8,中盤,middle_v2,7-3-5,100,0,-100,0
4820230412010008,2023-04-12,四日市競輪,8,中盤,middle_v2,3-7-2,100,0,-100,0
4820230412010008,2023-04-12,四日市競輪,8,中盤,middle_v2,7-3-2,100,0,-100,0
7320230414010010,2023-04-14,小松島競輪,10,後半,late_v2,2-7-5,100,0,-100,0
7320230414010010,2023-04-14,小松島競輪,10,後半,late_v2,7-2-5,100,0,-100,0
7320230414010010,2023-04-14,小松島競輪,10,後半,late_v2,2-7-1,100,0,-100,0
7320230414010010,2023-04-14,小松島競輪,10,後半,late_v2,7-2-1,100,0,-100,0
1320230417010008,2023-04-17,いわき平競輪,8,中盤,middle_v2,5-3-1,100,0,-100,0
1320230417010008,2023-04-17,いわき平競輪,8,中盤,middle_v2,3-5-1,100,0,-100,0
1320230417010008,2023-04-17,いわき平競輪,8,中盤,middle_v2,5-3-2,100,0,-100,0
1320230417010008,2023-04-17,いわき平競輪,8,中盤,middle_v2,3-5-2,100,0,-100,0
1320230417010008,2023-04-17,いわき平競輪,8,中盤,middle_v2,5-3-7,100,0,-100,0
1320230417010008,2023-04-17,いわき平競輪,8,中盤,middle_v2,3-5-7,100,0,-100,0
8120230417010011,2023-04-17,小倉競輪,11,後半,late_v2,1-7-4,100,0,-100,0
8120230417010011,2023-04-17,小倉競輪,11,後半,late_v2,7-1-4,100,0,-100,0
8120230417010011,2023-04-17,小倉競輪,11,後半,late_v2,1-7-5,100,0,-100,0
8120230417010011,2023-04-17,小倉競輪,11,後半,late_v2,7-1-5,100,0,-100,0
2620230419010006,2023-04-19,西武園競輪,6,前半,early_v2,2-4-7,100,0,-100,0
2620230419010006,2023-04-19,西武園競輪,6,前半,early_v2,2-4-5,100,0,-100,0
2620230419010006,2023-04-19,西武園競輪,6,前半,early_v2,4-2-7,100,0,-100,0
2620230419010006,2023-04-19,西武園競輪,6,前半,early_v2,4-2-5,100,0,-100,0
2620230419010008,2023-04-19,西武園競輪,8,中盤,middle_v2,2-7-4,100,0,-100,0
2620230419010008,2023-04-19,西武園競輪,8,中盤,middle_v2,7-2-4,100,0,-100,0
2620230419010008,2023-04-19,西武園競輪,8,中盤,middle_v2,2-7-3,100,0,-100,0
2620230419010008,2023-04-19,西武園競輪,8,中盤,middle_v2,7-2-3,100,0,-100,0
2620230419010008,2023-04-19,西武園競輪,8,中盤,middle_v2,2-7-5,100,0,-100,0
2620230419010008,2023-04-19,西武園競輪,8,中盤,middle_v2,7-2-5,100,0,-100,0
1120230427010007,2023-04-27,函館競輪,7,前半,early_v2,1-5-2,100,0,-100,0
1120230427010007,2023-04-27,函館競輪,7,前半,early_v2,1-5-4,100,0,-100,0
1120230427010007,2023-04-27,函館競輪,7,前半,early_v2,5-1-2,100,0,-100,0
1120230427010007,2023-04-27,函館競輪,7,前半,early_v2,5-1-4,100,0,-100,0
1120230427010011,2023-04-27,函館競輪,11,後半,late_v2,4-1-5,100,0,-100,0
1120230427010011,2023-04-27,函館競輪,11,後半,late_v2,1-4-5,100,0,-100,0
1120230427010011,2023-04-27,函館競輪,11,後半,late_v2,4-1-3,100,0,-100,0
1120230427010011,2023-04-27,函館競輪,11,後半,late_v2,1-4-3,100,0,-100,0
8520230502010010,2023-05-02,佐世保競輪,10,後半,late_v2,7-5-1,100,0,-100,0
8520230502010010,2023-05-02,佐世保競輪,10,後半,late_v2,5-7-1,100,270,170,1
8520230502010010,2023-05-02,佐世保競輪,10,後半,late_v2,7-5-3,100,0,-100,0
8520230502010010,2023-05-02,佐世保競輪,10,後半,late_v2,5-7-3,100,0,-100,0
5620230505010009,2023-05-05,岸和田競輪,9,中盤,middle_v2,7-2-4,100,0,-100,0
5620230505010009,2023-05-05,岸和田競輪,9,中盤,middle_v2,2-7-4,100,0,-100,0
5620230505010009,2023-05-05,岸和田競輪,9,中盤,middle_v2,7-2-5,100,0,-100,0
5620230505010009,2023-05-05,岸和田競輪,9,中盤,middle_v2,2-7-5,100,0,-100,0
5620230505010009,2023-05-05,岸和田競輪,9,中盤,middle_v2,7-2-3,100,0,-100,0
5620230505010009,2023-05-05,岸和田競輪,9,中盤,middle_v2,2-7-3,100,0,-100,0
2620230510010011,2023-05-10,西武園競輪,11,後半,late_v2,2-7-6,100,0,-100,0
2620230510010011,2023-05-10,西武園競輪,11,後半,late_v2,7-2-6,100,0,-100,0
2620230510010011,2023-05-10,西武園競輪,11,後半,late_v2,2-7-3,100,0,-100,0
2620230510010011,2023-05-10,西武園競輪,11,後半,late_v2,7-2-3,100,690,590,1
4820230515010009,2023-05-15,四日市競輪,9,中盤,middle_v2,2-7-5,100,0,-100,0
4820230515010009,2023-05-15,四日市競輪,9,中盤,middle_v2,7-2-5,100,0,-100,0
4820230515010009,2023-05-15,四日市競輪,9,中盤,middle_v2,2-7-1,100,0,-100,0
4820230515010009,2023-05-15,四日市競輪,9,中盤,middle_v2,7-2-1,100,0,-100,0
4820230515010009,2023-05-15,四日市競輪,9,中盤,middle_v2,2-7-4,100,0,-100,0
4820230515010009,2023-05-15,四日市競輪,9,中盤,middle_v2,7-2-4,100,0,-100,0
8420230518010008,2023-05-18,武雄競輪,8,中盤,middle_v2,3-4-6,100,0,-100,0
8420230518010008,2023-05-18,武雄競輪,8,中盤,middle_v2,4-3-6,100,0,-100,0
8420230518010008,2023-05-18,武雄競輪,8,中盤,middle_v2,3-4-5,100,0,-100,0
8420230518010008,2023-05-18,武雄競輪,8,中盤,middle_v2,4-3-5,100,0,-100,0
8420230518010008,2023-05-18,武雄競輪,8,中盤,middle_v2,3-4-2,100,0,-100,0
8420230518010008,2023-05-18,武雄競輪,8,中盤,middle_v2,4-3-2,100,0,-100,0
8420230518010011,2023-05-18,武雄競輪,11,後半,late_v2,5-4-1,100,400,300,1
8420230518010011,2023-05-18,武雄競輪,11,後半,late_v2,4-5-1,100,0,-100,0
8420230518010011,2023-05-18,武雄競輪,11,後半,late_v2,5-4-7,100,0,-100,0
8420230518010011,2023-05-18,武雄競輪,11,後半,late_v2,4-5-7,100,0,-100,0
3120230520010009,2023-05-20,松戸競輪,9,中盤,middle_v2,2-4-6,100,0,-100,0
3120230520010009,2023-05-20,松戸競輪,9,中盤,middle_v2,4-2-6,100,0,-100,0
3120230520010009,2023-05-20,松戸競輪,9,中盤,middle_v2,2-4-1,100,0,-100,0
3120230520010009,2023-05-20,松戸競輪,9,中盤,middle_v2,4-2-1,100,0,-100,0
3120230520010009,2023-05-20,松戸競輪,9,中盤,middle_v2,2-4-5,100,0,-100,0
3120230520010009,2023-05-20,松戸競輪,9,中盤,middle_v2,4-2-5,100,0,-100,0
4220230522010008,2023-05-22,名古屋競輪,8,中盤,middle_v2,3-5-2,100,640,540,1
4220230522010008,2023-05-22,名古屋競輪,8,中盤,middle_v2,5-3-2,100,0,-100,0
4220230522010008,2023-05-22,名古屋競輪,8,中盤,middle_v2,3-5-7,100,0,-100,0
4220230522010008,2023-05-22,名古屋競輪,8,中盤,middle_v2,5-3-7,100,0,-100,0
4220230522010008,2023-05-22,名古屋競輪,8,中盤,middle_v2,3-5-1,100,0,-100,0
4220230522010008,2023-05-22,名古屋競輪,8,中盤,middle_v2,5-3-1,100,0,-100,0
4220230522010009,2023-05-22,名古屋競輪,9,中盤,middle_v2,5-7-1,100,1120,1020,1
4220230522010009,2023-05-22,名古屋競輪,9,中盤,middle_v2,7-5-1,100,0,-100,0
4220230522010009,2023-05-22,名古屋競輪,9,中盤,middle_v2,5-7-4,100,0,-100,0
4220230522010009,2023-05-22,名古屋競輪,9,中盤,middle_v2,7-5-4,100,0,-100,0
4220230522010009,2023-05-22,名古屋競輪,9,中盤,middle_v2,5-7-2,100,0,-100,0
4220230522010009,2023-05-22,名古屋競輪,9,中盤,middle_v2,7-5-2,100,0,-100,0
2620230525010011,2023-05-25,西武園競輪,11,後半,late_v2,4-3-7,100,0,-100,0
2620230525010011,2023-05-25,西武園競輪,11,後半,late_v2,3-4-7,100,0,-100,0
2620230525010011,2023-05-25,西武園競輪,11,後半,late_v2,4-3-2,100,0,-100,0
2620230525010011,2023-05-25,西武園競輪,11,後半,late_v2,3-4-2,100,0,-100,0
3720230529010009,2023-05-29,伊東競輪,9,中盤,middle_v2,3-5-6,100,0,-100,0
3720230529010009,2023-05-29,伊東競輪,9,中盤,middle_v2,5-3-6,100,0,-100,0
3720230529010009,2023-05-29,伊東競輪,9,中盤,middle_v2,3-5-2,100,0,-100,0
3720230529010009,2023-05-29,伊東競輪,9,中盤,middle_v2,5-3-2,100,0,-100,0
3720230529010009,2023-05-29,伊東競輪,9,中盤,middle_v2,3-5-4,100,0,-100,0
3720230529010009,2023-05-29,伊東競輪,9,中盤,middle_v2,5-3-4,100,0,-100,0
2520230531010011,2023-05-31,大宮競輪,11,後半,late_v2,1-7-5,100,0,-100,0
2520230531010011,2023-05-31,大宮競輪,11,後半,late_v2,7-1-5,100,400,300,1
2520230531010011,2023-05-31,大宮競輪,11,後半,late_v2,1-7-2,100,0,-100,0
2520230531010011,2023-05-31,大宮競輪,11,後半,late_v2,7-1-2,100,0,-100,0
5620230604010009,2023-06-04,岸和田競輪,9,中盤,middle_v2,4-1-7,100,0,-100,0
5620230604010009,2023-06-04,岸和田競輪,9,中盤,middle_v2,1-4-7,100,0,-100,0
5620230604010009,2023-06-04,岸和田競輪,9,中盤,middle_v2,4-1-3,100,0,-100,0
5620230604010009,2023-06-04,岸和田競輪,9,中盤,middle_v2,1-4-3,100,0,-100,0
5620230604010009,2023-06-04,岸和田競輪,9,中盤,middle_v2,4-1-5,100,0,-100,0
5620230604010009,2023-06-04,岸和田競輪,9,中盤,middle_v2,1-4-5,100,0,-100,0
6120230606010008,2023-06-06,玉野競輪,8,中盤,middle_v2,1-5-6,100,0,-100,0
6120230606010008,2023-06-06,玉野競輪,8,中盤,middle_v2,5-1-6,100,0,-100,0
6120230606010008,2023-06-06,玉野競輪,8,中盤,middle_v2,1-5-4,100,1420,1320,1
6120230606010008,2023-06-06,玉野競輪,8,中盤,middle_v2,5-1-4,100,0,-100,0
6120230606010008,2023-06-06,玉野競輪,8,中盤,middle_v2,1-5-2,100,0,-100,0
6120230606010008,2023-06-06,玉野競輪,8,中盤,middle_v2,5-1-2,100,0,-100,0
8120230608010011,2023-06-08,小倉競輪,11,後半,late_v2,7-1-4,100,280,180,1
8120230608010011,2023-06-08,小倉競輪,11,後半,late_v2,1-7-4,100,0,-100,0
8120230608010011,2023-06-08,小倉競輪,11,後半,late_v2,7-1-3,100,0,-100,0
8120230608010011,2023-06-08,小倉競輪,11,後半,late_v2,1-7-3,100,0,-100,0
4420230610010008,2023-06-10,大垣競輪,8,中盤,middle_v2,1-4-6,100,0,-100,0
4420230610010008,2023-06-10,大垣競輪,8,中盤,middle_v2,4-1-6,100,0,-100,0
4420230610010008,2023-06-10,大垣競輪,8,中盤,middle_v2,1-4-2,100,0,-100,0
4420230610010008,2023-06-10,大垣競輪,8,中盤,middle_v2,4-1-2,100,0,-100,0
4420230610010008,2023-06-10,大垣競輪,8,中盤,middle_v2,1-4-7,100,0,-100,0
4420230610010008,2023-06-10,大垣競輪,8,中盤,middle_v2,4-1-7,100,0,-100,0
3520230616010007,2023-06-16,平塚競輪,7,前半,early_v2,5-2-7,100,0,-100,0
3520230616010007,2023-06-16,平塚競輪,7,前半,early_v2,5-2-1,100,0,-100,0
3520230616010007,2023-06-16,平塚競輪,7,前半,early_v2,2-5-7,100,0,-100,0
3520230616010007,2023-06-16,平塚競輪,7,前半,early_v2,2-5-1,100,0,-100,0
3520230616010008,2023-06-16,平塚競輪,8,中盤,middle_v2,1-4-5,100,0,-100,0
3520230616010008,2023-06-16,平塚競輪,8,中盤,middle_v2,4-1-5,100,0,-100,0
3520230616010008,2023-06-16,平塚競輪,8,中盤,middle_v2,1-4-3,100,0,-100,0
3520230616010008,2023-06-16,平塚競輪,8,中盤,middle_v2,4-1-3,100,0,-100,0
3520230616010008,2023-06-16,平塚競輪,8,中盤,middle_v2,1-4-7,100,0,-100,0
3520230616010008,2023-06-16,平塚競輪,8,中盤,middle_v2,4-1-7,100,0,-100,0
4220230619010010,2023-06-19,名古屋競輪,10,後半,late_v2,4-1-7,100,450,350,1
4220230619010010,2023-06-19,名古屋競輪,10,後半,late_v2,1-4-7,100,0,-100,0
4220230619010010,2023-06-19,名古屋競輪,10,後半,late_v2,4-1-5,100,0,-100,0
4220230619010010,2023-06-19,名古屋競輪,10,後半,late_v2,1-4-5,100,0,-100,0
4220230619010011,2023-06-19,名古屋競輪,11,後半,late_v2,1-7-4,100,0,-100,0
4220230619010011,2023-06-19,名古屋競輪,11,後半,late_v2,7-1-4,100,0,-100,0
4220230619010011,2023-06-19,名古屋競輪,11,後半,late_v2,1-7-3,100,0,-100,0
4220230619010011,2023-06-19,名古屋競輪,11,後半,late_v2,7-1-3,100,0,-100,0
3720230621010008,2023-06-21,伊東競輪,8,前半,early_v2,3-5-1,100,0,-100,0
3720230621010008,2023-06-21,伊東競輪,8,前半,early_v2,3-5-7,100,0,-100,0
3720230621010008,2023-06-21,伊東競輪,8,前半,early_v2,5-3-1,100,0,-100,0
3720230621010008,2023-06-21,伊東競輪,8,前半,early_v2,5-3-7,100,0,-100,0
3720230621010009,2023-06-21,伊東競輪,9,前半,early_v2,5-2-7,100,0,-100,0
3720230621010009,2023-06-21,伊東競輪,9,前半,early_v2,5-2-3,100,0,-100,0
3720230621010009,2023-06-21,伊東競輪,9,前半,early_v2,2-5-7,100,0,-100,0
3720230621010009,2023-06-21,伊東競輪,9,前半,early_v2,2-5-3,100,0,-100,0
1120230622010009,2023-06-22,函館競輪,9,中盤,middle_v2,1-4-5,100,0,-100,0
1120230622010009,2023-06-22,函館競輪,9,中盤,middle_v2,4-1-5,100,0,-100,0
1120230622010009,2023-06-22,函館競輪,9,中盤,middle_v2,1-4-7,100,0,-100,0
1120230622010009,2023-06-22,函館競輪,9,中盤,middle_v2,4-1-7,100,0,-100,0
1120230622010009,2023-06-22,函館競輪,9,中盤,middle_v2,1-4-3,100,0,-100,0
1120230622010009,2023-06-22,函館競輪,9,中盤,middle_v2,4-1-3,100,0,-100,0
2320230626010011,2023-06-26,取手競輪,11,後半,late_v2,4-1-5,100,0,-100,0
2320230626010011,2023-06-26,取手競輪,11,後半,late_v2,1-4-5,100,0,-100,0
2320230626010011,2023-06-26,取手競輪,11,後半,late_v2,4-1-3,100,0,-100,0
2320230626010011,2023-06-26,取手競輪,11,後半,late_v2,1-4-3,100,0,-100,0
3120230627010009,2023-06-27,松戸競輪,9,中盤,middle_v2,5-3-7,100,0,-100,0
3120230627010009,2023-06-27,松戸競輪,9,中盤,middle_v2,3-5-7,100,0,-100,0
3120230627010009,2023-06-27,松戸競輪,9,中盤,middle_v2,5-3-4,100,0,-100,0
3120230627010009,2023-06-27,松戸競輪,9,中盤,middle_v2,3-5-4,100,0,-100,0
3120230627010009,2023-06-27,松戸競輪,9,中盤,middle_v2,5-3-2,100,0,-100,0
3120230627010009,2023-06-27,松戸競輪,9,中盤,middle_v2,3-5-2,100,0,-100,0
5420230629010009,2023-06-29,向日町競輪,9,中盤,middle_v2,4-2-3,100,0,-100,0
5420230629010009,2023-06-29,向日町競輪,9,中盤,middle_v2,2-4-3,100,0,-100,0
5420230629010009,2023-06-29,向日町競輪,9,中盤,middle_v2,4-2-1,100,0,-100,0
5420230629010009,2023-06-29,向日町競輪,9,中盤,middle_v2,2-4-1,100,0,-100,0
5420230629010009,2023-06-29,向日町競輪,9,中盤,middle_v2,4-2-5,100,0,-100,0
5420230629010009,2023-06-29,向日町競輪,9,中盤,middle_v2,2-4-5,100,0,-100,0
1220230702010009,2023-07-02,青森競輪,9,中盤,middle_v2,5-2-7,100,0,-100,0
1220230702010009,2023-07-02,青森競輪,9,中盤,middle_v2,2-5-7,100,0,-100,0
1220230702010009,2023-07-02,青森競輪,9,中盤,middle_v2,5-2-4,100,0,-100,0
1220230702010009,2023-07-02,青森競輪,9,中盤,middle_v2,2-5-4,100,0,-100,0
1220230702010009,2023-07-02,青森競輪,9,中盤,middle_v2,5-2-3,100,0,-100,0
1220230702010009,2023-07-02,青森競輪,9,中盤,middle_v2,2-5-3,100,0,-100,0
6120230710010009,2023-07-10,玉野競輪,9,中盤,middle_v2,5-3-6,100,0,-100,0
6120230710010009,2023-07-10,玉野競輪,9,中盤,middle_v2,3-5-6,100,0,-100,0
6120230710010009,2023-07-10,玉野競輪,9,中盤,middle_v2,5-3-1,100,0,-100,0
6120230710010009,2023-07-10,玉野競輪,9,中盤,middle_v2,3-5-1,100,0,-100,0
6120230710010009,2023-07-10,玉野競輪,9,中盤,middle_v2,5-3-7,100,0,-100,0
6120230710010009,2023-07-10,玉野競輪,9,中盤,middle_v2,3-5-7,100,2330,2230,1
3620230712010009,2023-07-12,小田原競輪,9,中盤,middle_v2,2-7-3,100,0,-100,0
3620230712010009,2023-07-12,小田原競輪,9,中盤,middle_v2,7-2-3,100,0,-100,0
3620230712010009,2023-07-12,小田原競輪,9,中盤,middle_v2,2-7-5,100,1530,1430,1
3620230712010009,2023-07-12,小田原競輪,9,中盤,middle_v2,7-2-5,100,0,-100,0
3620230712010009,2023-07-12,小田原競輪,9,中盤,middle_v2,2-7-4,100,0,-100,0
3620230712010009,2023-07-12,小田原競輪,9,中盤,middle_v2,7-2-4,100,0,-100,0
1120230715010007,2023-07-15,函館競輪,7,中盤,middle_v2,2-7-9,100,0,-100,0
1120230715010007,2023-07-15,函館競輪,7,中盤,middle_v2,7-2-9,100,0,-100,0
1120230715010007,2023-07-15,函館競輪,7,中盤,middle_v2,2-7-5,100,0,-100,0
1120230715010007,2023-07-15,函館競輪,7,中盤,middle_v2,7-2-5,100,0,-100,0
1120230715010007,2023-07-15,函館競輪,7,中盤,middle_v2,2-7-3,100,0,-100,0
1120230715010007,2023-07-15,函館競輪,7,中盤,middle_v2,7-2-3,100,0,-100,0
1120230715010009,2023-07-15,函館競輪,9,中盤,middle_v2,9-3-4,100,0,-100,0
1120230715010009,2023-07-15,函館競輪,9,中盤,middle_v2,3-9-4,100,0,-100,0
1120230715010009,2023-07-15,函館競輪,9,中盤,middle_v2,9-3-2,100,0,-100,0
1120230715010009,2023-07-15,函館競輪,9,中盤,middle_v2,3-9-2,100,0,-100,0
1120230715010009,2023-07-15,函館競輪,9,中盤,middle_v2,9-3-5,100,0,-100,0
1120230715010009,2023-07-15,函館競輪,9,中盤,middle_v2,3-9-5,100,0,-100,0
1120230715010010,2023-07-15,函館競輪,10,後半,late_v2,2-5-8,100,0,-100,0
1120230715010010,2023-07-15,函館競輪,10,後半,late_v2,5-2-8,100,600,500,1
1120230715010010,2023-07-15,函館競輪,10,後半,late_v2,2-5-7,100,0,-100,0
1120230715010010,2023-07-15,函館競輪,10,後半,late_v2,5-2-7,100,0,-100,0
1120230715010011,2023-07-15,函館競輪,11,後半,late_v2,5-1-4,100,0,-100,0
1120230715010011,2023-07-15,函館競輪,11,後半,late_v2,1-5-4,100,0,-100,0
1120230715010011,2023-07-15,函館競輪,11,後半,late_v2,5-1-3,100,0,-100,0
1120230715010011,2023-07-15,函館競輪,11,後半,late_v2,1-5-3,100,0,-100,0
7120230715010009,2023-07-15,高松競輪,9,中盤,middle_v2,7-1-6,100,0,-100,0
7120230715010009,2023-07-15,高松競輪,9,中盤,middle_v2,1-7-6,100,0,-100,0
7120230715010009,2023-07-15,高松競輪,9,中盤,middle_v2,7-1-2,100,0,-100,0
7120230715010009,2023-07-15,高松競輪,9,中盤,middle_v2,1-7-2,100,0,-100,0
7120230715010009,2023-07-15,高松競輪,9,中盤,middle_v2,7-1-5,100,0,-100,0
7120230715010009,2023-07-15,高松競輪,9,中盤,middle_v2,1-7-5,100,0,-100,0
2520230717010010,2023-07-17,大宮競輪,10,中盤,middle_v2,2-7-3,100,0,-100,0
2520230717010010,2023-07-17,大宮競輪,10,中盤,middle_v2,7-2-3,100,550,450,1
2520230717010010,2023-07-17,大宮競輪,10,中盤,middle_v2,2-7-5,100,0,-100,0
2520230717010010,2023-07-17,大宮競輪,10,中盤,middle_v2,7-2-5,100,0,-100,0
2520230717010010,2023-07-17,大宮競輪,10,中盤,middle_v2,2-7-4,100,0,-100,0
2520230717010010,2023-07-17,大宮競輪,10,中盤,middle_v2,7-2-4,100,0,-100,0
5520230718010009,2023-07-18,和歌山競輪,9,中盤,middle_v2,5-4-1,100,0,-100,0
5520230718010009,2023-07-18,和歌山競輪,9,中盤,middle_v2,4-5-1,100,0,-100,0
5520230718010009,2023-07-18,和歌山競輪,9,中盤,middle_v2,5-4-3,100,0,-100,0
5520230718010009,2023-07-18,和歌山競輪,9,中盤,middle_v2,4-5-3,100,0,-100,0
5520230718010009,2023-07-18,和歌山競輪,9,中盤,middle_v2,5-4-7,100,530,430,1
5520230718010009,2023-07-18,和歌山競輪,9,中盤,middle_v2,4-5-7,100,0,-100,0
1220230724010008,2023-07-24,青森競輪,8,前半,early_v2,5-2-7,100,0,-100,0
1220230724010008,2023-07-24,青森競輪,8,前半,early_v2,5-2-1,100,0,-100,0
1220230724010008,2023-07-24,青森競輪,8,前半,early_v2,2-5-7,100,0,-100,0
1220230724010008,2023-07-24,青森競輪,8,前半,early_v2,2-5-1,100,0,-100,0
6120230726010008,2023-07-26,玉野競輪,8,中盤,middle_v2,5-7-1,100,0,-100,0
6120230726010008,2023-07-26,玉野競輪,8,中盤,middle_v2,7-5-1,100,0,-100,0
6120230726010008,2023-07-26,玉野競輪,8,中盤,middle_v2,5-7-3,100,0,-100,0
6120230726010008,2023-07-26,玉野競輪,8,中盤,middle_v2,7-5-3,100,0,-100,0
6120230726010008,2023-07-26,玉野競輪,8,中盤,middle_v2,5-7-4,100,0,-100,0
6120230726010008,2023-07-26,玉野競輪,8,中盤,middle_v2,7-5-4,100,0,-100,0
6120230731010010,2023-07-31,玉野競輪,10,中盤,middle_v2,1-5-4,100,0,-100,0
6120230731010010,2023-07-31,玉野競輪,10,中盤,middle_v2,5-1-4,100,0,-100,0
6120230731010010,2023-07-31,玉野競輪,10,中盤,middle_v2,1-5-7,100,0,-100,0
6120230731010010,2023-07-31,玉野競輪,10,中盤,middle_v2,5-1-7,100,0,-100,0
6120230731010010,2023-07-31,玉野競輪,10,中盤,middle_v2,1-5-2,100,0,-100,0
6120230731010010,2023-07-31,玉野競輪,10,中盤,middle_v2,5-1-2,100,0,-100,0
5320230801010007,2023-08-01,奈良競輪,7,中盤,middle_v2,1-2-3,100,0,-100,0
5320230801010007,2023-08-01,奈良競輪,7,中盤,middle_v2,2-1-3,100,520,420,1
5320230801010007,2023-08-01,奈良競輪,7,中盤,middle_v2,1-2-5,100,0,-100,0
5320230801010007,2023-08-01,奈良競輪,7,中盤,middle_v2,2-1-5,100,0,-100,0
5320230801010007,2023-08-01,奈良競輪,7,中盤,middle_v2,1-2-6,100,0,-100,0
5320230801010007,2023-08-01,奈良競輪,7,中盤,middle_v2,2-1-6,100,0,-100,0
5620230802010006,2023-08-02,岸和田競輪,6,前半,early_v2,5-1-4,100,0,-100,0
5620230802010006,2023-08-02,岸和田競輪,6,前半,early_v2,5-1-7,100,0,-100,0
5620230802010006,2023-08-02,岸和田競輪,6,前半,early_v2,1-5-4,100,0,-100,0
5620230802010006,2023-08-02,岸和田競輪,6,前半,early_v2,1-5-7,100,0,-100,0
1220230807010006,2023-08-07,青森競輪,6,前半,early_v2,1-7-3,100,0,-100,0
1220230807010006,2023-08-07,青森競輪,6,前半,early_v2,1-7-5,100,0,-100,0
1220230807010006,2023-08-07,青森競輪,6,前半,early_v2,7-1-3,100,0,-100,0
1220230807010006,2023-08-07,青森競輪,6,前半,early_v2,7-1-5,100,0,-100,0
8620230815010010,2023-08-15,別府競輪,10,後半,late_v2,4-2-7,100,0,-100,0
8620230815010010,2023-08-15,別府競輪,10,後半,late_v2,2-4-7,100,0,-100,0
8620230815010010,2023-08-15,別府競輪,10,後半,late_v2,4-2-3,100,0,-100,0
8620230815010010,2023-08-15,別府競輪,10,後半,late_v2,2-4-3,100,0,-100,0
2220230818010008,2023-08-18,前橋競輪,8,中盤,middle_v2,3-4-7,100,0,-100,0
2220230818010008,2023-08-18,前橋競輪,8,中盤,middle_v2,4-3-7,100,0,-100,0
2220230818010008,2023-08-18,前橋競輪,8,中盤,middle_v2,3-4-5,100,0,-100,0
2220230818010008,2023-08-18,前橋競輪,8,中盤,middle_v2,4-3-5,100,0,-100,0
2220230818010008,2023-08-18,前橋競輪,8,中盤,middle_v2,3-4-1,100,0,-100,0
2220230818010008,2023-08-18,前橋競輪,8,中盤,middle_v2,4-3-1,100,0,-100,0
4520230818010009,2023-08-18,豊橋競輪,9,中盤,middle_v2,2-4-7,100,0,-100,0
4520230818010009,2023-08-18,豊橋競輪,9,中盤,middle_v2,4-2-7,100,510,410,1
4520230818010009,2023-08-18,豊橋競輪,9,中盤,middle_v2,2-4-1,100,0,-100,0
4520230818010009,2023-08-18,豊橋競輪,9,中盤,middle_v2,4-2-1,100,0,-100,0
4520230818010009,2023-08-18,豊橋競輪,9,中盤,middle_v2,2-4-5,100,0,-100,0
4520230818010009,2023-08-18,豊橋競輪,9,中盤,middle_v2,4-2-5,100,0,-100,0
4520230818010011,2023-08-18,豊橋競輪,11,後半,late_v2,1-7-4,100,0,-100,0
4520230818010011,2023-08-18,豊橋競輪,11,後半,late_v2,7-1-4,100,320,220,1
4520230818010011,2023-08-18,豊橋競輪,11,後半,late_v2,1-7-3,100,0,-100,0
4520230818010011,2023-08-18,豊橋競輪,11,後半,late_v2,7-1-3,100,0,-100,0
8320230821010008,2023-08-21,久留米競輪,8,中盤,middle_v2,5-2-7,100,0,-100,0
8320230821010008,2023-08-21,久留米競輪,8,中盤,middle_v2,2-5-7,100,0,-100,0
8320230821010008,2023-08-21,久留米競輪,8,中盤,middle_v2,5-2-3,100,0,-100,0
8320230821010008,2023-08-21,久留米競輪,8,中盤,middle_v2,2-5-3,100,0,-100,0
8320230821010008,2023-08-21,久留米競輪,8,中盤,middle_v2,5-2-4,100,0,-100,0
8320230821010008,2023-08-21,久留米競輪,8,中盤,middle_v2,2-5-4,100,0,-100,0
7320230821010010,2023-08-21,小松島競輪,10,後半,late_v2,7-2-5,100,0,-100,0
7320230821010010,2023-08-21,小松島競輪,10,後半,late_v2,2-7-5,100,320,220,1
7320230821010010,2023-08-21,小松島競輪,10,後半,late_v2,7-2-1,100,0,-100,0
7320230821010010,2023-08-21,小松島競輪,10,後半,late_v2,2-7-1,100,0,-100,0
7320230821010011,2023-08-21,小松島競輪,11,後半,late_v2,5-1-7,100,0,-100,0
7320230821010011,2023-08-21,小松島競輪,11,後半,late_v2,1-5-7,100,310,210,1
7320230821010011,2023-08-21,小松島競輪,11,後半,late_v2,5-1-3,100,0,-100,0
7320230821010011,2023-08-21,小松島競輪,11,後半,late_v2,1-5-3,100,0,-100,0
1120230823010009,2023-08-23,函館競輪,9,中盤,middle_v2,7-1-4,100,0,-100,0
1120230823010009,2023-08-23,函館競輪,9,中盤,middle_v2,1-7-4,100,0,-100,0
1120230823010009,2023-08-23,函館競輪,9,中盤,middle_v2,7-1-5,100,0,-100,0
1120230823010009,2023-08-23,函館競輪,9,中盤,middle_v2,1-7-5,100,0,-100,0
1120230823010009,2023-08-23,函館競輪,9,中盤,middle_v2,7-1-2,100,0,-100,0
1120230823010009,2023-08-23,函館競輪,9,中盤,middle_v2,1-7-2,100,0,-100,0
1120230823010011,2023-08-23,函館競輪,11,後半,late_v2,5-2-7,100,0,-100,0
1120230823010011,2023-08-23,函館競輪,11,後半,late_v2,2-5-7,100,300,200,1
1120230823010011,2023-08-23,函館競輪,11,後半,late_v2,5-2-1,100,0,-100,0
1120230823010011,2023-08-23,函館競輪,11,後半,late_v2,2-5-1,100,0,-100,0
4420230823010009,2023-08-23,大垣競輪,9,中盤,middle_v2,3-7-4,100,0,-100,0
4420230823010009,2023-08-23,大垣競輪,9,中盤,middle_v2,7-3-4,100,0,-100,0
4420230823010009,2023-08-23,大垣競輪,9,中盤,middle_v2,3-7-1,100,0,-100,0
4420230823010009,2023-08-23,大垣競輪,9,中盤,middle_v2,7-3-1,100,0,-100,0
4420230823010009,2023-08-23,大垣競輪,9,中盤,middle_v2,3-7-5,100,0,-100,0
4420230823010009,2023-08-23,大垣競輪,9,中盤,middle_v2,7-3-5,100,0,-100,0
2220230828010007,2023-08-28,前橋競輪,7,前半,early_v2,5-1-2,100,0,-100,0
2220230828010007,2023-08-28,前橋競輪,7,前半,early_v2,5-1-4,100,0,-100,0
2220230828010007,2023-08-28,前橋競輪,7,前半,early_v2,1-5-2,100,0,-100,0
2220230828010007,2023-08-28,前橋競輪,7,前半,early_v2,1-5-4,100,0,-100,0
2220230828010008,2023-08-28,前橋競輪,8,中盤,middle_v2,4-1-7,100,0,-100,0
2220230828010008,2023-08-28,前橋競輪,8,中盤,middle_v2,1-4-7,100,0,-100,0
2220230828010008,2023-08-28,前橋競輪,8,中盤,middle_v2,4-1-6,100,0,-100,0
2220230828010008,2023-08-28,前橋競輪,8,中盤,middle_v2,1-4-6,100,0,-100,0
2220230828010008,2023-08-28,前橋競輪,8,中盤,middle_v2,4-1-2,100,0,-100,0
2220230828010008,2023-08-28,前橋競輪,8,中盤,middle_v2,1-4-2,100,0,-100,0
5520230904010008,2023-09-04,和歌山競輪,8,中盤,middle_v2,1-4-6,100,0,-100,0
5520230904010008,2023-09-04,和歌山競輪,8,中盤,middle_v2,4-1-6,100,0,-100,0
5520230904010008,2023-09-04,和歌山競輪,8,中盤,middle_v2,1-4-2,100,0,-100,0
5520230904010008,2023-09-04,和歌山競輪,8,中盤,middle_v2,4-1-2,100,0,-100,0
5520230904010008,2023-09-04,和歌山競輪,8,中盤,middle_v2,1-4-7,100,1680,1580,1
5520230904010008,2023-09-04,和歌山競輪,8,中盤,middle_v2,4-1-7,100,0,-100,0
5520230904010009,2023-09-04,和歌山競輪,9,中盤,middle_v2,5-2-4,100,0,-100,0
5520230904010009,2023-09-04,和歌山競輪,9,中盤,middle_v2,2-5-4,100,0,-100,0
5520230904010009,2023-09-04,和歌山競輪,9,中盤,middle_v2,5-2-7,100,4030,3930,1
5520230904010009,2023-09-04,和歌山競輪,9,中盤,middle_v2,2-5-7,100,0,-100,0
5520230904010009,2023-09-04,和歌山競輪,9,中盤,middle_v2,5-2-1,100,0,-100,0
5520230904010009,2023-09-04,和歌山競輪,9,中盤,middle_v2,2-5-1,100,0,-100,0
3520230904010010,2023-09-04,平塚競輪,10,中盤,middle_v2,4-2-7,100,0,-100,0
3520230904010010,2023-09-04,平塚競輪,10,中盤,middle_v2,2-4-7,100,0,-100,0
3520230904010010,2023-09-04,平塚競輪,10,中盤,middle_v2,4-2-1,100,0,-100,0
3520230904010010,2023-09-04,平塚競輪,10,中盤,middle_v2,2-4-1,100,0,-100,0
3520230904010010,2023-09-04,平塚競輪,10,中盤,middle_v2,4-2-5,100,0,-100,0
3520230904010010,2023-09-04,平塚競輪,10,中盤,middle_v2,2-4-5,100,0,-100,0
3820230910010011,2023-09-10,静岡競輪,11,後半,late_v2,4-1-7,100,0,-100,0
3820230910010011,2023-09-10,静岡競輪,11,後半,late_v2,1-4-7,100,0,-100,0
3820230910010011,2023-09-10,静岡競輪,11,後半,late_v2,4-1-2,100,0,-100,0
3820230910010011,2023-09-10,静岡競輪,11,後半,late_v2,1-4-2,100,660,560,1
2420230912010009,2023-09-12,宇都宮競輪,9,中盤,middle_v2,1-7-4,100,0,-100,0
2420230912010009,2023-09-12,宇都宮競輪,9,中盤,middle_v2,7-1-4,100,0,-100,0
2420230912010009,2023-09-12,宇都宮競輪,9,中盤,middle_v2,1-7-5,100,0,-100,0
2420230912010009,2023-09-12,宇都宮競輪,9,中盤,middle_v2,7-1-5,100,0,-100,0
2420230912010009,2023-09-12,宇都宮競輪,9,中盤,middle_v2,1-7-3,100,0,-100,0
2420230912010009,2023-09-12,宇都宮競輪,9,中盤,middle_v2,7-1-3,100,0,-100,0
4520230913010011,2023-09-13,豊橋競輪,11,後半,late_v2,5-1-4,100,0,-100,0
4520230913010011,2023-09-13,豊橋競輪,11,後半,late_v2,1-5-4,100,0,-100,0
4520230913010011,2023-09-13,豊橋競輪,11,後半,late_v2,5-1-2,100,0,-100,0
4520230913010011,2023-09-13,豊橋競輪,11,後半,late_v2,1-5-2,100,0,-100,0
2120230916010009,2023-09-16,弥彦競輪,9,中盤,middle_v2,5-1-7,100,0,-100,0
2120230916010009,2023-09-16,弥彦競輪,9,中盤,middle_v2,1-5-7,100,360,260,1
2120230916010009,2023-09-16,弥彦競輪,9,中盤,middle_v2,5-1-3,100,0,-100,0
2120230916010009,2023-09-16,弥彦競輪,9,中盤,middle_v2,1-5-3,100,0,-100,0
2120230916010009,2023-09-16,弥彦競輪,9,中盤,middle_v2,5-1-4,100,0,-100,0
2120230916010009,2023-09-16,弥彦競輪,9,中盤,middle_v2,1-5-4,100,0,-100,0
8620230919010011,2023-09-19,別府競輪,11,後半,late_v2,1-7-4,100,0,-100,0
8620230919010011,2023-09-19,別府競輪,11,後半,late_v2,7-1-4,100,0,-100,0
8620230919010011,2023-09-19,別府競輪,11,後半,late_v2,1-7-2,100,0,-100,0
8620230919010011,2023-09-19,別府競輪,11,後半,late_v2,7-1-2,100,0,-100,0
3620230919010008,2023-09-19,小田原競輪,8,中盤,middle_v2,5-2-7,100,0,-100,0
3620230919010008,2023-09-19,小田原競輪,8,中盤,middle_v2,2-5-7,100,0,-100,0
3620230919010008,2023-09-19,小田原競輪,8,中盤,middle_v2,5-2-1,100,0,-100,0
3620230919010008,2023-09-19,小田原競輪,8,中盤,middle_v2,2-5-1,100,0,-100,0
3620230919010008,2023-09-19,小田原競輪,8,中盤,middle_v2,5-2-4,100,0,-100,0
3620230919010008,2023-09-19,小田原競輪,8,中盤,middle_v2,2-5-4,100,0,-100,0
3620230919010011,2023-09-19,小田原競輪,11,後半,late_v2,3-5-7,100,0,-100,0
3620230919010011,2023-09-19,小田原競輪,11,後半,late_v2,5-3-7,100,0,-100,0
3620230919010011,2023-09-19,小田原競輪,11,後半,late_v2,3-5-4,100,0,-100,0
3620230919010011,2023-09-19,小田原競輪,11,後半,late_v2,5-3-4,100,0,-100,0
3120230924010011,2023-09-24,松戸競輪,11,後半,late_v2,2-7-4,100,0,-100,0
3120230924010011,2023-09-24,松戸競輪,11,後半,late_v2,7-2-4,100,0,-100,0
3120230924010011,2023-09-24,松戸競輪,11,後半,late_v2,2-7-5,100,0,-100,0
3120230924010011,2023-09-24,松戸競輪,11,後半,late_v2,7-2-5,100,0,-100,0
2520230925010007,2023-09-25,大宮競輪,7,前半,early_v2,3-4-2,100,0,-100,0
2520230925010007,2023-09-25,大宮競輪,7,前半,early_v2,3-4-7,100,0,-100,0
2520230925010007,2023-09-25,大宮競輪,7,前半,early_v2,4-3-2,100,0,-100,0
2520230925010007,2023-09-25,大宮競輪,7,前半,early_v2,4-3-7,100,0,-100,0
2520230925010009,2023-09-25,大宮競輪,9,中盤,middle_v2,7-3-4,100,0,-100,0
2520230925010009,2023-09-25,大宮競輪,9,中盤,middle_v2,3-7-4,100,0,-100,0
2520230925010009,2023-09-25,大宮競輪,9,中盤,middle_v2,7-3-5,100,0,-100,0
2520230925010009,2023-09-25,大宮競輪,9,中盤,middle_v2,3-7-5,100,0,-100,0
2520230925010009,2023-09-25,大宮競輪,9,中盤,middle_v2,7-3-1,100,0,-100,0
2520230925010009,2023-09-25,大宮競輪,9,中盤,middle_v2,3-7-1,100,0,-100,0
1120230926010011,2023-09-26,函館競輪,11,後半,late_v2,1-7-4,100,0,-100,0
1120230926010011,2023-09-26,函館競輪,11,後半,late_v2,7-1-4,100,0,-100,0
1120230926010011,2023-09-26,函館競輪,11,後半,late_v2,1-7-2,100,0,-100,0
1120230926010011,2023-09-26,函館競輪,11,後半,late_v2,7-1-2,100,0,-100,0
7420230928010008,2023-09-28,高知競輪,8,中盤,middle_v2,7-1-4,100,350,250,1
7420230928010008,2023-09-28,高知競輪,8,中盤,middle_v2,1-7-4,100,0,-100,0
7420230928010008,2023-09-28,高知競輪,8,中盤,middle_v2,7-1-5,100,0,-100,0
7420230928010008,2023-09-28,高知競輪,8,中盤,middle_v2,1-7-5,100,0,-100,0
7420230928010008,2023-09-28,高知競輪,8,中盤,middle_v2,7-1-2,100,0,-100,0
7420230928010008,2023-09-28,高知競輪,8,中盤,middle_v2,1-7-2,100,0,-100,0
7420230928010009,2023-09-28,高知競輪,9,中盤,middle_v2,1-4-7,100,440,340,1
7420230928010009,2023-09-28,高知競輪,9,中盤,middle_v2,4-1-7,100,0,-100,0
7420230928010009,2023-09-28,高知競輪,9,中盤,middle_v2,1-4-5,100,0,-100,0
7420230928010009,2023-09-28,高知競輪,9,中盤,middle_v2,4-1-5,100,0,-100,0
7420230928010009,2023-09-28,高知競輪,9,中盤,middle_v2,1-4-3,100,0,-100,0
7420230928010009,2023-09-28,高知競輪,9,中盤,middle_v2,4-1-3,100,0,-100,0
7420230928010010,2023-09-28,高知競輪,10,後半,late_v2,3-5-2,100,240,140,1
7420230928010010,2023-09-28,高知競輪,10,後半,late_v2,5-3-2,100,0,-100,0
7420230928010010,2023-09-28,高知競輪,10,後半,late_v2,3-5-7,100,0,-100,0
7420230928010010,2023-09-28,高知競輪,10,後半,late_v2,5-3-7,100,0,-100,0
7420230928010011,2023-09-28,高知競輪,11,後半,late_v2,1-3-7,100,0,-100,0
7420230928010011,2023-09-28,高知競輪,11,後半,late_v2,3-1-7,100,0,-100,0
7420230928010011,2023-09-28,高知競輪,11,後半,late_v2,1-3-4,100,0,-100,0
7420230928010011,2023-09-28,高知競輪,11,後半,late_v2,3-1-4,100,0,-100,0
6120231005010008,2023-10-05,玉野競輪,8,中盤,middle_v2,1-4-5,100,0,-100,0
6120231005010008,2023-10-05,玉野競輪,8,中盤,middle_v2,4-1-5,100,0,-100,0
6120231005010008,2023-10-05,玉野競輪,8,中盤,middle_v2,1-4-2,100,0,-100,0
6120231005010008,2023-10-05,玉野競輪,8,中盤,middle_v2,4-1-2,100,0,-100,0
6120231005010008,2023-10-05,玉野競輪,8,中盤,middle_v2,1-4-7,100,0,-100,0
6120231005010008,2023-10-05,玉野競輪,8,中盤,middle_v2,4-1-7,100,0,-100,0
2120231006010006,2023-10-06,弥彦競輪,6,前半,early_v2,1-5-7,100,0,-100,0
2120231006010006,2023-10-06,弥彦競輪,6,前半,early_v2,1-5-4,100,0,-100,0
2120231006010006,2023-10-06,弥彦競輪,6,前半,early_v2,5-1-7,100,0,-100,0
2120231006010006,2023-10-06,弥彦競輪,6,前半,early_v2,5-1-4,100,0,-100,0
5320231010010008,2023-10-10,奈良競輪,8,中盤,middle_v2,3-5-7,100,0,-100,0
5320231010010008,2023-10-10,奈良競輪,8,中盤,middle_v2,5-3-7,100,0,-100,0
5320231010010008,2023-10-10,奈良競輪,8,中盤,middle_v2,3-5-1,100,0,-100,0
5320231010010008,2023-10-10,奈良競輪,8,中盤,middle_v2,5-3-1,100,0,-100,0
5320231010010008,2023-10-10,奈良競輪,8,中盤,middle_v2,3-5-4,100,0,-100,0
5320231010010008,2023-10-10,奈良競輪,8,中盤,middle_v2,5-3-4,100,1580,1480,1
5320231010010009,2023-10-10,奈良競輪,9,中盤,middle_v2,5-1-7,100,0,-100,0
5320231010010009,2023-10-10,奈良競輪,9,中盤,middle_v2,1-5-7,100,0,-100,0
5320231010010009,2023-10-10,奈良競輪,9,中盤,middle_v2,5-1-4,100,0,-100,0
5320231010010009,2023-10-10,奈良競輪,9,中盤,middle_v2,1-5-4,100,0,-100,0
5320231010010009,2023-10-10,奈良競輪,9,中盤,middle_v2,5-1-2,100,0,-100,0
5320231010010009,2023-10-10,奈良競輪,9,中盤,middle_v2,1-5-2,100,0,-100,0
4620231010010009,2023-10-10,富山競輪,9,中盤,middle_v2,1-5-6,100,0,-100,0
4620231010010009,2023-10-10,富山競輪,9,中盤,middle_v2,5-1-6,100,0,-100,0
4620231010010009,2023-10-10,富山競輪,9,中盤,middle_v2,1-5-3,100,0,-100,0
4620231010010009,2023-10-10,富山競輪,9,中盤,middle_v2,5-1-3,100,0,-100,0
4620231010010009,2023-10-10,富山競輪,9,中盤,middle_v2,1-5-4,100,0,-100,0
4620231010010009,2023-10-10,富山競輪,9,中盤,middle_v2,5-1-4,100,0,-100,0
1220231012010010,2023-10-12,青森競輪,10,中盤,middle_v2,4-7-3,100,0,-100,0
1220231012010010,2023-10-12,青森競輪,10,中盤,middle_v2,7-4-3,100,0,-100,0
1220231012010010,2023-10-12,青森競輪,10,中盤,middle_v2,4-7-5,100,0,-100,0
1220231012010010,2023-10-12,青森競輪,10,中盤,middle_v2,7-4-5,100,0,-100,0
1220231012010010,2023-10-12,青森競輪,10,中盤,middle_v2,4-7-1,100,0,-100,0
1220231012010010,2023-10-12,青森競輪,10,中盤,middle_v2,7-4-1,100,0,-100,0
1220231012010011,2023-10-12,青森競輪,11,後半,late_v2,3-1-5,100,0,-100,0
1220231012010011,2023-10-12,青森競輪,11,後半,late_v2,1-3-5,100,0,-100,0
1220231012010011,2023-10-12,青森競輪,11,後半,late_v2,3-1-2,100,0,-100,0
1220231012010011,2023-10-12,青森競輪,11,後半,late_v2,1-3-2,100,0,-100,0
2320231016010007,2023-10-16,取手競輪,7,前半,early_v2,3-5-7,100,0,-100,0
2320231016010007,2023-10-16,取手競輪,7,前半,early_v2,3-5-2,100,0,-100,0
2320231016010007,2023-10-16,取手競輪,7,前半,early_v2,5-3-7,100,0,-100,0
2320231016010007,2023-10-16,取手競輪,7,前半,early_v2,5-3-2,100,0,-100,0
2320231016010009,2023-10-16,取手競輪,9,中盤,middle_v2,4-1-2,100,0,-100,0
2320231016010009,2023-10-16,取手競輪,9,中盤,middle_v2,1-4-2,100,0,-100,0
2320231016010009,2023-10-16,取手競輪,9,中盤,middle_v2,4-1-6,100,0,-100,0
2320231016010009,2023-10-16,取手競輪,9,中盤,middle_v2,1-4-6,100,0,-100,0
2320231016010009,2023-10-16,取手競輪,9,中盤,middle_v2,4-1-3,100,0,-100,0
2320231016010009,2023-10-16,取手競輪,9,中盤,middle_v2,1-4-3,100,0,-100,0
2320231016010010,2023-10-16,取手競輪,10,後半,late_v2,7-1-4,100,0,-100,0
2320231016010010,2023-10-16,取手競輪,10,後半,late_v2,1-7-4,100,0,-100,0
2320231016010010,2023-10-16,取手競輪,10,後半,late_v2,7-1-2,100,0,-100,0
2320231016010010,2023-10-16,取手競輪,10,後半,late_v2,1-7-2,100,1220,1120,1
1120231023010009,2023-10-23,函館競輪,9,中盤,middle_v2,1-5-7,100,0,-100,0
1120231023010009,2023-10-23,函館競輪,9,中盤,middle_v2,5-1-7,100,0,-100,0
1120231023010009,2023-10-23,函館競輪,9,中盤,middle_v2,1-5-3,100,0,-100,0
1120231023010009,2023-10-23,函館競輪,9,中盤,middle_v2,5-1-3,100,0,-100,0
1120231023010009,2023-10-23,函館競輪,9,中盤,middle_v2,1-5-4,100,0,-100,0
1120231023010009,2023-10-23,函館競輪,9,中盤,middle_v2,5-1-4,100,0,-100,0
5520231023010008,2023-10-23,和歌山競輪,8,中盤,middle_v2,4-2-3,100,0,-100,0
5520231023010008,2023-10-23,和歌山競輪,8,中盤,middle_v2,2-4-3,100,0,-100,0
5520231023010008,2023-10-23,和歌山競輪,8,中盤,middle_v2,4-2-1,100,0,-100,0
5520231023010008,2023-10-23,和歌山競輪,8,中盤,middle_v2,2-4-1,100,990,890,1
5520231023010008,2023-10-23,和歌山競輪,8,中盤,middle_v2,4-2-5,100,0,-100,0
5520231023010008,2023-10-23,和歌山競輪,8,中盤,middle_v2,2-4-5,100,0,-100,0
5520231023010009,2023-10-23,和歌山競輪,9,中盤,middle_v2,5-7-2,100,0,-100,0
5520231023010009,2023-10-23,和歌山競輪,9,中盤,middle_v2,7-5-2,100,360,260,1
5520231023010009,2023-10-23,和歌山競輪,9,中盤,middle_v2,5-7-3,100,0,-100,0
5520231023010009,2023-10-23,和歌山競輪,9,中盤,middle_v2,7-5-3,100,0,-100,0
5520231023010009,2023-10-23,和歌山競輪,9,中盤,middle_v2,5-7-4,100,0,-100,0
5520231023010009,2023-10-23,和歌山競輪,9,中盤,middle_v2,7-5-4,100,0,-100,0
3120231025010011,2023-10-25,松戸競輪,11,後半,late_v2,5-2-4,100,0,-100,0
3120231025010011,2023-10-25,松戸競輪,11,後半,late_v2,2-5-4,100,0,-100,0
3120231025010011,2023-10-25,松戸競輪,11,後半,late_v2,5-2-1,100,0,-100,0
3120231025010011,2023-10-25,松戸競輪,11,後半,late_v2,2-5-1,100,0,-100,0
6120231026010009,2023-10-26,玉野競輪,9,中盤,middle_v2,5-3-7,100,0,-100,0
6120231026010009,2023-10-26,玉野競輪,9,中盤,middle_v2,3-5-7,100,0,-100,0
6120231026010009,2023-10-26,玉野競輪,9,中盤,middle_v2,5-3-1,100,0,-100,0
6120231026010009,2023-10-26,玉野競輪,9,中盤,middle_v2,3-5-1,100,0,-100,0
6120231026010009,2023-10-26,玉野競輪,9,中盤,middle_v2,5-3-4,100,0,-100,0
6120231026010009,2023-10-26,玉野競輪,9,中盤,middle_v2,3-5-4,100,0,-100,0
5420231027010007,2023-10-27,向日町競輪,7,前半,early_v2,2-5-6,100,0,-100,0
5420231027010007,2023-10-27,向日町競輪,7,前半,early_v2,2-5-1,100,0,-100,0
5420231027010007,2023-10-27,向日町競輪,7,前半,early_v2,5-2-6,100,0,-100,0
5420231027010007,2023-10-27,向日町競輪,7,前半,early_v2,5-2-1,100,0,-100,0
4720231101010009,2023-11-01,松阪競輪,9,中盤,middle_v2,3-5-7,100,0,-100,0
4720231101010009,2023-11-01,松阪競輪,9,中盤,middle_v2,5-3-7,100,0,-100,0
4720231101010009,2023-11-01,松阪競輪,9,中盤,middle_v2,3-5-4,100,0,-100,0
4720231101010009,2023-11-01,松阪競輪,9,中盤,middle_v2,5-3-4,100,0,-100,0
4720231101010009,2023-11-01,松阪競輪,9,中盤,middle_v2,3-5-2,100,0,-100,0
4720231101010009,2023-11-01,松阪競輪,9,中盤,middle_v2,5-3-2,100,0,-100,0
2320231102010009,2023-11-02,取手競輪,9,中盤,middle_v2,2-5-4,100,0,-100,0
2320231102010009,2023-11-02,取手競輪,9,中盤,middle_v2,5-2-4,100,400,300,1
2320231102010009,2023-11-02,取手競輪,9,中盤,middle_v2,2-5-7,100,0,-100,0
2320231102010009,2023-11-02,取手競輪,9,中盤,middle_v2,5-2-7,100,0,-100,0
2320231102010009,2023-11-02,取手競輪,9,中盤,middle_v2,2-5-3,100,0,-100,0
2320231102010009,2023-11-02,取手競輪,9,中盤,middle_v2,5-2-3,100,0,-100,0
2320231102010011,2023-11-02,取手競輪,11,後半,late_v2,1-7-4,100,0,-100,0
2320231102010011,2023-11-02,取手競輪,11,後半,late_v2,7-1-4,100,210,110,1
2320231102010011,2023-11-02,取手競輪,11,後半,late_v2,1-7-2,100,0,-100,0
2320231102010011,2023-11-02,取手競輪,11,後半,late_v2,7-1-2,100,0,-100,0
3820231103010010,2023-11-03,静岡競輪,10,中盤,middle_v2,3-7-5,100,1360,1260,1
3820231103010010,2023-11-03,静岡競輪,10,中盤,middle_v2,7-3-5,100,560,460,1
3820231103010010,2023-11-03,静岡競輪,10,中盤,middle_v2,3-7-2,100,0,-100,0
3820231103010010,2023-11-03,静岡競輪,10,中盤,middle_v2,7-3-2,100,0,-100,0
3820231103010010,2023-11-03,静岡競輪,10,中盤,middle_v2,3-7-4,100,0,-100,0
3820231103010010,2023-11-03,静岡競輪,10,中盤,middle_v2,7-3-4,100,0,-100,0
7320231106010006,2023-11-06,小松島競輪,6,前半,early_v2,1-6-7,100,0,-100,0
7320231106010006,2023-11-06,小松島競輪,6,前半,early_v2,1-6-3,100,0,-100,0
7320231106010006,2023-11-06,小松島競輪,6,前半,early_v2,6-1-7,100,0,-100,0
7320231106010006,2023-11-06,小松島競輪,6,前半,early_v2,6-1-3,100,0,-100,0
7320231106010008,2023-11-06,小松島競輪,8,中盤,middle_v2,7-2-6,100,0,-100,0
7320231106010008,2023-11-06,小松島競輪,8,中盤,middle_v2,2-7-6,100,910,810,1
7320231106010008,2023-11-06,小松島競輪,8,中盤,middle_v2,7-2-4,100,0,-100,0
7320231106010008,2023-11-06,小松島競輪,8,中盤,middle_v2,2-7-4,100,0,-100,0
7320231106010008,2023-11-06,小松島競輪,8,中盤,middle_v2,7-2-3,100,0,-100,0
7320231106010008,2023-11-06,小松島競輪,8,中盤,middle_v2,2-7-3,100,0,-100,0
2720231110010009,2023-11-10,京王閣競輪,9,中盤,middle_v2,4-1-5,100,0,-100,0
2720231110010009,2023-11-10,京王閣競輪,9,中盤,middle_v2,1-4-5,100,0,-100,0
2720231110010009,2023-11-10,京王閣競輪,9,中盤,middle_v2,4-1-2,100,0,-100,0
2720231110010009,2023-11-10,京王閣競輪,9,中盤,middle_v2,1-4-2,100,0,-100,0
2720231110010009,2023-11-10,京王閣競輪,9,中盤,middle_v2,4-1-7,100,0,-100,0
2720231110010009,2023-11-10,京王閣競輪,9,中盤,middle_v2,1-4-7,100,0,-100,0
1320231113010007,2023-11-13,いわき平競輪,7,前半,early_v2,7-2-4,100,0,-100,0
1320231113010007,2023-11-13,いわき平競輪,7,前半,early_v2,7-2-1,100,0,-100,0
1320231113010007,2023-11-13,いわき平競輪,7,前半,early_v2,2-7-4,100,0,-100,0
1320231113010007,2023-11-13,いわき平競輪,7,前半,early_v2,2-7-1,100,0,-100,0
1320231113010011,2023-11-13,いわき平競輪,11,後半,late_v2,4-1-3,100,0,-100,0
1320231113010011,2023-11-13,いわき平競輪,11,後半,late_v2,1-4-3,100,290,190,1
1320231113010011,2023-11-13,いわき平競輪,11,後半,late_v2,4-1-2,100,0,-100,0
1320231113010011,2023-11-13,いわき平競輪,11,後半,late_v2,1-4-2,100,0,-100,0
3820231114010008,2023-11-14,静岡競輪,8,中盤,middle_v2,1-5-4,100,0,-100,0
3820231114010008,2023-11-14,静岡競輪,8,中盤,middle_v2,5-1-4,100,0,-100,0
3820231114010008,2023-11-14,静岡競輪,8,中盤,middle_v2,1-5-3,100,0,-100,0
3820231114010008,2023-11-14,静岡競輪,8,中盤,middle_v2,5-1-3,100,0,-100,0
3820231114010008,2023-11-14,静岡競輪,8,中盤,middle_v2,1-5-7,100,0,-100,0
3820231114010008,2023-11-14,静岡競輪,8,中盤,middle_v2,5-1-7,100,0,-100,0
3820231114010009,2023-11-14,静岡競輪,9,中盤,middle_v2,5-2-1,100,0,-100,0
3820231114010009,2023-11-14,静岡競輪,9,中盤,middle_v2,2-5-1,100,0,-100,0
3820231114010009,2023-11-14,静岡競輪,9,中盤,middle_v2,5-2-4,100,0,-100,0
3820231114010009,2023-11-14,静岡競輪,9,中盤,middle_v2,2-5-4,100,0,-100,0
3820231114010009,2023-11-14,静岡競輪,9,中盤,middle_v2,5-2-3,100,0,-100,0
3820231114010009,2023-11-14,静岡競輪,9,中盤,middle_v2,2-5-3,100,690,590,1
6120231118010006,2023-11-18,玉野競輪,6,前半,early_v2,5-3-7,100,0,-100,0
6120231118010006,2023-11-18,玉野競輪,6,前半,early_v2,5-3-1,100,0,-100,0
6120231118010006,2023-11-18,玉野競輪,6,前半,early_v2,3-5-7,100,0,-100,0
6120231118010006,2023-11-18,玉野競輪,6,前半,early_v2,3-5-1,100,0,-100,0
3120231121010008,2023-11-21,松戸競輪,8,中盤,middle_v2,1-4-6,100,0,-100,0
3120231121010008,2023-11-21,松戸競輪,8,中盤,middle_v2,4-1-6,100,0,-100,0
3120231121010008,2023-11-21,松戸競輪,8,中盤,middle_v2,1-4-5,100,0,-100,0
3120231121010008,2023-11-21,松戸競輪,8,中盤,middle_v2,4-1-5,100,0,-100,0
3120231121010008,2023-11-21,松戸競輪,8,中盤,middle_v2,1-4-2,100,0,-100,0
3120231121010008,2023-11-21,松戸競輪,8,中盤,middle_v2,4-1-2,100,0,-100,0
1320231124010008,2023-11-24,いわき平競輪,8,中盤,middle_v2,7-2-4,100,0,-100,0
1320231124010008,2023-11-24,いわき平競輪,8,中盤,middle_v2,2-7-4,100,0,-100,0
1320231124010008,2023-11-24,いわき平競輪,8,中盤,middle_v2,7-2-5,100,0,-100,0
1320231124010008,2023-11-24,いわき平競輪,8,中盤,middle_v2,2-7-5,100,0,-100,0
1320231124010008,2023-11-24,いわき平競輪,8,中盤,middle_v2,7-2-1,100,0,-100,0
1320231124010008,2023-11-24,いわき平競輪,8,中盤,middle_v2,2-7-1,100,0,-100,0
1320231124010009,2023-11-24,いわき平競輪,9,後半,late_v2,2-4-7,100,0,-100,0
1320231124010009,2023-11-24,いわき平競輪,9,後半,late_v2,4-2-7,100,0,-100,0
1320231124010009,2023-11-24,いわき平競輪,9,後半,late_v2,2-4-3,100,0,-100,0
1320231124010009,2023-11-24,いわき平競輪,9,後半,late_v2,4-2-3,100,0,-100,0
8520231124010008,2023-11-24,佐世保競輪,8,中盤,middle_v2,5-2-4,100,0,-100,0
8520231124010008,2023-11-24,佐世保競輪,8,中盤,middle_v2,2-5-4,100,0,-100,0
8520231124010008,2023-11-24,佐世保競輪,8,中盤,middle_v2,5-2-7,100,0,-100,0
8520231124010008,2023-11-24,佐世保競輪,8,中盤,middle_v2,2-5-7,100,0,-100,0
8520231124010008,2023-11-24,佐世保競輪,8,中盤,middle_v2,5-2-3,100,1330,1230,1
8520231124010008,2023-11-24,佐世保競輪,8,中盤,middle_v2,2-5-3,100,0,-100,0
8520231124010009,2023-11-24,佐世保競輪,9,後半,late_v2,7-5-1,100,0,-100,0
8520231124010009,2023-11-24,佐世保競輪,9,後半,late_v2,5-7-1,100,0,-100,0
8520231124010009,2023-11-24,佐世保競輪,9,後半,late_v2,7-5-2,100,0,-100,0
8520231124010009,2023-11-24,佐世保競輪,9,後半,late_v2,5-7-2,100,890,790,1
2520231202010010,2023-12-02,大宮競輪,10,中盤,middle_v2,2-4-7,100,0,-100,0
2520231202010010,2023-12-02,大宮競輪,10,中盤,middle_v2,4-2-7,100,0,-100,0
2520231202010010,2023-12-02,大宮競輪,10,中盤,middle_v2,2-4-5,100,0,-100,0
2520231202010010,2023-12-02,大宮競輪,10,中盤,middle_v2,4-2-5,100,0,-100,0
2520231202010010,2023-12-02,大宮競輪,10,中盤,middle_v2,2-4-1,100,0,-100,0
2520231202010010,2023-12-02,大宮競輪,10,中盤,middle_v2,4-2-1,100,0,-100,0
6120231204010008,2023-12-04,玉野競輪,8,中盤,middle_v2,5-1-4,100,0,-100,0
6120231204010008,2023-12-04,玉野競輪,8,中盤,middle_v2,1-5-4,100,0,-100,0
6120231204010008,2023-12-04,玉野競輪,8,中盤,middle_v2,5-1-3,100,0,-100,0
6120231204010008,2023-12-04,玉野競輪,8,中盤,middle_v2,1-5-3,100,0,-100,0
6120231204010008,2023-12-04,玉野競輪,8,中盤,middle_v2,5-1-7,100,0,-100,0
6120231204010008,2023-12-04,玉野競輪,8,中盤,middle_v2,1-5-7,100,0,-100,0
4420231211010011,2023-12-11,大垣競輪,11,後半,late_v2,7-2-5,100,0,-100,0
4420231211010011,2023-12-11,大垣競輪,11,後半,late_v2,2-7-5,100,0,-100,0
4420231211010011,2023-12-11,大垣競輪,11,後半,late_v2,7-2-4,100,0,-100,0
4420231211010011,2023-12-11,大垣競輪,11,後半,late_v2,2-7-4,100,0,-100,0
6120231211010007,2023-12-11,玉野競輪,7,中盤,middle_v2,3-1-4,100,0,-100,0
6120231211010007,2023-12-11,玉野競輪,7,中盤,middle_v2,1-3-4,100,0,-100,0
6120231211010007,2023-12-11,玉野競輪,7,中盤,middle_v2,3-1-7,100,0,-100,0
6120231211010007,2023-12-11,玉野競輪,7,中盤,middle_v2,1-3-7,100,0,-100,0
6120231211010007,2023-12-11,玉野競輪,7,中盤,middle_v2,3-1-5,100,0,-100,0
6120231211010007,2023-12-11,玉野競輪,7,中盤,middle_v2,1-3-5,100,0,-100,0
8620231214010008,2023-12-14,別府競輪,8,後半,late_v2,2-1-7,100,0,-100,0
8620231214010008,2023-12-14,別府競輪,8,後半,late_v2,1-2-7,100,0,-100,0
8620231214010008,2023-12-14,別府競輪,8,後半,late_v2,2-1-3,100,1170,1070,1
8620231214010008,2023-12-14,別府競輪,8,後半,late_v2,1-2-3,100,0,-100,0
7520231216010007,2023-12-16,松山競輪,7,前半,early_v2,4-6-1,100,0,-100,0
7520231216010007,2023-12-16,松山競輪,7,前半,early_v2,4-6-5,100,0,-100,0
7520231216010007,2023-12-16,松山競輪,7,前半,early_v2,6-4-1,100,0,-100,0
7520231216010007,2023-12-16,松山競輪,7,前半,early_v2,6-4-5,100,0,-100,0
3820231218010011,2023-12-18,静岡競輪,11,後半,late_v2,2-5-6,100,0,-100,0
3820231218010011,2023-12-18,静岡競輪,11,後半,late_v2,5-2-6,100,0,-100,0
3820231218010011,2023-12-18,静岡競輪,11,後半,late_v2,2-5-3,100,0,-100,0
3820231218010011,2023-12-18,静岡競輪,11,後半,late_v2,5-2-3,100,0,-100,0
4720231220010008,2023-12-20,松阪競輪,8,中盤,middle_v2,6-2-4,100,0,-100,0
4720231220010008,2023-12-20,松阪競輪,8,中盤,middle_v2,2-6-4,100,0,-100,0
4720231220010008,2023-12-20,松阪競輪,8,中盤,middle_v2,6-2-3,100,0,-100,0
4720231220010008,2023-12-20,松阪競輪,8,中盤,middle_v2,2-6-3,100,0,-100,0
4720231220010008,2023-12-20,松阪競輪,8,中盤,middle_v2,6-2-1,100,0,-100,0
4720231220010008,2023-12-20,松阪競輪,8,中盤,middle_v2,2-6-1,100,0,-100,0
4720231220010011,2023-12-20,松阪競輪,11,後半,late_v2,1-4-7,100,420,320,1
4720231220010011,2023-12-20,松阪競輪,11,後半,late_v2,4-1-7,100,0,-100,0
4720231220010011,2023-12-20,松阪競輪,11,後半,late_v2,1-4-3,100,0,-100,0
4720231220010011,2023-12-20,松阪競輪,11,後半,late_v2,4-1-3,100,0,-100,0
8120231221010008,2023-12-21,小倉競輪,8,中盤,middle_v2,5-7-3,100,0,-100,0
8120231221010008,2023-12-21,小倉競輪,8,中盤,middle_v2,7-5-3,100,0,-100,0
8120231221010008,2023-12-21,小倉競輪,8,中盤,middle_v2,5-7-6,100,0,-100,0
8120231221010008,2023-12-21,小倉競輪,8,中盤,middle_v2,7-5-6,100,0,-100,0
8120231221010008,2023-12-21,小倉競輪,8,中盤,middle_v2,5-7-1,100,0,-100,0
8120231221010008,2023-12-21,小倉競輪,8,中盤,middle_v2,7-5-1,100,0,-100,0
2620231223010007,2023-12-23,西武園競輪,7,前半,early_v2,1-4-5,100,0,-100,0
2620231223010007,2023-12-23,西武園競輪,7,前半,early_v2,1-4-7,100,0,-100,0
2620231223010007,2023-12-23,西武園競輪,7,前半,early_v2,4-1-5,100,0,-100,0
2620231223010007,2023-12-23,西武園競輪,7,前半,early_v2,4-1-7,100,0,-100,0
2620231223010009,2023-12-23,西武園競輪,9,中盤,middle_v2,7-3-4,100,3040,2940,1
2620231223010009,2023-12-23,西武園競輪,9,中盤,middle_v2,3-7-4,100,0,-100,0
2620231223010009,2023-12-23,西武園競輪,9,中盤,middle_v2,7-3-2,100,0,-100,0
2620231223010009,2023-12-23,西武園競輪,9,中盤,middle_v2,3-7-2,100,0,-100,0
2620231223010009,2023-12-23,西武園競輪,9,中盤,middle_v2,7-3-5,100,0,-100,0
2620231223010009,2023-12-23,西武園競輪,9,中盤,middle_v2,3-7-5,100,0,-100,0
3120231226010009,2023-12-26,松戸競輪,9,中盤,middle_v2,1-5-4,100,0,-100,0
3120231226010009,2023-12-26,松戸競輪,9,中盤,middle_v2,5-1-4,100,0,-100,0
3120231226010009,2023-12-26,松戸競輪,9,中盤,middle_v2,1-5-2,100,0,-100,0
3120231226010009,2023-12-26,松戸競輪,9,中盤,middle_v2,5-1-2,100,0,-100,0
3120231226010009,2023-12-26,松戸競輪,9,中盤,middle_v2,1-5-7,100,0,-100,0
3120231226010009,2023-12-26,松戸競輪,9,中盤,middle_v2,5-1-7,100,0,-100,0
2820231228010004,2023-12-28,立川競輪,4,中盤,middle_v2,1-3-9,100,0,-100,0
2820231228010004,2023-12-28,立川競輪,4,中盤,middle_v2,3-1-9,100,0,-100,0
2820231228010004,2023-12-28,立川競輪,4,中盤,middle_v2,1-3-5,100,0,-100,0
2820231228010004,2023-12-28,立川競輪,4,中盤,middle_v2,3-1-5,100,0,-100,0
2820231228010004,2023-12-28,立川競輪,4,中盤,middle_v2,1-3-2,100,0,-100,0
2820231228010004,2023-12-28,立川競輪,4,中盤,middle_v2,3-1-2,100,0,-100,0
2820231228010005,2023-12-28,立川競輪,5,中盤,middle_v2,5-1-8,100,0,-100,0
2820231228010005,2023-12-28,立川競輪,5,中盤,middle_v2,1-5-8,100,0,-100,0
2820231228010005,2023-12-28,立川競輪,5,中盤,middle_v2,5-1-2,100,0,-100,0
2820231228010005,2023-12-28,立川競輪,5,中盤,middle_v2,1-5-2,100,0,-100,0
2820231228010005,2023-12-28,立川競輪,5,中盤,middle_v2,5-1-7,100,0,-100,0
2820231228010005,2023-12-28,立川競輪,5,中盤,middle_v2,1-5-7,100,0,-100,0
2820231228010006,2023-12-28,立川競輪,6,中盤,middle_v2,7-1-8,100,0,-100,0
2820231228010006,2023-12-28,立川競輪,6,中盤,middle_v2,1-7-8,100,0,-100,0
2820231228010006,2023-12-28,立川競輪,6,中盤,middle_v2,7-1-3,100,0,-100,0
2820231228010006,2023-12-28,立川競輪,6,中盤,middle_v2,1-7-3,100,0,-100,0
2820231228010006,2023-12-28,立川競輪,6,中盤,middle_v2,7-1-5,100,0,-100,0
2820231228010006,2023-12-28,立川競輪,6,中盤,middle_v2,1-7-5,100,1360,1260,1
2820231228010009,2023-12-28,立川競輪,9,後半,late_v2,1-7-4,100,0,-100,0
2820231228010009,2023-12-28,立川競輪,9,後半,late_v2,7-1-4,100,0,-100,0
2820231228010009,2023-12-28,立川競輪,9,後半,late_v2,1-7-5,100,0,-100,0
2820231228010009,2023-12-28,立川競輪,9,後半,late_v2,7-1-5,100,890,790,1
4420231231010009,2023-12-31,大垣競輪,9,中盤,middle_v2,2-5-7,100,0,-100,0
4420231231010009,2023-12-31,大垣競輪,9,中盤,middle_v2,5-2-7,100,0,-100,0
4420231231010009,2023-12-31,大垣競輪,9,中盤,middle_v2,2-5-4,100,0,-100,0
4420231231010009,2023-12-31,大垣競輪,9,中盤,middle_v2,5-2-4,100,0,-100,0
4420231231010009,2023-12-31,大垣競輪,9,中盤,middle_v2,2-5-1,100,0,-100,0
4420231231010009,2023-12-31,大垣競輪,9,中盤,middle_v2,5-2-1,100,0,-100,0
4420231231010011,2023-12-31,大垣競輪,11,後半,late_v2,1-5-7,100,0,-100,0
4420231231010011,2023-12-31,大垣競輪,11,後半,late_v2,5-1-7,100,0,-100,0
4420231231010011,2023-12-31,大垣競輪,11,後半,late_v2,1-5-3,100,0,-100,0
4420231231010011,2023-12-31,大垣競輪,11,後半,late_v2,5-1-3,100,0,-100,0
