race_id,race_date,track,race_no,actual_1st,v11_top1,v11_hit,v11_actual_rank,v14_top1,v14_hit,v14_source,rank2_challenge_score,rank3_challenge_score
8620240421020006,2024-04-22,別府競輪,6,2,5,0,5,5,0,leader,-0.7036599714542224,-1.1855915681990044
8620240421020007,2024-04-22,別府競輪,7,7,1,0,5,1,0,leader,-1.8342512667759128,-1.7589340074849231
8620240421020008,2024-04-22,別府競輪,8,7,7,1,1,7,1,leader,-0.5079959645612149,-0.7110546553969572
8620240421020009,2024-04-22,別府競輪,9,5,3,0,2,3,0,leader,-1.0604933539182253,-2.829184526138373
8620240421020010,2024-04-22,別府競輪,10,1,1,1,1,1,1,leader,-2.3975888567832135,-1.8135446424527275
8620240421020011,2024-04-22,別府競輪,11,5,4,0,2,4,0,leader,-0.8812144166642627,-1.6137875159328072
8620240421020012,2024-04-22,別府競輪,12,1,1,1,1,1,1,leader,-1.802084706478807,-3.3003641142086604
4320240420030006,2024-04-22,岐阜競輪,6,4,4,1,1,4,1,leader,-0.625653152663078,-1.4796590307258126
4320240420030007,2024-04-22,岐阜競輪,7,5,5,1,1,5,1,leader,-1.869571577310784,-3.1198609971764526
4320240420030008,2024-04-22,岐阜競輪,8,5,5,1,1,5,1,leader,-1.2552387902300268,-1.8232201073559557
4320240420030009,2024-04-22,岐阜競輪,9,4,1,0,4,1,0,leader,-0.4139730293797013,-0.6562585657455673
4320240420030012,2024-04-22,岐阜競輪,12,4,3,0,6,3,0,leader,-1.095823344581914,-1.5752146273176992
8620240421030005,2024-04-23,別府競輪,5,7,5,0,5,5,0,leader,-0.8820416209101528,-0.8466160350732055
8620240421030006,2024-04-23,別府競輪,6,1,5,0,2,5,0,leader,-0.5207203816416999,-1.531889518525083
8620240421030007,2024-04-23,別府競輪,7,5,3,0,2,3,0,leader,-0.8014558032633707,-2.191901679707617
8620240421030008,2024-04-23,別府競輪,8,1,7,0,3,7,0,leader,-0.2819692889375977,-0.8419751630381136
8620240421030009,2024-04-23,別府競輪,9,2,5,0,2,5,0,leader,-0.6698519561298434,-2.1779185459770325
8620240421030010,2024-04-23,別府競輪,10,4,1,0,4,1,0,leader,-1.9924768520499057,-2.800335443108386
8620240421030012,2024-04-23,別府競輪,12,1,7,0,4,7,0,leader,-1.3865947355606358,-2.6824388683520333
3520240423010006,2024-04-23,平塚競輪,6,3,3,1,1,3,1,leader,-0.5484836304895558,-1.6161167120046886
3520240423010007,2024-04-23,平塚競輪,7,1,4,0,4,4,0,leader,-0.3029652071441593,-1.35272547374957
3520240423010008,2024-04-23,平塚競輪,8,5,5,1,1,5,1,leader,-1.56256205836016,-1.6873910417593383
3520240423010009,2024-04-23,平塚競輪,9,3,5,0,4,5,0,leader,-1.3557320215714703,-1.3554271140159226
3520240423010010,2024-04-23,平塚競輪,10,3,7,0,2,7,0,leader,-1.5954669045727612,-2.331035270786593
3520240423010011,2024-04-23,平塚競輪,11,7,1,0,2,1,0,leader,-0.9260327217932433,-2.103444058863263
3520240423010012,2024-04-23,平塚競輪,12,3,1,0,3,1,0,leader,-0.546306412769056,-0.9839157058324273
3520240423020009,2024-04-24,平塚競輪,9,4,7,0,4,7,0,leader,-0.5768804075633343,-1.1761250252583426
3520240423020010,2024-04-24,平塚競輪,10,3,7,0,5,7,0,leader,-1.2542083638037558,-2.1321131666585695
3520240423020011,2024-04-24,平塚競輪,11,6,3,0,6,3,0,leader,-0.9573210699641261,-1.6780578006958091
3520240423020012,2024-04-24,平塚競輪,12,1,1,1,1,1,1,leader,-0.8684125966812903,-0.7723828004432947
5120240424010006,2024-04-24,福井競輪,6,3,5,0,5,5,0,leader,-0.6558286258140521,-2.0424621292138947
5120240424010007,2024-04-24,福井競輪,7,4,3,0,2,3,0,leader,-1.6516758429472131,-1.7753695310423618
5120240424010008,2024-04-24,福井競輪,8,2,5,0,2,5,0,leader,-0.26307838659316096,-1.8319968098557555
5120240424010009,2024-04-24,福井競輪,9,2,2,1,1,2,1,leader,-1.0881050490151976,-2.0323519981052005
5120240424010010,2024-04-24,福井競輪,10,3,7,0,4,7,0,leader,-1.1620304572836728,-1.9494959131615166
5120240424010011,2024-04-24,福井競輪,11,2,2,1,1,2,1,leader,-0.5301210598017865,-0.7622309776186909
5120240424010012,2024-04-24,福井競輪,12,1,4,0,6,4,0,leader,-0.7009376873316668,-2.051052522622362
7420240424010006,2024-04-24,高知競輪,6,2,1,0,2,1,0,leader,-0.4567520315464844,-0.8594035809562895
7420240424010007,2024-04-24,高知競輪,7,1,1,1,1,1,1,leader,-0.2073383978912799,-1.6173380824628412
7420240424010008,2024-04-24,高知競輪,8,1,5,0,2,5,0,leader,-0.9204833024383949,-1.9759396721228855
7420240424010009,2024-04-24,高知競輪,9,2,7,0,2,7,0,leader,-0.7735476737845611,-0.7345598409882237
7420240424010010,2024-04-24,高知競輪,10,2,1,0,6,1,0,leader,-2.2588497044576794,-1.9027318306838794
7420240424010011,2024-04-24,高知競輪,11,5,2,0,2,2,0,leader,-0.7330500211050347,-1.5224124916756783
7420240424010012,2024-04-24,高知競輪,12,3,5,0,2,5,0,leader,-0.28306396576408716,-0.9952917544780341
3520240423030007,2024-04-25,平塚競輪,7,5,2,0,6,2,0,leader,-1.721244043578821,-2.6302026583956337
3520240423030008,2024-04-25,平塚競輪,8,6,1,0,3,1,0,leader,-0.7236760158914364,-1.6476646388274458
3520240423030009,2024-04-25,平塚競輪,9,4,1,0,2,1,0,leader,-0.6868965942270937,-2.945971851917994
3520240423030010,2024-04-25,平塚競輪,10,2,4,0,4,4,0,leader,-1.400993751836597,-2.1987937415533354
3520240423030012,2024-04-25,平塚競輪,12,2,7,0,3,7,0,leader,-1.3017890788922255,-1.4301163785712365
5120240424020006,2024-04-25,福井競輪,6,7,3,0,3,3,0,leader,-0.717855081481358,-1.2473481585082284
5120240424020007,2024-04-25,福井競輪,7,2,2,1,1,2,1,leader,-1.4960474775676658,-1.725803315405043
5120240424020008,2024-04-25,福井競輪,8,4,6,0,4,6,0,leader,-0.9634629779685098,-1.5588338803606927
5120240424020009,2024-04-25,福井競輪,9,1,7,0,5,7,0,leader,-0.645455672983885,-1.3848816313726429
5120240424020010,2024-04-25,福井競輪,10,3,3,1,1,3,1,leader,-0.9325844016984064,-1.0356042850365577
5120240424020011,2024-04-25,福井競輪,11,3,5,0,2,3,1,rank2,0.04342755515550761,-1.1924442787671188
5120240424020012,2024-04-25,福井競輪,12,3,5,0,2,3,1,rank2,0.19437703754361246,-0.8634541983682036
7420240424020006,2024-04-25,高知競輪,6,3,7,0,3,7,0,leader,-0.46510416738186,-1.4704560394589614
7420240424020007,2024-04-25,高知競輪,7,4,2,0,2,2,0,leader,-0.6545409648283878,-1.7330391009172144
7420240424020008,2024-04-25,高知競輪,8,4,2,0,2,2,0,leader,-1.0367054714512633,-1.3785657532076852
7420240424020009,2024-04-25,高知競輪,9,1,2,0,2,2,0,leader,-0.1696794882938908,-1.7889099104134039
7420240424020010,2024-04-25,高知競輪,10,1,3,0,6,3,0,leader,-1.0915481513813996,-1.8281417593974425
7420240424020011,2024-04-25,高知競輪,11,6,2,0,7,5,0,rank2,0.07374151007866897,-1.356125652019667
7420240424020012,2024-04-25,高知競輪,12,4,5,0,3,5,0,leader,-0.5676659645914954,-0.7286693336716332
3720240426010006,2024-04-26,伊東競輪,6,2,2,1,1,5,0,rank2,0.3498091680289553,-0.7568428400489954
3720240426010007,2024-04-26,伊東競輪,7,4,3,0,3,3,0,leader,-2.0932261690680445,-1.8580383506887153
3720240426010008,2024-04-26,伊東競輪,8,3,7,0,4,7,0,leader,-0.21447429684213715,-1.5857702698660265
3720240426010009,2024-04-26,伊東競輪,9,5,3,0,2,3,0,leader,-1.5039683941609656,-1.3676960806912408
3720240426010010,2024-04-26,伊東競輪,10,6,7,0,5,7,0,leader,-1.0735643397876475,-1.6924230555739355
3720240426010011,2024-04-26,伊東競輪,11,5,5,1,1,5,1,leader,-2.724618501796079,-3.2527790239353656
3720240426010012,2024-04-26,伊東競輪,12,5,5,1,1,5,1,leader,-0.5158924472548426,-0.9309188440123488
5120240424030009,2024-04-26,福井競輪,9,7,2,0,4,4,0,rank2,0.07171286862788295,-0.7127395074882501
5120240424030010,2024-04-26,福井競輪,10,2,4,0,6,7,0,rank2,0.10390188370840187,-0.6464342853670524
5120240424030011,2024-04-26,福井競輪,11,4,3,0,5,3,0,leader,-0.8308300845807647,-1.4511288429330187
5120240424030012,2024-04-26,福井競輪,12,7,2,0,7,2,0,leader,-0.21479883124068888,-0.7203516949780979
7420240424030005,2024-04-26,高知競輪,5,4,3,0,2,3,0,leader,-0.021091683199586764,-0.47274859232437927
7420240424030006,2024-04-26,高知競輪,6,3,3,1,1,3,1,leader,-0.1712746282156356,-0.974986013745703
7420240424030007,2024-04-26,高知競輪,7,2,7,0,5,7,0,leader,-1.0961944057977773,-1.336549816503189
7420240424030008,2024-04-26,高知競輪,8,3,7,0,2,7,0,leader,-1.222934299908761,-2.1300199460977414
7420240424030009,2024-04-26,高知競輪,9,5,5,1,1,5,1,leader,-0.13807535713547098,-0.6961948688716538
7420240424030010,2024-04-26,高知競輪,10,6,3,0,5,3,0,leader,-1.192143784556306,-2.311374808571452
7420240424030012,2024-04-26,高知競輪,12,5,5,1,1,4,0,rank2,0.040367254275222864,-0.49546725774686556
3720240426020007,2024-04-27,伊東競輪,7,1,5,0,2,5,0,leader,-0.4490307883558146,-0.5900981620627158
3720240426020008,2024-04-27,伊東競輪,8,3,4,0,3,2,0,rank2,0.012060789827060242,-0.2190473120306713
3720240426020009,2024-04-27,伊東競輪,9,4,3,0,2,3,0,leader,-0.45017832695637267,-1.3969592563655462
3720240426020010,2024-04-27,伊東競輪,10,4,7,0,4,7,0,leader,-0.724435884114829,-1.138927994903434
3720240426020011,2024-04-27,伊東競輪,11,1,1,1,1,1,1,leader,-1.5428208650885509,-2.1008265981063916
3720240426020012,2024-04-27,伊東競輪,12,3,7,0,2,7,0,leader,-0.6753189980817078,-2.1114118062258282
4620240427010006,2024-04-27,富山競輪,6,3,3,1,1,3,1,leader,-0.9976763586173052,-1.6244974725214216
4620240427010007,2024-04-27,富山競輪,7,5,5,1,1,5,1,leader,-0.5565750527074971,-1.341477090491949
4620240427010008,2024-04-27,富山競輪,8,5,7,0,5,7,0,leader,-0.20097611998703124,-0.2884494749787539
4620240427010009,2024-04-27,富山競輪,9,6,5,0,3,5,0,leader,-0.5863450077636368,-2.148238799058133
4620240427010010,2024-04-27,富山競輪,10,3,5,0,4,5,0,leader,-0.23450303916511606,-0.5087442170191068
4620240427010011,2024-04-27,富山競輪,11,1,4,0,2,4,0,leader,-1.349489660370221,-1.9996288045618629
4620240427010012,2024-04-27,富山競輪,12,3,4,0,7,4,0,leader,-0.6619782239121853,-1.1399316772356138
3720240426030008,2024-04-28,伊東競輪,8,1,7,0,2,7,0,leader,-1.7112793076694521,-1.769827534448144
3720240426030009,2024-04-28,伊東競輪,9,1,4,0,6,4,0,leader,-0.37060485886148825,-1.0029110676835078
3720240426030010,2024-04-28,伊東競輪,10,2,3,0,3,3,0,leader,-0.8470629607271005,-2.3930299038692944
3720240426030012,2024-04-28,伊東競輪,12,3,3,1,1,3,1,leader,-1.8555143625542976,-2.364788576185274
4620240427020006,2024-04-28,富山競輪,6,3,3,1,1,3,1,leader,-0.6802416465230448,-1.5641259995502792
4620240427020007,2024-04-28,富山競輪,7,3,1,0,3,1,0,leader,-0.8481578319651878,-1.7589485229429291
4620240427020008,2024-04-28,富山競輪,8,2,4,0,4,4,0,leader,-0.3407622448638672,-0.3705604193000996
4620240427020009,2024-04-28,富山競輪,9,5,1,0,2,1,0,leader,-0.5032788576043576,-1.5314087628185193
4620240427020010,2024-04-28,富山競輪,10,3,4,0,4,4,0,leader,-0.16498534160306233,-0.953172033323595
4620240427020011,2024-04-28,富山競輪,11,3,1,0,2,1,0,leader,-1.0068516603600428,-1.6292746617825844
4620240427020012,2024-04-28,富山競輪,12,5,2,0,5,2,0,leader,-0.9461591705160943,-2.158885607547243
