race_id,race_date,track,race_no,participate,v9_eligible,first_structure_ok,first_candidates,second_candidates,third_candidates,actual_1st,actual_2nd,actual_3rd,hit_1st,hit_2nd,hit_3rd,complete_capture,candidate_cells,first_gap12,first_gap13,first_sd,line_strength_spread
2420240325010006,2024-03-25,宇都宮競輪,6,1,1,1,2-3-4,2-4,3-4-5,3,4,1,1,1,0,0,8,2.708360392098328,18.78561552778099,34.23447507792268,7.13666666666667
2420240325010007,2024-03-25,宇都宮競輪,7,1,1,1,2-3-5,1-3-5,2-5-6,7,4,6,0,0,1,0,9,6.911968830337287,13.406674976015822,32.577749204327155,11.520000000000024
2420240325010008,2024-03-25,宇都宮競輪,8,1,1,1,3-4-7,3-4-7,2-5-7,5,3,7,0,1,1,0,9,12.744961059022913,18.071508370740986,29.964074989290275,22.674999999999983
2420240325010009,2024-03-25,宇都宮競輪,9,1,1,1,2-3-7,3-7,3-4-6-7,3,4,7,1,0,1,0,9,5.709623455574757,31.14163281603132,37.636206885908436,19.601666666666674
2420240325010010,2024-03-25,宇都宮競輪,10,0,0,1,2-3-5,2-3-5,2-3-7,5,2,4,1,1,0,0,9,36.84851362908176,38.54055724970268,28.214076279839414,20.950000000000017
2420240325010011,2024-03-25,宇都宮競輪,11,1,1,1,1-2-5,1-2-4,4-5-7,5,1,4,1,1,1,1,9,8.583765791170777,54.71844459587347,35.34175068168531,25.830000000000013
2420240325010012,2024-03-25,宇都宮競輪,12,1,1,1,1-3-4,1-2,2-5-6-7,3,5,2,1,0,1,0,9,21.86370655227327,29.845337236993572,34.69646942178068,18.939999999999998
6120240325010008,2024-03-25,玉野競輪,8,1,1,1,2-3-4,1-2-7,3-4-5,7,2,5,0,1,1,0,9,7.95758411688179,14.843483721754367,36.49561942592181,4.585000000000008
6120240325010009,2024-03-25,玉野競輪,9,1,1,1,1-4-5,1-4-5,1-3-5-7,6,3,5,0,0,1,0,10,8.23164264170066,28.6544265006944,32.40643243847223,18.974999999999994
6120240325010010,2024-03-25,玉野競輪,10,1,1,1,2-4-7,1-2-7,1-2-5-7,7,2,5,1,1,1,1,10,11.783846894118838,23.150622195237176,33.25847195656583,19.668333333333322
6120240325010011,2024-03-25,玉野競輪,11,0,0,1,1-2-3,1-2-3,2-3-5,3,2,1,1,1,0,0,9,66.58765643392191,69.88635283796691,31.46614574105119,18.988333333333344
6120240325010012,2024-03-25,玉野競輪,12,0,0,1,1-2-3,1-3-7,4-5-6-7,3,1,5,1,1,1,1,10,53.494959580942265,59.256732096382365,30.421926586534163,23.939999999999984
4420240326010005,2024-03-26,大垣競輪,5,0,0,1,1-3-4,1-4,2-3-4-6,1,4,5,1,1,0,0,9,39.941086179118045,50.350649044680154,27.302696024116827,21.465000000000018
4420240326010006,2024-03-26,大垣競輪,6,0,0,1,1-2-5,1-3-5,1-2-4-6,3,1,2,0,1,1,0,10,41.34517507249771,45.103144881966905,29.175943722874532,21.77666666666667
4420240326010007,2024-03-26,大垣競輪,7,0,0,1,1-2-4,1-2-4,1-4-6-7,1,2,7,1,1,1,1,10,28.609437818059263,49.84470745023685,33.32317957898541,21.939999999999998
4420240326010008,2024-03-26,大垣競輪,8,0,0,1,1-2-7,1-3-5,2-4-5,6,3,2,0,1,1,0,9,35.10491931813054,51.86528377182004,31.07101714291851,31.13666666666667
4420240326010009,2024-03-26,大垣競輪,9,0,0,1,1-4-5,1-2,1-2-4,1,5,4,1,0,1,0,8,75.4714818696388,83.93622476006011,32.40877053704641,15.850000000000009
2420240325020006,2024-03-26,宇都宮競輪,6,1,1,1,2-3-7,1-7,3-5-7,6,2,7,0,0,1,0,8,17.62469350548629,43.885205772936864,36.149449747048926,17.740000000000023
2420240325020007,2024-03-26,宇都宮競輪,7,1,1,1,2-3-4,2-4,2-4-5-6,4,2,1,1,1,0,0,9,5.064326582421103,26.853648968995486,37.4665656549427,20.230000000000018
2420240325020008,2024-03-26,宇都宮競輪,8,1,1,1,1-3-4,1-3-6,2-4-5-7,7,4,3,0,0,0,0,10,10.811868069141582,21.572475021303333,36.35548048478526,17.370000000000005
2420240325020009,2024-03-26,宇都宮競輪,9,1,1,1,1-3-5,1-3-5,1-3-6-7,3,5,2,1,1,0,0,10,0.05438265384549368,2.9448121860162786,35.7054493435641,11.36166666666665
2420240325020010,2024-03-26,宇都宮競輪,10,1,1,1,1-5-7,1-5,2-4-5-6,4,7,1,0,0,0,0,9,16.580867123988668,17.955751466458167,36.99007960357696,15.394999999999996
2420240325020011,2024-03-26,宇都宮競輪,11,0,0,1,2-5-7,2-5,2-4-5-7,5,2,3,1,1,0,0,9,31.77768270547358,46.49150235654501,34.398611914733934,33.68666666666667
2420240325020012,2024-03-26,宇都宮競輪,12,0,0,1,1-2-4,2-4,1-4-5-6,2,5,1,1,0,1,0,9,25.9850654785009,51.01477982212832,32.13658167447537,21.50666666666666
3420240326010008,2024-03-26,川崎競輪,8,1,1,1,1-2-3,2-3-7,1-4-5-6,2,1,7,1,0,0,0,10,25.290421843041514,40.64393968193391,33.905373514191474,2.8883333333333496
3420240326010009,2024-03-26,川崎競輪,9,1,1,1,1-3-5,1-2,2-4-5-6,1,2,5,1,1,1,1,9,13.375599887350106,44.669891833643696,33.3130110355871,8.66500000000002
3420240326010010,2024-03-26,川崎競輪,10,1,1,1,1-3-5,1-4-7,3-4-5,1,3,6,1,0,0,0,9,41.60376322875051,52.26608272003922,27.135237980844238,6.606666666666669
3420240326010011,2024-03-26,川崎競輪,11,1,1,1,3-5-7,3-5-7,3-4-5-7,7,5,1,1,1,0,0,10,11.930127563286746,29.658257941345497,31.85671178497738,22.539999999999978
3420240326010012,2024-03-26,川崎競輪,12,1,1,1,1-4-7,2-4,1-3-4-6,7,3,1,1,0,1,0,9,0.3169282777969613,0.742322229665632,33.50438441462937,4.085000000000008
6120240325020008,2024-03-26,玉野競輪,8,1,1,1,1-3-5,1-3-7,2-4-5,5,7,2,1,1,1,1,9,12.327633344055144,12.524064350838259,33.39846578947279,12.366666666666674
6120240325020009,2024-03-26,玉野競輪,9,1,1,1,2-3-7,1-4-7,2-3-4-5,7,3,5,1,0,1,0,10,6.504313806073753,34.39454902057254,33.6657023961141,14.143333333333345
6120240325020010,2024-03-26,玉野競輪,10,1,1,1,2-3-7,2-3-7,3-5-6-7,3,1,7,1,0,1,0,10,18.352269601960288,21.941535629312256,30.199048134411,23.34999999999998
6120240325020011,2024-03-26,玉野競輪,11,0,0,1,1-3-7,1-3-7,2-4-5-7,7,6,2,1,0,1,0,10,51.980447431872726,56.601848196090835,28.92238273167334,22.265
6120240325020012,2024-03-26,玉野競輪,12,1,1,1,1-2-5,1-5,2-5-6,5,1,4,1,1,0,0,8,4.050755283195642,16.34945725671126,36.96589204840205,26.640000000000015
4420240326020005,2024-03-27,大垣競輪,5,1,1,1,1-2-5,1-3-6,2-3-4-6,5,1,2,1,1,1,1,10,11.548433455702252,44.69460561695841,32.286827236594746,31.159999999999997
4420240326020006,2024-03-27,大垣競輪,6,0,0,1,1-2-3,3-4,1-3-6-7,2,1,7,1,0,1,0,9,36.69785611337317,41.72224292039477,31.255142309293376,22.26333333333335
4420240326020007,2024-03-27,大垣競輪,7,0,0,1,1-4-5,1-4-5,4-6-7,3,2,1,0,0,0,0,9,33.15848051698754,41.98113537651974,33.030572284698124,11.439999999999998
4420240326020008,2024-03-27,大垣競輪,8,0,0,1,1-2-3,1-4-5,1-3-4-7,1,4,3,1,1,1,1,10,35.74983806173074,54.962701265395324,32.05825428400942,21.88500000000002
4420240326020009,2024-03-27,大垣競輪,9,0,0,1,1-2-3,1-3,1-2-4-6,3,1,5,1,1,0,0,9,49.956430850685344,53.57974997645805,29.717723255264023,16.22333333333333
2420240325030005,2024-03-27,宇都宮競輪,5,1,1,1,1-3-7,1-3-7,3-4-5-7,1,4,2,1,0,0,0,10,12.831488386344361,17.88353459258552,30.89718689415836,8.295000000000002
2420240325030007,2024-03-27,宇都宮競輪,7,0,0,1,1-2-4,2-5,1-4-7,4,2,7,1,1,1,1,8,31.599820542524824,57.19878149999705,28.780920583012975,23.843333333333348
2420240325030008,2024-03-27,宇都宮競輪,8,1,1,1,2-3-5,1-2-4,3-4-5-6,7,3,4,0,0,1,0,10,23.586842589280792,28.162394178489762,29.179651715141045,7.6299999999999955
2420240325030009,2024-03-27,宇都宮競輪,9,0,0,1,1-3-4,1-4-7,1-3-4-5,4,2,7,1,0,0,0,10,34.153790323958006,44.67608140295398,30.564303354098072,13.301666666666662
2420240325030010,2024-03-27,宇都宮競輪,10,0,0,1,3-5-7,1-5-7,1-2-3-5,3,7,1,1,1,1,1,10,23.278338835084142,37.5846322246822,30.75742666751003,30.629999999999995
2420240325030012,2024-03-27,宇都宮競輪,12,1,1,1,3-4-7,1-3-7,2-5-7,7,4,3,1,0,0,0,9,3.6881422595189832,19.143955455124015,30.82648458524666,33.64999999999998
3420240326020009,2024-03-27,川崎競輪,9,0,0,1,2-4-7,3-4-5,1-3-4,4,3,1,1,1,1,1,9,31.142707055420843,40.41728533821234,27.453417529941476,21.47
3420240326020010,2024-03-27,川崎競輪,10,1,1,1,2-4-5,2-4-5,1-2-5,5,2,4,1,1,0,0,9,1.608838336958243,19.29752877163881,33.4659513468396,18.595000000000027
3420240326020011,2024-03-27,川崎競輪,11,1,1,1,2-3-5,2-5-7,1-2-5-7,5,2,6,1,1,0,0,10,10.560784112203663,55.47825681996404,33.98277015183249,23.051666666666677
3420240326020012,2024-03-27,川崎競輪,12,1,1,1,1-3-7,1-3-7,2-3-5-7,7,5,3,1,0,1,0,10,20.603400634395626,20.607769094056266,33.541260817640094,25.444999999999993
6120240325030008,2024-03-27,玉野競輪,8,0,0,1,1-3-4,5-7,1-3-5-7,1,2,7,1,0,1,0,9,57.64695472769972,61.33485863533829,28.339668193484226,19.10000000000001
6120240325030009,2024-03-27,玉野競輪,9,1,1,1,1-2-4,1-4,1-4-5,5,3,2,0,0,0,0,8,15.095287781372036,30.680857745013455,35.21461411311137,16.273333333333326
6120240325030012,2024-03-27,玉野競輪,12,0,0,1,1-3-4,1-4-7,1-4-5-6,1,5,2,1,0,0,0,10,50.537128436518955,78.20741456918302,33.34046806366508,24.97499999999998
4420240326030004,2024-03-28,大垣競輪,4,1,1,1,1-2-3,2-4-6,4-5-6-7,4,1,2,0,0,0,0,10,1.4853648092796021,45.24452244118466,37.77039532299022,23.164999999999992
4420240326030005,2024-03-28,大垣競輪,5,0,0,1,1-3-6,1-3-4,1-2-3-6,1,5,2,1,0,1,0,10,30.249052428017606,39.16503924423179,29.069891554602112,25.833333333333343
4420240326030006,2024-03-28,大垣競輪,6,0,0,1,1-2-7,1-4-5,2-3-4-6,1,3,7,1,0,0,0,10,36.9922522233921,50.95216424628047,32.44376693281548,30.68000000000002
4420240326030007,2024-03-28,大垣競輪,7,1,1,1,1-2-3,2-3-4,1-5-6-7,4,1,2,0,0,0,0,10,6.3117884347130655,19.92446722288956,34.79613008127197,15.636666666666656
4420240326030009,2024-03-28,大垣競輪,9,0,0,1,1-3-4,1-2-3,1-2-4,1,3,2,1,1,1,1,9,52.15114853907468,63.321540165592,30.350318641107734,16.99000000000001
5620240328010006,2024-03-28,岸和田競輪,6,1,1,1,1-2-7,2-7,1-4-5,2,7,6,1,1,0,0,8,10.991422635058584,31.632351626624953,30.72850190060624,25.15833333333333
5620240328010007,2024-03-28,岸和田競輪,7,1,1,1,2-3-5,2-5,3-4-5-6,4,2,7,0,1,0,0,9,8.929940020596987,14.324734799988065,35.437094607201985,9.995000000000019
5620240328010008,2024-03-28,岸和田競輪,8,1,1,1,1-3-5,1-3-7,1-2-4-5,7,5,2,0,0,1,0,10,14.252921970551384,24.12920673040459,29.890404026686003,12.180000000000007
5620240328010009,2024-03-28,岸和田競輪,9,1,1,1,1-2-7,2-7,1-5-7,2,7,3,1,1,0,0,8,13.31675778382349,46.02857132521954,30.66218647318596,32.485
5620240328010010,2024-03-28,岸和田競輪,10,1,1,1,1-2-4,1-3-4,1-2-5,4,3,2,1,1,1,1,9,12.489381453406722,46.27234943630393,32.855969757808516,22.793333333333322
5620240328010011,2024-03-28,岸和田競輪,11,0,0,1,1-3-5,1-3-7,4-5-7,1,5,3,1,0,0,0,9,29.28675160873179,52.20012744719757,30.218243575467866,23.356666666666655
5620240328010012,2024-03-28,岸和田競輪,12,0,0,1,3-5-7,3-7,1-3-4-7,7,5,1,1,0,1,0,9,56.44069184072895,72.54090330991963,31.165735013163932,12.420000000000016
3420240326030007,2024-03-28,川崎競輪,7,0,0,1,1-4-5,1-7,1-3-4-7,4,3,5,1,0,0,0,9,51.64576786169757,56.52402028273957,31.253679581330406,18.203333333333333
3420240326030008,2024-03-28,川崎競輪,8,1,1,1,1-2-3,2-4,1-3-4-5,1,4,5,1,1,1,1,9,51.08156387558817,64.54230903461712,32.23414873289091,6.281666666666652
3420240326030009,2024-03-28,川崎競輪,9,1,1,1,2-5-7,2-5-7,1-2-5,6,5,7,0,1,0,0,9,13.141437573066483,42.61032489384101,34.79073023666413,11.471666666666664
3420240326030012,2024-03-28,川崎競輪,12,1,1,1,1-2-3,1-2-5,2-3-5-6,2,1,3,1,1,1,1,10,28.1443492592755,46.416768201111594,32.07535779692024,5.574999999999989
5620240328020006,2024-03-29,岸和田競輪,6,1,1,1,1-2-3,1-2,2-3-4-7,3,1,2,1,1,1,1,9,13.496793534961853,39.00854218453268,30.879367198200413,8.006666666666689
5620240328020007,2024-03-29,岸和田競輪,7,1,1,1,1-2-3,2-4-7,3-4-6,5,7,3,0,1,1,0,9,13.558489998855151,45.24859183068626,31.52794955128202,7.583333333333343
5620240328020008,2024-03-29,岸和田競輪,8,1,1,1,1-3-4,2-3-4,1-5-7,6,2,5,0,1,1,0,9,25.353925488833042,31.394740532439513,32.73097113432669,8.471666666666664
5620240328020009,2024-03-29,岸和田競輪,9,0,0,1,2-5-7,2-5-7,1-2-3-7,1,5,7,0,1,1,0,10,35.636137738235846,43.30494434887855,29.83658066352326,24.10166666666666
5620240328020010,2024-03-29,岸和田競輪,10,0,0,1,2-4-5,1-4-5,1-2-5,5,2,6,1,0,0,0,9,27.399720128771193,28.043788205531612,29.860927069514243,23.434999999999988
5620240328020011,2024-03-29,岸和田競輪,11,1,1,1,1-3-5,2-3-5,1-3-4-6,7,4,1,0,0,1,0,10,17.476585806462623,23.425910427717923,36.40996873946561,7.301666666666648
5620240328020012,2024-03-29,岸和田競輪,12,1,1,1,1-3-4,1-4-5,1-4-5,3,6,1,1,0,1,0,9,0.6018543205921532,8.61478128286437,34.71023513447205,13.328333333333347
7520240329010006,2024-03-29,松山競輪,6,1,1,1,1-2-5,2-4,1-2-3-5,4,2,1,0,1,1,0,9,15.686208909890937,24.253848471301538,34.318433309742815,20.718333333333348
7520240329010007,2024-03-29,松山競輪,7,1,1,1,1-2-4,1-2-4,2-6-7,4,1,7,1,1,1,1,9,19.95107606872854,35.10651859605028,34.1524780333568,13.97166666666665
7520240329010008,2024-03-29,松山競輪,8,1,1,1,1-2-4,1-4-5,2-4-6-7,2,3,4,1,0,1,0,10,16.782963151933302,38.24425434943046,34.242196983607016,28.96499999999999
7520240329010009,2024-03-29,松山競輪,9,1,1,1,1-3-7,2-3-7,1-3-4-5,4,5,3,0,0,1,0,10,12.034736289267443,16.991890242345974,30.084697172404745,19.544999999999987
7520240329010010,2024-03-29,松山競輪,10,0,0,1,1-4-5,1-5-7,1-2-5-7,1,5,4,1,1,0,0,10,26.326007407242287,57.02929578007826,29.56692704889937,22.136666666666684
7520240329010011,2024-03-29,松山競輪,11,0,0,1,1-2-3,1-4-7,1-5-7,1,3,7,1,0,1,0,9,67.72696047206617,68.08907524233915,30.918075377612926,15.323333333333338
7520240329010012,2024-03-29,松山競輪,12,1,1,1,1-3-4,1-4-5,2-4-6-7,3,6,7,1,0,1,0,10,6.055435684939809,47.25910844867882,33.62778029258528,13.823333333333323
5620240328030009,2024-03-30,岸和田競輪,9,1,1,1,1-2-3,1-4-7,3-4-5-6,3,7,5,1,1,1,1,10,52.13095763015308,62.62650860530349,30.293782369624573,4.726666666666674
5620240328030010,2024-03-30,岸和田競輪,10,0,0,1,1-4-5,1-4,3-4-6-7,1,4,5,1,1,0,0,9,27.430583600365935,38.32592993633285,32.143091360212516,18.88000000000001
5620240328030011,2024-03-30,岸和田競輪,11,0,0,1,1-5-7,1-4-7,1-2-5,4,7,1,0,1,1,0,9,38.972154507719694,39.36566662554778,29.00953864422828,27.008333333333354
5620240328030012,2024-03-30,岸和田競輪,12,0,0,1,2-3-4,3-4,3-4-7,2,5,1,1,0,0,0,8,26.918650282084755,29.665202339512504,37.876663086224134,14.553333333333313
7520240329020006,2024-03-30,松山競輪,6,0,0,1,1-4-5,1-4,2-3-4,1,7,4,1,0,1,0,8,45.94280459742288,49.26668297206279,28.622997120394366,27.12666666666668
7520240329020007,2024-03-30,松山競輪,7,1,1,1,1-3-4,1-4-5,3-5-6,7,1,5,0,1,1,0,9,14.909676876262083,64.12488762283809,36.284454225647345,4.826666666666668
7520240329020008,2024-03-30,松山競輪,8,0,0,1,2-3-4,3-4-5,1-4-5-6,3,5,2,1,1,0,0,10,31.15541526990701,49.43637405545732,30.388545285801737,33.633333333333354
7520240329020009,2024-03-30,松山競輪,9,0,0,1,2-4-5,2-4,1-2-4-7,4,7,1,1,0,1,0,9,23.03268659585578,32.697232018258205,29.648920817257025,33.47333333333333
7520240329020010,2024-03-30,松山競輪,10,0,0,1,1-2-5,1-2,4-5-6-7,2,5,7,1,0,1,0,9,46.490404895373274,54.919373828163366,29.972609107447127,16.458333333333343
7520240329020011,2024-03-30,松山競輪,11,1,1,1,2-3-4,1-3-4,1-3-4-5,4,3,7,1,1,0,0,10,6.847388530348297,34.08826090450263,31.09962000301459,27.52000000000001
7520240329020012,2024-03-30,松山競輪,12,1,1,1,1-2-4,1-4,1-3-4,4,1,3,1,1,1,1,8,19.967467222252793,58.360198750133996,35.08247389622188,26.72
7520240329030006,2024-03-31,松山競輪,6,1,1,1,1-3-5,1-3-4,1-3-6-7,5,3,4,1,1,0,0,10,3.9171592769264123,4.170747040692902,39.92123310321803,15.775000000000006
7520240329030007,2024-03-31,松山競輪,7,0,0,1,1-3-4,1-5-7,1-4-5,1,6,5,1,0,1,0,9,71.90082724826632,76.53541449473892,30.927514688749092,24.49000000000001
7520240329030008,2024-03-31,松山競輪,8,1,1,1,1-3-5,2-5-7,1-4-5-7,5,2,1,1,1,1,1,10,27.837786059427415,44.95493542688502,30.243623497268025,2.2549999999999955
7520240329030009,2024-03-31,松山競輪,9,1,1,1,1-4-5,3-7,2-3-4-7,6,5,4,0,0,1,0,9,3.11589982576443,28.516500459550258,32.20682405194069,9.973333333333343
7520240329030010,2024-03-31,松山競輪,10,1,1,1,1-2-4,1-3-7,2-3-5,1,7,2,1,1,1,1,9,6.443307927466989,22.254787146353706,36.816875872609984,14.828333333333333
7520240329030012,2024-03-31,松山競輪,12,1,1,1,1-2-3,1-2-3,3-4-5-7,4,7,5,0,0,1,0,10,22.45380044470859,24.542127497484486,33.34082840479212,4.23333333333332
