race_id,race_date,track,meeting_grade,class_scope,race_no,race_type,start_time,deadline,entry_count,source_url,captured_at_utc
3720260923030001,2026-09-25,伊東競輪,F1,A1/A2,1,Ａ級一般,15:45,15:40,7,https://keirin.kdreams.jp/ito/racedetail/3720260923030001/?pageType=result,2026-10-02T14:55:05.458967+00:00
3720260923030002,2026-09-25,伊東競輪,F1,A1/A2,2,Ａ級一般,16:07,16:02,7,https://keirin.kdreams.jp/ito/racedetail/3720260923030002/?pageType=result,2026-10-02T14:55:07.708138+00:00
3720260923030003,2026-09-25,伊東競輪,F1,A1/A2,3,Ａ級特選,16:33,16:28,7,https://keirin.kdreams.jp/ito/racedetail/3720260923030003/?pageType=result,2026-10-02T14:55:09.962071+00:00
3720260923030004,2026-09-25,伊東競輪,F1,A1/A2,4,Ａ級特選,16:59,16:54,7,https://keirin.kdreams.jp/ito/racedetail/3720260923030004/?pageType=result,2026-10-02T14:55:12.220759+00:00
3720260923030010,2026-09-25,伊東競輪,F1,A1/A2,10,Ａ級決勝,19:35,19:30,7,https://keirin.kdreams.jp/ito/racedetail/3720260923030010/?pageType=result,2026-10-02T14:55:14.651780+00:00
8620260924020007,2026-09-25,別府競輪,F2,A1/A2,7,Ａ級特一般,18:30,18:25,7,https://keirin.kdreams.jp/beppu/racedetail/8620260924020007/?pageType=result,2026-10-02T14:54:23.946672+00:00
8620260924020008,2026-09-25,別府競輪,F2,A1/A2,8,Ａ級特一般,18:56,18:51,7,https://keirin.kdreams.jp/beppu/racedetail/8620260924020008/?pageType=result,2026-10-02T14:54:25.896211+00:00
8620260924020009,2026-09-25,別府競輪,F2,A1/A2,9,Ａ級準決勝,19:22,19:17,7,https://keirin.kdreams.jp/beppu/racedetail/8620260924020009/?pageType=result,2026-10-02T14:54:28.616151+00:00
8620260924020010,2026-09-25,別府競輪,F2,A1/A2,10,Ａ級準決勝,19:48,19:43,7,https://keirin.kdreams.jp/beppu/racedetail/8620260924020010/?pageType=result,2026-10-02T14:54:30.805073+00:00
8620260924020011,2026-09-25,別府競輪,F2,A1/A2,11,Ａ級準決勝,20:16,20:11,7,https://keirin.kdreams.jp/beppu/racedetail/8620260924020011/?pageType=result,2026-10-02T14:54:33.424479+00:00
7320260923030001,2026-09-25,小松島競輪,F1,A1/A2,1,Ａ級一般,10:45,10:40,7,https://keirin.kdreams.jp/komatsushima/racedetail/7320260923030001/?pageType=result,2026-10-02T14:55:36.916252+00:00
7320260923030002,2026-09-25,小松島競輪,F1,A1/A2,2,Ａ級一般,11:13,11:08,7,https://keirin.kdreams.jp/komatsushima/racedetail/7320260923030002/?pageType=result,2026-10-02T14:55:39.144184+00:00
7320260923030003,2026-09-25,小松島競輪,F1,A1/A2,3,Ａ級特選,11:42,11:37,7,https://keirin.kdreams.jp/komatsushima/racedetail/7320260923030003/?pageType=result,2026-10-02T14:55:41.621002+00:00
7320260923030004,2026-09-25,小松島競輪,F1,A1/A2,4,Ａ級特選,12:11,12:06,7,https://keirin.kdreams.jp/komatsushima/racedetail/7320260923030004/?pageType=result,2026-10-02T14:55:43.672946+00:00
7320260923030011,2026-09-25,小松島競輪,F1,A1/A2,11,Ａ級決勝,15:38,15:33,7,https://keirin.kdreams.jp/komatsushima/racedetail/7320260923030011/?pageType=result,2026-10-02T14:55:45.732980+00:00
8720260924020001,2026-09-25,熊本競輪,F2,A1/A2,1,Ａ級一般,08:30,08:25,7,https://keirin.kdreams.jp/kumamoto/racedetail/8720260924020001/?pageType=result,2026-10-02T14:56:01.075257+00:00
8720260924020002,2026-09-25,熊本競輪,F2,A1/A2,2,Ａ級一般,08:50,08:45,7,https://keirin.kdreams.jp/kumamoto/racedetail/8720260924020002/?pageType=result,2026-10-02T14:56:03.143231+00:00
8720260924020003,2026-09-25,熊本競輪,F2,A1/A2,3,Ａ級選抜,09:11,09:06,7,https://keirin.kdreams.jp/kumamoto/racedetail/8720260924020003/?pageType=result,2026-10-02T14:56:05.080276+00:00
8720260924020004,2026-09-25,熊本競輪,F2,A1/A2,4,Ａ級選抜,09:32,09:27,7,https://keirin.kdreams.jp/kumamoto/racedetail/8720260924020004/?pageType=result,2026-10-02T14:56:07.505120+00:00
8720260924020005,2026-09-25,熊本競輪,F2,A1/A2,5,Ａ級準決勝,09:53,09:48,7,https://keirin.kdreams.jp/kumamoto/racedetail/8720260924020005/?pageType=result,2026-10-02T14:56:09.858618+00:00
8720260924020006,2026-09-25,熊本競輪,F2,A1/A2,6,Ａ級準決勝,10:14,10:09,7,https://keirin.kdreams.jp/kumamoto/racedetail/8720260924020006/?pageType=result,2026-10-02T14:56:12.106528+00:00
8720260924020007,2026-09-25,熊本競輪,F2,A1/A2,7,Ａ級準決勝,10:35,10:30,7,https://keirin.kdreams.jp/kumamoto/racedetail/8720260924020007/?pageType=result,2026-10-02T14:56:14.078564+00:00
8620260924030005,2026-09-26,別府競輪,F2,A1/A2,5,Ａ級特一般,17:26,17:21,7,https://keirin.kdreams.jp/beppu/racedetail/8620260924030005/?pageType=result,2026-10-02T14:54:35.494868+00:00
8620260924030006,2026-09-26,別府競輪,F2,A1/A2,6,Ａ級特一般,17:53,17:48,7,https://keirin.kdreams.jp/beppu/racedetail/8620260924030006/?pageType=result,2026-10-02T14:54:37.513298+00:00
8620260924030007,2026-09-26,別府競輪,F2,A1/A2,7,Ａ級特選,18:21,18:16,7,https://keirin.kdreams.jp/beppu/racedetail/8620260924030007/?pageType=result,2026-10-02T14:54:39.699991+00:00
8620260924030008,2026-09-26,別府競輪,F2,A1/A2,8,Ａ級特選,18:49,18:44,7,https://keirin.kdreams.jp/beppu/racedetail/8620260924030008/?pageType=result,2026-10-02T14:54:41.938255+00:00
8620260924030011,2026-09-26,別府競輪,F2,A1/A2,11,Ａ級決勝,20:15,20:10,7,https://keirin.kdreams.jp/beppu/racedetail/8620260924030011/?pageType=result,2026-10-02T14:54:44.026331+00:00
5620260926010001,2026-09-26,岸和田競輪,F1,A1/A2,1,Ａ級予選,10:45,10:40,7,https://keirin.kdreams.jp/kishiwada/racedetail/5620260926010001/?pageType=result,2026-10-02T14:57:15.156096+00:00
5620260926010002,2026-09-26,岸和田競輪,F1,A1/A2,2,Ａ級予選,11:13,11:08,7,https://keirin.kdreams.jp/kishiwada/racedetail/5620260926010002/?pageType=result,2026-10-02T14:57:17.237829+00:00
5620260926010003,2026-09-26,岸和田競輪,F1,A1/A2,3,Ａ級予選,11:41,11:36,7,https://keirin.kdreams.jp/kishiwada/racedetail/5620260926010003/?pageType=result,2026-10-02T14:57:19.176330+00:00
5620260926010004,2026-09-26,岸和田競輪,F1,A1/A2,4,Ａ級予選,12:10,12:05,7,https://keirin.kdreams.jp/kishiwada/racedetail/5620260926010004/?pageType=result,2026-10-02T14:57:21.361752+00:00
5620260926010005,2026-09-26,岸和田競輪,F1,A1/A2,5,Ａ級初日特選,12:39,12:34,7,https://keirin.kdreams.jp/kishiwada/racedetail/5620260926010005/?pageType=result,2026-10-02T14:57:23.584115+00:00
8720260924030001,2026-09-26,熊本競輪,F2,A1/A2,1,Ａ級一般,08:30,08:25,7,https://keirin.kdreams.jp/kumamoto/racedetail/8720260924030001/?pageType=result,2026-10-02T14:56:16.265328+00:00
8720260924030002,2026-09-26,熊本競輪,F2,A1/A2,2,Ａ級一般,08:50,08:45,7,https://keirin.kdreams.jp/kumamoto/racedetail/8720260924030002/?pageType=result,2026-10-02T14:56:18.337448+00:00
8720260924030003,2026-09-26,熊本競輪,F2,A1/A2,3,Ａ級一般,09:10,09:05,7,https://keirin.kdreams.jp/kumamoto/racedetail/8720260924030003/?pageType=result,2026-10-02T14:56:20.279313+00:00
8720260924030004,2026-09-26,熊本競輪,F2,A1/A2,4,Ａ級特選,09:30,09:25,7,https://keirin.kdreams.jp/kumamoto/racedetail/8720260924030004/?pageType=result,2026-10-02T14:56:22.269171+00:00
8720260924030005,2026-09-26,熊本競輪,F2,A1/A2,5,Ａ級特選,09:50,09:45,7,https://keirin.kdreams.jp/kumamoto/racedetail/8720260924030005/?pageType=result,2026-10-02T14:56:24.754010+00:00
8720260924030006,2026-09-26,熊本競輪,F2,A1/A2,6,Ａ級特選,10:10,10:05,7,https://keirin.kdreams.jp/kumamoto/racedetail/8720260924030006/?pageType=result,2026-10-02T14:56:27.033671+00:00
8720260924030007,2026-09-26,熊本競輪,F2,A1/A2,7,Ａ級決勝,10:30,10:25,7,https://keirin.kdreams.jp/kumamoto/racedetail/8720260924030007/?pageType=result,2026-10-02T14:56:29.197980+00:00
1220260926010001,2026-09-26,青森競輪,F2,A1/A2,1,Ａ級予選,08:40,08:35,7,https://keirin.kdreams.jp/aomori/racedetail/1220260926010001/?pageType=result,2026-10-02T14:56:31.337174+00:00
1220260926010002,2026-09-26,青森競輪,F2,A1/A2,2,Ａ級予選,09:00,08:55,7,https://keirin.kdreams.jp/aomori/racedetail/1220260926010002/?pageType=result,2026-10-02T14:56:33.926739+00:00
1220260926010003,2026-09-26,青森競輪,F2,A1/A2,3,Ａ級予選,09:20,09:15,7,https://keirin.kdreams.jp/aomori/racedetail/1220260926010003/?pageType=result,2026-10-02T14:56:35.908166+00:00
1220260926010004,2026-09-26,青森競輪,F2,A1/A2,4,Ａ級予選,09:40,09:35,7,https://keirin.kdreams.jp/aomori/racedetail/1220260926010004/?pageType=result,2026-10-02T14:56:38.210247+00:00
1220260926010005,2026-09-26,青森競輪,F2,A1/A2,5,Ａ級予選,10:00,09:55,7,https://keirin.kdreams.jp/aomori/racedetail/1220260926010005/?pageType=result,2026-10-02T14:56:40.068513+00:00
1220260926010006,2026-09-26,青森競輪,F2,A1/A2,6,Ａ級予選,10:20,10:15,7,https://keirin.kdreams.jp/aomori/racedetail/1220260926010006/?pageType=result,2026-10-02T14:56:41.981436+00:00
1220260926010007,2026-09-26,青森競輪,F2,A1/A2,7,Ａ級初日特選,10:40,10:35,7,https://keirin.kdreams.jp/aomori/racedetail/1220260926010007/?pageType=result,2026-10-02T14:56:43.988756+00:00
1320260927010003,2026-09-27,いわき平競輪,F2,A1/A2,3,Ａ級予選,21:20,21:15,7,https://keirin.kdreams.jp/iwakitaira/racedetail/1320260927010003/?pageType=result,2026-10-02T14:57:47.138603+00:00
1320260927010004,2026-09-27,いわき平競輪,F2,A1/A2,4,Ａ級予選,21:40,21:35,7,https://keirin.kdreams.jp/iwakitaira/racedetail/1320260927010004/?pageType=result,2026-10-02T14:57:49.164086+00:00
1320260927010005,2026-09-27,いわき平競輪,F2,A1/A2,5,Ａ級予選,22:00,21:55,7,https://keirin.kdreams.jp/iwakitaira/racedetail/1320260927010005/?pageType=result,2026-10-02T14:57:51.176631+00:00
1320260927010006,2026-09-27,いわき平競輪,F2,A1/A2,6,Ａ級予選,22:20,22:15,7,https://keirin.kdreams.jp/iwakitaira/racedetail/1320260927010006/?pageType=result,2026-10-02T14:57:53.118826+00:00
1320260927010007,2026-09-27,いわき平競輪,F2,A1/A2,7,Ａ級予選,22:40,22:35,7,https://keirin.kdreams.jp/iwakitaira/racedetail/1320260927010007/?pageType=result,2026-10-02T14:57:55.219752+00:00
1320260927010008,2026-09-27,いわき平競輪,F2,A1/A2,8,Ａ級予選,23:00,22:55,7,https://keirin.kdreams.jp/iwakitaira/racedetail/1320260927010008/?pageType=result,2026-10-02T14:57:57.366966+00:00
1320260927010009,2026-09-27,いわき平競輪,F2,A1/A2,9,Ａ級初日特選,23:20,23:15,7,https://keirin.kdreams.jp/iwakitaira/racedetail/1320260927010009/?pageType=result,2026-10-02T14:58:00.259025+00:00
5620260926020001,2026-09-27,岸和田競輪,F1,A1/A2,1,Ａ級一般,10:57,10:52,7,https://keirin.kdreams.jp/kishiwada/racedetail/5620260926020001/?pageType=result,2026-10-02T14:57:25.886254+00:00
5620260926020002,2026-09-27,岸和田競輪,F1,A1/A2,2,Ａ級一般,11:23,11:18,7,https://keirin.kdreams.jp/kishiwada/racedetail/5620260926020002/?pageType=result,2026-10-02T14:57:28.468008+00:00
5620260926020003,2026-09-27,岸和田競輪,F1,A1/A2,3,Ａ級準決勝,11:49,11:44,7,https://keirin.kdreams.jp/kishiwada/racedetail/5620260926020003/?pageType=result,2026-10-02T14:57:29.727892+00:00
5620260926020004,2026-09-27,岸和田競輪,F1,A1/A2,4,Ａ級準決勝,12:17,12:12,7,https://keirin.kdreams.jp/kishiwada/racedetail/5620260926020004/?pageType=result,2026-10-02T14:57:31.956353+00:00
5620260926020005,2026-09-27,岸和田競輪,F1,A1/A2,5,Ａ級準決勝,12:45,12:40,7,https://keirin.kdreams.jp/kishiwada/racedetail/5620260926020005/?pageType=result,2026-10-02T14:57:34.115380+00:00
8420260927010001,2026-09-27,武雄競輪,F1,A1/A2,1,Ａ級予選,10:45,10:40,7,https://keirin.kdreams.jp/takeo/racedetail/8420260927010001/?pageType=result,2026-10-02T14:58:32.955078+00:00
8420260927010002,2026-09-27,武雄競輪,F1,A1/A2,2,Ａ級予選,11:10,11:05,7,https://keirin.kdreams.jp/takeo/racedetail/8420260927010002/?pageType=result,2026-10-02T14:58:35.421328+00:00
8420260927010003,2026-09-27,武雄競輪,F1,A1/A2,3,Ａ級予選,11:36,11:31,7,https://keirin.kdreams.jp/takeo/racedetail/8420260927010003/?pageType=result,2026-10-02T14:58:37.577661+00:00
8420260927010004,2026-09-27,武雄競輪,F1,A1/A2,4,Ａ級予選,12:03,11:58,7,https://keirin.kdreams.jp/takeo/racedetail/8420260927010004/?pageType=result,2026-10-02T14:58:39.820592+00:00
8420260927010005,2026-09-27,武雄競輪,F1,A1/A2,5,Ａ級初日特選,12:31,12:26,7,https://keirin.kdreams.jp/takeo/racedetail/8420260927010005/?pageType=result,2026-10-02T14:58:41.716055+00:00
6120260927010003,2026-09-27,玉野競輪,F2,A1/A2,3,Ａ級予選,21:30,21:25,7,https://keirin.kdreams.jp/tamano/racedetail/6120260927010003/?pageType=result,2026-10-02T14:59:05.691684+00:00
6120260927010004,2026-09-27,玉野競輪,F2,A1/A2,4,Ａ級予選,21:50,21:45,7,https://keirin.kdreams.jp/tamano/racedetail/6120260927010004/?pageType=result,2026-10-02T14:59:07.705510+00:00
6120260927010005,2026-09-27,玉野競輪,F2,A1/A2,5,Ａ級予選,22:10,22:05,7,https://keirin.kdreams.jp/tamano/racedetail/6120260927010005/?pageType=result,2026-10-02T14:59:09.720739+00:00
6120260927010006,2026-09-27,玉野競輪,F2,A1/A2,6,Ａ級予選,22:30,22:25,7,https://keirin.kdreams.jp/tamano/racedetail/6120260927010006/?pageType=result,2026-10-02T14:59:11.878299+00:00
6120260927010007,2026-09-27,玉野競輪,F2,A1/A2,7,Ａ級予選,22:50,22:45,7,https://keirin.kdreams.jp/tamano/racedetail/6120260927010007/?pageType=result,2026-10-02T14:59:14.072423+00:00
6120260927010008,2026-09-27,玉野競輪,F2,A1/A2,8,Ａ級予選,23:10,23:05,7,https://keirin.kdreams.jp/tamano/racedetail/6120260927010008/?pageType=result,2026-10-02T14:59:16.022656+00:00
6120260927010009,2026-09-27,玉野競輪,F2,A1/A2,9,Ａ級初日特選,23:30,23:25,7,https://keirin.kdreams.jp/tamano/racedetail/6120260927010009/?pageType=result,2026-10-02T14:59:18.183310+00:00
1220260926020001,2026-09-27,青森競輪,F2,A1/A2,1,Ａ級一般,08:30,08:25,7,https://keirin.kdreams.jp/aomori/racedetail/1220260926020001/?pageType=result,2026-10-02T14:56:46.229227+00:00
1220260926020002,2026-09-27,青森競輪,F2,A1/A2,2,Ａ級一般,08:50,08:45,7,https://keirin.kdreams.jp/aomori/racedetail/1220260926020002/?pageType=result,2026-10-02T14:56:48.334525+00:00
1220260926020003,2026-09-27,青森競輪,F2,A1/A2,3,Ａ級選抜,09:11,09:06,7,https://keirin.kdreams.jp/aomori/racedetail/1220260926020003/?pageType=result,2026-10-02T14:56:50.144337+00:00
1220260926020004,2026-09-27,青森競輪,F2,A1/A2,4,Ａ級選抜,09:32,09:27,7,https://keirin.kdreams.jp/aomori/racedetail/1220260926020004/?pageType=result,2026-10-02T14:56:52.234925+00:00
1220260926020005,2026-09-27,青森競輪,F2,A1/A2,5,Ａ級準決勝,09:53,09:48,7,https://keirin.kdreams.jp/aomori/racedetail/1220260926020005/?pageType=result,2026-10-02T14:56:54.432804+00:00
1220260926020006,2026-09-27,青森競輪,F2,A1/A2,6,Ａ級準決勝,10:14,10:09,7,https://keirin.kdreams.jp/aomori/racedetail/1220260926020006/?pageType=result,2026-10-02T14:56:56.565607+00:00
1220260926020007,2026-09-27,青森競輪,F2,A1/A2,7,Ａ級準決勝,10:35,10:30,7,https://keirin.kdreams.jp/aomori/racedetail/1220260926020007/?pageType=result,2026-10-02T14:56:58.687629+00:00
1320260927020003,2026-09-28,いわき平競輪,F2,A1/A2,3,Ａ級一般,21:20,21:15,7,https://keirin.kdreams.jp/iwakitaira/racedetail/1320260927020003/?pageType=result,2026-10-02T14:58:02.244143+00:00
1320260927020004,2026-09-28,いわき平競輪,F2,A1/A2,4,Ａ級一般,21:40,21:35,7,https://keirin.kdreams.jp/iwakitaira/racedetail/1320260927020004/?pageType=result,2026-10-02T14:58:04.370007+00:00
1320260927020005,2026-09-28,いわき平競輪,F2,A1/A2,5,Ａ級選抜,22:00,21:55,7,https://keirin.kdreams.jp/iwakitaira/racedetail/1320260927020005/?pageType=result,2026-10-02T14:58:06.579641+00:00
1320260927020006,2026-09-28,いわき平競輪,F2,A1/A2,6,Ａ級選抜,22:20,22:15,7,https://keirin.kdreams.jp/iwakitaira/racedetail/1320260927020006/?pageType=result,2026-10-02T14:58:08.682699+00:00
1320260927020007,2026-09-28,いわき平競輪,F2,A1/A2,7,Ａ級準決勝,22:40,22:35,7,https://keirin.kdreams.jp/iwakitaira/racedetail/1320260927020007/?pageType=result,2026-10-02T14:58:10.875521+00:00
1320260927020008,2026-09-28,いわき平競輪,F2,A1/A2,8,Ａ級準決勝,23:00,22:55,7,https://keirin.kdreams.jp/iwakitaira/racedetail/1320260927020008/?pageType=result,2026-10-02T14:58:12.991263+00:00
1320260927020009,2026-09-28,いわき平競輪,F2,A1/A2,9,Ａ級準決勝,23:20,23:15,7,https://keirin.kdreams.jp/iwakitaira/racedetail/1320260927020009/?pageType=result,2026-10-02T14:58:15.137389+00:00
5620260926030001,2026-09-28,岸和田競輪,F1,A1/A2,1,Ａ級一般,11:01,10:56,6,https://keirin.kdreams.jp/kishiwada/racedetail/5620260926030001/?pageType=result,2026-10-02T14:57:36.051348+00:00
5620260926030002,2026-09-28,岸和田競輪,F1,A1/A2,2,Ａ級一般,11:25,11:20,7,https://keirin.kdreams.jp/kishiwada/racedetail/5620260926030002/?pageType=result,2026-10-02T14:57:38.178619+00:00
5620260926030003,2026-09-28,岸和田競輪,F1,A1/A2,3,Ａ級特選,11:49,11:44,7,https://keirin.kdreams.jp/kishiwada/racedetail/5620260926030003/?pageType=result,2026-10-02T14:57:40.334361+00:00
5620260926030004,2026-09-28,岸和田競輪,F1,A1/A2,4,Ａ級特選,12:13,12:08,7,https://keirin.kdreams.jp/kishiwada/racedetail/5620260926030004/?pageType=result,2026-10-02T14:57:42.809133+00:00
5620260926030011,2026-09-28,岸和田競輪,F1,A1/A2,11,Ａ級決勝,15:41,15:36,7,https://keirin.kdreams.jp/kishiwada/racedetail/5620260926030011/?pageType=result,2026-10-02T14:57:44.959745+00:00
3520260928010007,2026-09-28,平塚競輪,F2,A1/A2,7,Ａ級特予選,18:18,18:13,7,https://keirin.kdreams.jp/hiratsuka/racedetail/3520260928010007/?pageType=result,2026-10-02T14:59:49.909261+00:00
3520260928010008,2026-09-28,平塚競輪,F2,A1/A2,8,Ａ級特予選,18:46,18:41,7,https://keirin.kdreams.jp/hiratsuka/racedetail/3520260928010008/?pageType=result,2026-10-02T14:59:51.755266+00:00
3520260928010009,2026-09-28,平塚競輪,F2,A1/A2,9,Ａ級特予選,19:14,19:09,7,https://keirin.kdreams.jp/hiratsuka/racedetail/3520260928010009/?pageType=result,2026-10-02T14:59:54.117714+00:00
3520260928010010,2026-09-28,平塚競輪,F2,A1/A2,10,Ａ級特予選,19:44,19:39,7,https://keirin.kdreams.jp/hiratsuka/racedetail/3520260928010010/?pageType=result,2026-10-02T14:59:56.354985+00:00
3520260928010011,2026-09-28,平塚競輪,F2,A1/A2,11,Ａ級初日特選,20:14,20:09,7,https://keirin.kdreams.jp/hiratsuka/racedetail/3520260928010011/?pageType=result,2026-10-02T14:59:58.869569+00:00
6220260928010001,2026-09-28,広島競輪,F1,A1/A2,1,Ａ級予選,10:45,10:40,7,https://keirin.kdreams.jp/hiroshima/racedetail/6220260928010001/?pageType=result,2026-10-02T15:00:22.699514+00:00
6220260928010002,2026-09-28,広島競輪,F1,A1/A2,2,Ａ級予選,11:09,11:04,7,https://keirin.kdreams.jp/hiroshima/racedetail/6220260928010002/?pageType=result,2026-10-02T15:00:24.910978+00:00
6220260928010003,2026-09-28,広島競輪,F1,A1/A2,3,Ａ級予選,11:33,11:28,7,https://keirin.kdreams.jp/hiroshima/racedetail/6220260928010003/?pageType=result,2026-10-02T15:00:26.965287+00:00
6220260928010004,2026-09-28,広島競輪,F1,A1/A2,4,Ａ級予選,11:57,11:52,7,https://keirin.kdreams.jp/hiroshima/racedetail/6220260928010004/?pageType=result,2026-10-02T15:00:29.122157+00:00
6220260928010005,2026-09-28,広島競輪,F1,A1/A2,5,Ａ級初日特選,12:21,12:16,7,https://keirin.kdreams.jp/hiroshima/racedetail/6220260928010005/?pageType=result,2026-10-02T15:00:31.271635+00:00
8420260927020001,2026-09-28,武雄競輪,F1,A1/A2,1,Ａ級一般,10:53,10:48,7,https://keirin.kdreams.jp/takeo/racedetail/8420260927020001/?pageType=result,2026-10-02T14:58:43.887064+00:00
8420260927020002,2026-09-28,武雄競輪,F1,A1/A2,2,Ａ級一般,11:17,11:12,7,https://keirin.kdreams.jp/takeo/racedetail/8420260927020002/?pageType=result,2026-10-02T14:58:46.095459+00:00
8420260927020003,2026-09-28,武雄競輪,F1,A1/A2,3,Ａ級準決勝,11:41,11:36,7,https://keirin.kdreams.jp/takeo/racedetail/8420260927020003/?pageType=result,2026-10-02T14:58:48.842411+00:00
8420260927020004,2026-09-28,武雄競輪,F1,A1/A2,4,Ａ級準決勝,12:05,12:00,7,https://keirin.kdreams.jp/takeo/racedetail/8420260927020004/?pageType=result,2026-10-02T14:58:50.979340+00:00
8420260927020005,2026-09-28,武雄競輪,F1,A1/A2,5,Ａ級準決勝,12:29,12:24,7,https://keirin.kdreams.jp/takeo/racedetail/8420260927020005/?pageType=result,2026-10-02T14:58:53.282124+00:00
6120260927020003,2026-09-28,玉野競輪,F2,A1/A2,3,Ａ級一般,21:30,21:25,7,https://keirin.kdreams.jp/tamano/racedetail/6120260927020003/?pageType=result,2026-10-02T14:59:20.338857+00:00
6120260927020004,2026-09-28,玉野競輪,F2,A1/A2,4,Ａ級一般,21:50,21:45,7,https://keirin.kdreams.jp/tamano/racedetail/6120260927020004/?pageType=result,2026-10-02T14:59:22.232150+00:00
6120260927020005,2026-09-28,玉野競輪,F2,A1/A2,5,Ａ級選抜,22:10,22:05,7,https://keirin.kdreams.jp/tamano/racedetail/6120260927020005/?pageType=result,2026-10-02T14:59:24.686976+00:00
6120260927020006,2026-09-28,玉野競輪,F2,A1/A2,6,Ａ級選抜,22:30,22:25,7,https://keirin.kdreams.jp/tamano/racedetail/6120260927020006/?pageType=result,2026-10-02T14:59:26.579914+00:00
6120260927020007,2026-09-28,玉野競輪,F2,A1/A2,7,Ａ級準決勝,22:50,22:45,7,https://keirin.kdreams.jp/tamano/racedetail/6120260927020007/?pageType=result,2026-10-02T14:59:28.929826+00:00
6120260927020008,2026-09-28,玉野競輪,F2,A1/A2,8,Ａ級準決勝,23:10,23:05,7,https://keirin.kdreams.jp/tamano/racedetail/6120260927020008/?pageType=result,2026-10-02T14:59:31.187853+00:00
6120260927020009,2026-09-28,玉野競輪,F2,A1/A2,9,Ａ級準決勝,23:30,23:25,7,https://keirin.kdreams.jp/tamano/racedetail/6120260927020009/?pageType=result,2026-10-02T14:59:32.950048+00:00
1220260926030001,2026-09-28,青森競輪,F2,A1/A2,1,Ａ級一般,08:30,08:25,6,https://keirin.kdreams.jp/aomori/racedetail/1220260926030001/?pageType=result,2026-10-02T14:57:00.606211+00:00
1220260926030002,2026-09-28,青森競輪,F2,A1/A2,2,Ａ級一般,08:50,08:45,6,https://keirin.kdreams.jp/aomori/racedetail/1220260926030002/?pageType=result,2026-10-02T14:57:02.541566+00:00
1220260926030003,2026-09-28,青森競輪,F2,A1/A2,3,Ａ級一般,09:11,09:06,7,https://keirin.kdreams.jp/aomori/racedetail/1220260926030003/?pageType=result,2026-10-02T14:57:04.617092+00:00
1220260926030004,2026-09-28,青森競輪,F2,A1/A2,4,Ａ級特選,09:32,09:27,7,https://keirin.kdreams.jp/aomori/racedetail/1220260926030004/?pageType=result,2026-10-02T14:57:06.646513+00:00
1220260926030005,2026-09-28,青森競輪,F2,A1/A2,5,Ａ級特選,09:53,09:48,7,https://keirin.kdreams.jp/aomori/racedetail/1220260926030005/?pageType=result,2026-10-02T14:57:08.662990+00:00
1220260926030006,2026-09-28,青森競輪,F2,A1/A2,6,Ａ級特選,10:14,10:09,7,https://keirin.kdreams.jp/aomori/racedetail/1220260926030006/?pageType=result,2026-10-02T14:57:10.641639+00:00
1220260926030007,2026-09-28,青森競輪,F2,A1/A2,7,Ａ級決勝,10:35,10:30,7,https://keirin.kdreams.jp/aomori/racedetail/1220260926030007/?pageType=result,2026-10-02T14:57:12.702580+00:00
1320260927030002,2026-09-29,いわき平競輪,F2,A1/A2,2,Ａ級一般,21:00,20:55,7,https://keirin.kdreams.jp/iwakitaira/racedetail/1320260927030002/?pageType=result,2026-10-02T14:58:17.311618+00:00
1320260927030003,2026-09-29,いわき平競輪,F2,A1/A2,3,Ａ級一般,21:20,21:15,7,https://keirin.kdreams.jp/iwakitaira/racedetail/1320260927030003/?pageType=result,2026-10-02T14:58:19.322762+00:00
1320260927030004,2026-09-29,いわき平競輪,F2,A1/A2,4,Ａ級一般,21:40,21:35,7,https://keirin.kdreams.jp/iwakitaira/racedetail/1320260927030004/?pageType=result,2026-10-02T14:58:21.532481+00:00
1320260927030005,2026-09-29,いわき平競輪,F2,A1/A2,5,Ａ級特選,22:00,21:55,7,https://keirin.kdreams.jp/iwakitaira/racedetail/1320260927030005/?pageType=result,2026-10-02T14:58:24.026332+00:00
1320260927030006,2026-09-29,いわき平競輪,F2,A1/A2,6,Ａ級特選,22:20,22:15,7,https://keirin.kdreams.jp/iwakitaira/racedetail/1320260927030006/?pageType=result,2026-10-02T14:58:26.354694+00:00
1320260927030007,2026-09-29,いわき平競輪,F2,A1/A2,7,Ａ級特選,22:40,22:35,7,https://keirin.kdreams.jp/iwakitaira/racedetail/1320260927030007/?pageType=result,2026-10-02T14:58:28.505198+00:00
1320260927030009,2026-09-29,いわき平競輪,F2,A1/A2,9,Ａ級決勝,23:20,23:15,7,https://keirin.kdreams.jp/iwakitaira/racedetail/1320260927030009/?pageType=result,2026-10-02T14:58:30.842426+00:00
3520260928020007,2026-09-29,平塚競輪,F2,A1/A2,7,Ａ級特一般,18:14,18:09,6,https://keirin.kdreams.jp/hiratsuka/racedetail/3520260928020007/?pageType=result,2026-10-02T15:00:00.688916+00:00
3520260928020008,2026-09-29,平塚競輪,F2,A1/A2,8,Ａ級特一般,18:44,18:39,7,https://keirin.kdreams.jp/hiratsuka/racedetail/3520260928020008/?pageType=result,2026-10-02T15:00:03.227717+00:00
3520260928020009,2026-09-29,平塚競輪,F2,A1/A2,9,Ａ級準決勝,19:14,19:09,7,https://keirin.kdreams.jp/hiratsuka/racedetail/3520260928020009/?pageType=result,2026-10-02T15:00:05.325205+00:00
3520260928020010,2026-09-29,平塚競輪,F2,A1/A2,10,Ａ級準決勝,19:44,19:39,7,https://keirin.kdreams.jp/hiratsuka/racedetail/3520260928020010/?pageType=result,2026-10-02T15:00:07.441781+00:00
3520260928020011,2026-09-29,平塚競輪,F2,A1/A2,11,Ａ級準決勝,20:14,20:09,7,https://keirin.kdreams.jp/hiratsuka/racedetail/3520260928020011/?pageType=result,2026-10-02T15:00:09.680585+00:00
6220260928020001,2026-09-29,広島競輪,F1,A1/A2,1,Ａ級一般,10:45,10:40,7,https://keirin.kdreams.jp/hiroshima/racedetail/6220260928020001/?pageType=result,2026-10-02T15:00:33.475665+00:00
6220260928020002,2026-09-29,広島競輪,F1,A1/A2,2,Ａ級一般,11:11,11:06,7,https://keirin.kdreams.jp/hiroshima/racedetail/6220260928020002/?pageType=result,2026-10-02T15:00:35.407578+00:00
6220260928020003,2026-09-29,広島競輪,F1,A1/A2,3,Ａ級準決勝,11:37,11:32,7,https://keirin.kdreams.jp/hiroshima/racedetail/6220260928020003/?pageType=result,2026-10-02T15:00:37.869683+00:00
6220260928020004,2026-09-29,広島競輪,F1,A1/A2,4,Ａ級準決勝,12:03,11:58,7,https://keirin.kdreams.jp/hiroshima/racedetail/6220260928020004/?pageType=result,2026-10-02T15:00:39.807421+00:00
6220260928020005,2026-09-29,広島競輪,F1,A1/A2,5,Ａ級準決勝,12:29,12:24,7,https://keirin.kdreams.jp/hiroshima/racedetail/6220260928020005/?pageType=result,2026-10-02T15:00:42.186777+00:00
8420260927030001,2026-09-29,武雄競輪,F1,A1/A2,1,Ａ級一般,10:58,10:53,7,https://keirin.kdreams.jp/takeo/racedetail/8420260927030001/?pageType=result,2026-10-02T14:58:55.522051+00:00
8420260927030002,2026-09-29,武雄競輪,F1,A1/A2,2,Ａ級一般,11:24,11:19,7,https://keirin.kdreams.jp/takeo/racedetail/8420260927030002/?pageType=result,2026-10-02T14:58:57.550018+00:00
8420260927030003,2026-09-29,武雄競輪,F1,A1/A2,3,Ａ級特選,11:50,11:45,7,https://keirin.kdreams.jp/takeo/racedetail/8420260927030003/?pageType=result,2026-10-02T14:58:59.443119+00:00
8420260927030004,2026-09-29,武雄競輪,F1,A1/A2,4,Ａ級特選,12:16,12:11,7,https://keirin.kdreams.jp/takeo/racedetail/8420260927030004/?pageType=result,2026-10-02T14:59:01.550709+00:00
8420260927030011,2026-09-29,武雄競輪,F1,A1/A2,11,Ａ級決勝,15:31,15:26,7,https://keirin.kdreams.jp/takeo/racedetail/8420260927030011/?pageType=result,2026-10-02T14:59:03.693441+00:00
6120260927030002,2026-09-29,玉野競輪,F2,A1/A2,2,Ａ級一般,21:10,21:05,7,https://keirin.kdreams.jp/tamano/racedetail/6120260927030002/?pageType=result,2026-10-02T14:59:35.227976+00:00
6120260927030003,2026-09-29,玉野競輪,F2,A1/A2,3,Ａ級一般,21:30,21:25,7,https://keirin.kdreams.jp/tamano/racedetail/6120260927030003/?pageType=result,2026-10-02T14:59:36.915175+00:00
6120260927030004,2026-09-29,玉野競輪,F2,A1/A2,4,Ａ級一般,21:50,21:45,7,https://keirin.kdreams.jp/tamano/racedetail/6120260927030004/?pageType=result,2026-10-02T14:59:39.354171+00:00
6120260927030005,2026-09-29,玉野競輪,F2,A1/A2,5,Ａ級特選,22:10,22:05,7,https://keirin.kdreams.jp/tamano/racedetail/6120260927030005/?pageType=result,2026-10-02T14:59:41.600728+00:00
6120260927030006,2026-09-29,玉野競輪,F2,A1/A2,6,Ａ級特選,22:30,22:25,7,https://keirin.kdreams.jp/tamano/racedetail/6120260927030006/?pageType=result,2026-10-02T14:59:43.597493+00:00
6120260927030007,2026-09-29,玉野競輪,F2,A1/A2,7,Ａ級特選,22:50,22:45,7,https://keirin.kdreams.jp/tamano/racedetail/6120260927030007/?pageType=result,2026-10-02T14:59:45.691270+00:00
6120260927030009,2026-09-29,玉野競輪,F2,A1/A2,9,Ａ級決勝,23:30,23:25,7,https://keirin.kdreams.jp/tamano/racedetail/6120260927030009/?pageType=result,2026-10-02T14:59:47.846169+00:00
6320260929010001,2026-09-29,防府競輪,F2,A1/A2,1,Ａ級予選,08:30,08:25,7,https://keirin.kdreams.jp/hofu/racedetail/6320260929010001/?pageType=result,2026-10-02T15:00:55.168550+00:00
6320260929010002,2026-09-29,防府競輪,F2,A1/A2,2,Ａ級予選,08:50,08:45,7,https://keirin.kdreams.jp/hofu/racedetail/6320260929010002/?pageType=result,2026-10-02T15:00:57.422100+00:00
6320260929010003,2026-09-29,防府競輪,F2,A1/A2,3,Ａ級予選,09:11,09:06,7,https://keirin.kdreams.jp/hofu/racedetail/6320260929010003/?pageType=result,2026-10-02T15:00:59.725805+00:00
6320260929010004,2026-09-29,防府競輪,F2,A1/A2,4,Ａ級予選,09:32,09:27,7,https://keirin.kdreams.jp/hofu/racedetail/6320260929010004/?pageType=result,2026-10-02T15:01:01.679644+00:00
6320260929010005,2026-09-29,防府競輪,F2,A1/A2,5,Ａ級予選,09:53,09:48,7,https://keirin.kdreams.jp/hofu/racedetail/6320260929010005/?pageType=result,2026-10-02T15:01:03.987059+00:00
6320260929010006,2026-09-29,防府競輪,F2,A1/A2,6,Ａ級予選,10:14,10:09,7,https://keirin.kdreams.jp/hofu/racedetail/6320260929010006/?pageType=result,2026-10-02T15:01:06.138605+00:00
6320260929010007,2026-09-29,防府競輪,F2,A1/A2,7,Ａ級初日特選,10:35,10:30,7,https://keirin.kdreams.jp/hofu/racedetail/6320260929010007/?pageType=result,2026-10-02T15:01:07.316967+00:00
8520260930010003,2026-09-30,佐世保競輪,F2,A1/A2,3,Ａ級特予選,09:20,09:15,7,https://keirin.kdreams.jp/sasebo/racedetail/8520260930010003/?pageType=result,2026-10-02T15:02:08.568567+00:00
8520260930010004,2026-09-30,佐世保競輪,F2,A1/A2,4,Ａ級特予選,09:40,09:35,7,https://keirin.kdreams.jp/sasebo/racedetail/8520260930010004/?pageType=result,2026-10-02T15:02:10.673727+00:00
8520260930010005,2026-09-30,佐世保競輪,F2,A1/A2,5,Ａ級特予選,10:00,09:55,7,https://keirin.kdreams.jp/sasebo/racedetail/8520260930010005/?pageType=result,2026-10-02T15:02:12.910353+00:00
8520260930010006,2026-09-30,佐世保競輪,F2,A1/A2,6,Ａ級特予選,10:20,10:15,7,https://keirin.kdreams.jp/sasebo/racedetail/8520260930010006/?pageType=result,2026-10-02T15:02:15.256998+00:00
8520260930010007,2026-09-30,佐世保競輪,F2,A1/A2,7,Ａ級初日特選,10:40,10:35,7,https://keirin.kdreams.jp/sasebo/racedetail/8520260930010007/?pageType=result,2026-10-02T15:02:17.497060+00:00
3520260928030005,2026-09-30,平塚競輪,F2,A1/A2,5,Ａ級特一般,17:40,17:35,7,https://keirin.kdreams.jp/hiratsuka/racedetail/3520260928030005/?pageType=result,2026-10-02T15:00:11.750807+00:00
3520260928030006,2026-09-30,平塚競輪,F2,A1/A2,6,Ａ級特一般,18:08,18:03,7,https://keirin.kdreams.jp/hiratsuka/racedetail/3520260928030006/?pageType=result,2026-10-02T15:00:13.974830+00:00
3520260928030007,2026-09-30,平塚競輪,F2,A1/A2,7,Ａ級特選,18:36,18:31,7,https://keirin.kdreams.jp/hiratsuka/racedetail/3520260928030007/?pageType=result,2026-10-02T15:00:16.041705+00:00
3520260928030008,2026-09-30,平塚競輪,F2,A1/A2,8,Ａ級特選,19:04,18:59,7,https://keirin.kdreams.jp/hiratsuka/racedetail/3520260928030008/?pageType=result,2026-10-02T15:00:18.331999+00:00
3520260928030011,2026-09-30,平塚競輪,F2,A1/A2,11,Ａ級決勝,20:30,20:25,7,https://keirin.kdreams.jp/hiratsuka/racedetail/3520260928030011/?pageType=result,2026-10-02T15:00:20.731104+00:00
6220260928030001,2026-09-30,広島競輪,F1,A1/A2,1,Ａ級一般,10:45,10:40,7,https://keirin.kdreams.jp/hiroshima/racedetail/6220260928030001/?pageType=result,2026-10-02T15:00:44.324158+00:00
6220260928030002,2026-09-30,広島競輪,F1,A1/A2,2,Ａ級一般,11:14,11:09,7,https://keirin.kdreams.jp/hiroshima/racedetail/6220260928030002/?pageType=result,2026-10-02T15:00:46.260721+00:00
6220260928030003,2026-09-30,広島競輪,F1,A1/A2,3,Ａ級特選,11:43,11:38,7,https://keirin.kdreams.jp/hiroshima/racedetail/6220260928030003/?pageType=result,2026-10-02T15:00:48.741113+00:00
6220260928030004,2026-09-30,広島競輪,F1,A1/A2,4,Ａ級特選,12:12,12:07,7,https://keirin.kdreams.jp/hiroshima/racedetail/6220260928030004/?pageType=result,2026-10-02T15:00:50.695091+00:00
6220260928030005,2026-09-30,広島競輪,F1,A1/A2,5,Ａ級決勝,12:41,12:36,7,https://keirin.kdreams.jp/hiroshima/racedetail/6220260928030005/?pageType=result,2026-10-02T15:00:52.840252+00:00
6320260929020001,2026-09-30,防府競輪,F2,A1/A2,1,Ａ級一般,08:30,08:25,7,https://keirin.kdreams.jp/hofu/racedetail/6320260929020001/?pageType=result,2026-10-02T15:01:08.442828+00:00
6320260929020002,2026-09-30,防府競輪,F2,A1/A2,2,Ａ級一般,08:50,08:45,7,https://keirin.kdreams.jp/hofu/racedetail/6320260929020002/?pageType=result,2026-10-02T15:01:09.890918+00:00
6320260929020003,2026-09-30,防府競輪,F2,A1/A2,3,Ａ級選抜,09:10,09:05,7,https://keirin.kdreams.jp/hofu/racedetail/6320260929020003/?pageType=result,2026-10-02T15:01:12.705337+00:00
6320260929020004,2026-09-30,防府競輪,F2,A1/A2,4,Ａ級選抜,09:30,09:25,7,https://keirin.kdreams.jp/hofu/racedetail/6320260929020004/?pageType=result,2026-10-02T15:01:14.739390+00:00
6320260929020005,2026-09-30,防府競輪,F2,A1/A2,5,Ａ級準決勝,09:50,09:45,7,https://keirin.kdreams.jp/hofu/racedetail/6320260929020005/?pageType=result,2026-10-02T15:01:17.023447+00:00
6320260929020006,2026-09-30,防府競輪,F2,A1/A2,6,Ａ級準決勝,10:10,10:05,7,https://keirin.kdreams.jp/hofu/racedetail/6320260929020006/?pageType=result,2026-10-02T15:01:19.146114+00:00
6320260929020007,2026-09-30,防府競輪,F2,A1/A2,7,Ａ級準決勝,10:30,10:25,7,https://keirin.kdreams.jp/hofu/racedetail/6320260929020007/?pageType=result,2026-10-02T15:01:21.184339+00:00
1220260930010003,2026-09-30,青森競輪,F2,A1/A2,3,Ａ級特予選,21:37,21:32,7,https://keirin.kdreams.jp/aomori/racedetail/1220260930010003/?pageType=result,2026-10-02T15:01:38.590683+00:00
1220260930010004,2026-09-30,青森競輪,F2,A1/A2,4,Ａ級特予選,22:01,21:56,7,https://keirin.kdreams.jp/aomori/racedetail/1220260930010004/?pageType=result,2026-10-02T15:01:40.563615+00:00
1220260930010005,2026-09-30,青森競輪,F2,A1/A2,5,Ａ級特予選,22:27,22:22,7,https://keirin.kdreams.jp/aomori/racedetail/1220260930010005/?pageType=result,2026-10-02T15:01:42.519722+00:00
1220260930010006,2026-09-30,青森競輪,F2,A1/A2,6,Ａ級特予選,22:54,22:49,7,https://keirin.kdreams.jp/aomori/racedetail/1220260930010006/?pageType=result,2026-10-02T15:01:44.525792+00:00
1220260930010007,2026-09-30,青森競輪,F2,A1/A2,7,Ａ級初日特選,23:21,23:16,7,https://keirin.kdreams.jp/aomori/racedetail/1220260930010007/?pageType=result,2026-10-02T15:01:46.509177+00:00
8320261001010007,2026-10-01,久留米競輪,F2,A1/A2,7,Ａ級特予選,18:30,18:25,7,https://keirin.kdreams.jp/kurume/racedetail/8320261001010007/?pageType=result,2026-10-02T15:03:08.793016+00:00
8320261001010008,2026-10-01,久留米競輪,F2,A1/A2,8,Ａ級特予選,18:56,18:51,7,https://keirin.kdreams.jp/kurume/racedetail/8320261001010008/?pageType=result,2026-10-02T15:03:10.753360+00:00
8320261001010009,2026-10-01,久留米競輪,F2,A1/A2,9,Ａ級特予選,19:22,19:17,7,https://keirin.kdreams.jp/kurume/racedetail/8320261001010009/?pageType=result,2026-10-02T15:03:12.964809+00:00
8320261001010010,2026-10-01,久留米競輪,F2,A1/A2,10,Ａ級特予選,19:48,19:43,7,https://keirin.kdreams.jp/kurume/racedetail/8320261001010010/?pageType=result,2026-10-02T15:03:15.208771+00:00
8320261001010011,2026-10-01,久留米競輪,F2,A1/A2,11,Ａ級初日特選,20:16,20:11,7,https://keirin.kdreams.jp/kurume/racedetail/8320261001010011/?pageType=result,2026-10-02T15:03:17.224052+00:00
8520260930020003,2026-10-01,佐世保競輪,F2,A1/A2,3,Ａ級特一般,09:20,09:15,7,https://keirin.kdreams.jp/sasebo/racedetail/8520260930020003/?pageType=result,2026-10-02T15:02:19.601581+00:00
8520260930020004,2026-10-01,佐世保競輪,F2,A1/A2,4,Ａ級特一般,09:40,09:35,7,https://keirin.kdreams.jp/sasebo/racedetail/8520260930020004/?pageType=result,2026-10-02T15:02:22.186812+00:00
8520260930020005,2026-10-01,佐世保競輪,F2,A1/A2,5,Ａ級準決勝,10:00,09:55,7,https://keirin.kdreams.jp/sasebo/racedetail/8520260930020005/?pageType=result,2026-10-02T15:02:24.208584+00:00
8520260930020006,2026-10-01,佐世保競輪,F2,A1/A2,6,Ａ級準決勝,10:20,10:15,7,https://keirin.kdreams.jp/sasebo/racedetail/8520260930020006/?pageType=result,2026-10-02T15:02:26.254874+00:00
8520260930020007,2026-10-01,佐世保競輪,F2,A1/A2,7,Ａ級準決勝,10:40,10:35,7,https://keirin.kdreams.jp/sasebo/racedetail/8520260930020007/?pageType=result,2026-10-02T15:02:28.019976+00:00
2520261001010001,2026-10-01,大宮競輪,F1,A1/A2,1,Ａ級予選,10:45,10:40,7,https://keirin.kdreams.jp/omiya/racedetail/2520261001010001/?pageType=result,2026-10-02T15:03:38.505771+00:00
2520261001010002,2026-10-01,大宮競輪,F1,A1/A2,2,Ａ級予選,11:12,11:07,7,https://keirin.kdreams.jp/omiya/racedetail/2520261001010002/?pageType=result,2026-10-02T15:03:40.919113+00:00
2520261001010003,2026-10-01,大宮競輪,F1,A1/A2,3,Ａ級予選,11:40,11:35,7,https://keirin.kdreams.jp/omiya/racedetail/2520261001010003/?pageType=result,2026-10-02T15:03:42.861279+00:00
2520261001010004,2026-10-01,大宮競輪,F1,A1/A2,4,Ａ級予選,12:08,12:03,7,https://keirin.kdreams.jp/omiya/racedetail/2520261001010004/?pageType=result,2026-10-02T15:03:45.225200+00:00
2520261001010005,2026-10-01,大宮競輪,F1,A1/A2,5,Ａ級初日特選,12:36,12:31,7,https://keirin.kdreams.jp/omiya/racedetail/2520261001010005/?pageType=result,2026-10-02T15:03:47.267432+00:00
3420261001010001,2026-10-01,川崎競輪,F1,A1/A2,1,Ａ級予選,15:55,15:50,7,https://keirin.kdreams.jp/kawasaki/racedetail/3420261001010001/?pageType=result,2026-10-02T15:02:39.530250+00:00
3420261001010002,2026-10-01,川崎競輪,F1,A1/A2,2,Ａ級予選,16:18,16:13,7,https://keirin.kdreams.jp/kawasaki/racedetail/3420261001010002/?pageType=result,2026-10-02T15:02:41.538358+00:00
3420261001010003,2026-10-01,川崎競輪,F1,A1/A2,3,Ａ級予選,16:42,16:37,7,https://keirin.kdreams.jp/kawasaki/racedetail/3420261001010003/?pageType=result,2026-10-02T15:02:43.387023+00:00
3420261001010004,2026-10-01,川崎競輪,F1,A1/A2,4,Ａ級予選,17:06,17:01,7,https://keirin.kdreams.jp/kawasaki/racedetail/3420261001010004/?pageType=result,2026-10-02T15:02:45.229439+00:00
3420261001010005,2026-10-01,川崎競輪,F1,A1/A2,5,Ａ級初日特選,17:30,17:25,7,https://keirin.kdreams.jp/kawasaki/racedetail/3420261001010005/?pageType=result,2026-10-02T15:02:47.179703+00:00
6320260929030001,2026-10-01,防府競輪,F2,A1/A2,1,Ａ級一般,08:30,08:25,6,https://keirin.kdreams.jp/hofu/racedetail/6320260929030001/?pageType=result,2026-10-02T15:01:23.288366+00:00
6320260929030002,2026-10-01,防府競輪,F2,A1/A2,2,Ａ級一般,08:50,08:45,6,https://keirin.kdreams.jp/hofu/racedetail/6320260929030002/?pageType=result,2026-10-02T15:01:25.286141+00:00
6320260929030003,2026-10-01,防府競輪,F2,A1/A2,3,Ａ級一般,09:10,09:05,6,https://keirin.kdreams.jp/hofu/racedetail/6320260929030003/?pageType=result,2026-10-02T15:01:27.530275+00:00
6320260929030004,2026-10-01,防府競輪,F2,A1/A2,4,Ａ級特選,09:30,09:25,7,https://keirin.kdreams.jp/hofu/racedetail/6320260929030004/?pageType=result,2026-10-02T15:01:29.754283+00:00
6320260929030005,2026-10-01,防府競輪,F2,A1/A2,5,Ａ級特選,09:50,09:45,7,https://keirin.kdreams.jp/hofu/racedetail/6320260929030005/?pageType=result,2026-10-02T15:01:32.100265+00:00
6320260929030006,2026-10-01,防府競輪,F2,A1/A2,6,Ａ級特選,10:10,10:05,7,https://keirin.kdreams.jp/hofu/racedetail/6320260929030006/?pageType=result,2026-10-02T15:01:34.415184+00:00
6320260929030007,2026-10-01,防府競輪,F2,A1/A2,7,Ａ級決勝,10:30,10:25,7,https://keirin.kdreams.jp/hofu/racedetail/6320260929030007/?pageType=result,2026-10-02T15:01:36.647774+00:00
1220260930020003,2026-10-01,青森競輪,F2,A1/A2,3,Ａ級特一般,21:37,21:32,7,https://keirin.kdreams.jp/aomori/racedetail/1220260930020003/?pageType=result,2026-10-02T15:01:48.683158+00:00
1220260930020004,2026-10-01,青森競輪,F2,A1/A2,4,Ａ級特一般,22:01,21:56,7,https://keirin.kdreams.jp/aomori/racedetail/1220260930020004/?pageType=result,2026-10-02T15:01:50.646723+00:00
1220260930020005,2026-10-01,青森競輪,F2,A1/A2,5,Ａ級準決勝,22:27,22:22,7,https://keirin.kdreams.jp/aomori/racedetail/1220260930020005/?pageType=result,2026-10-02T15:01:52.760865+00:00
1220260930020006,2026-10-01,青森競輪,F2,A1/A2,6,Ａ級準決勝,22:54,22:49,7,https://keirin.kdreams.jp/aomori/racedetail/1220260930020006/?pageType=result,2026-10-02T15:01:54.750535+00:00
1220260930020007,2026-10-01,青森競輪,F2,A1/A2,7,Ａ級準決勝,23:21,23:16,7,https://keirin.kdreams.jp/aomori/racedetail/1220260930020007/?pageType=result,2026-10-02T15:01:56.954706+00:00
8320261001020007,2026-10-02,久留米競輪,F2,A1/A2,7,Ａ級特一般,18:30,18:25,7,https://keirin.kdreams.jp/kurume/racedetail/8320261001020007/?pageType=result,2026-10-02T15:03:19.504936+00:00
8320261001020008,2026-10-02,久留米競輪,F2,A1/A2,8,Ａ級特一般,18:56,18:51,7,https://keirin.kdreams.jp/kurume/racedetail/8320261001020008/?pageType=result,2026-10-02T15:03:21.687651+00:00
8320261001020009,2026-10-02,久留米競輪,F2,A1/A2,9,Ａ級準決勝,19:22,19:17,7,https://keirin.kdreams.jp/kurume/racedetail/8320261001020009/?pageType=result,2026-10-02T15:03:23.677574+00:00
8320261001020010,2026-10-02,久留米競輪,F2,A1/A2,10,Ａ級準決勝,19:48,19:43,7,https://keirin.kdreams.jp/kurume/racedetail/8320261001020010/?pageType=result,2026-10-02T15:03:25.554582+00:00
8320261001020011,2026-10-02,久留米競輪,F2,A1/A2,11,Ａ級準決勝,20:16,20:11,7,https://keirin.kdreams.jp/kurume/racedetail/8320261001020011/?pageType=result,2026-10-02T15:03:27.387536+00:00
8520260930030002,2026-10-02,佐世保競輪,F2,A1/A2,2,Ａ級特一般,08:50,08:45,7,https://keirin.kdreams.jp/sasebo/racedetail/8520260930030002/?pageType=result,2026-10-02T15:02:30.015365+00:00
8520260930030003,2026-10-02,佐世保競輪,F2,A1/A2,3,Ａ級特一般,09:11,09:06,7,https://keirin.kdreams.jp/sasebo/racedetail/8520260930030003/?pageType=result,2026-10-02T15:02:32.212011+00:00
8520260930030004,2026-10-02,佐世保競輪,F2,A1/A2,4,Ａ級特選,09:32,09:27,7,https://keirin.kdreams.jp/sasebo/racedetail/8520260930030004/?pageType=result,2026-10-02T15:02:34.250838+00:00
8520260930030005,2026-10-02,佐世保競輪,F2,A1/A2,5,Ａ級特選,09:53,09:48,7,https://keirin.kdreams.jp/sasebo/racedetail/8520260930030005/?pageType=result,2026-10-02T15:02:35.882924+00:00
8520260930030007,2026-10-02,佐世保競輪,F2,A1/A2,7,Ａ級決勝,10:35,10:30,7,https://keirin.kdreams.jp/sasebo/racedetail/8520260930030007/?pageType=result,2026-10-02T15:02:37.663603+00:00
2520261001020001,2026-10-02,大宮競輪,F1,A1/A2,1,Ａ級一般,10:45,10:40,7,https://keirin.kdreams.jp/omiya/racedetail/2520261001020001/?pageType=result,2026-10-02T15:03:49.443208+00:00
2520261001020002,2026-10-02,大宮競輪,F1,A1/A2,2,Ａ級一般,11:12,11:07,7,https://keirin.kdreams.jp/omiya/racedetail/2520261001020002/?pageType=result,2026-10-02T15:03:51.525421+00:00
2520261001020003,2026-10-02,大宮競輪,F1,A1/A2,3,Ａ級準決勝,11:40,11:35,7,https://keirin.kdreams.jp/omiya/racedetail/2520261001020003/?pageType=result,2026-10-02T15:03:53.536549+00:00
2520261001020004,2026-10-02,大宮競輪,F1,A1/A2,4,Ａ級準決勝,12:08,12:03,7,https://keirin.kdreams.jp/omiya/racedetail/2520261001020004/?pageType=result,2026-10-02T15:03:55.754736+00:00
2520261001020005,2026-10-02,大宮競輪,F1,A1/A2,5,Ａ級準決勝,12:36,12:31,7,https://keirin.kdreams.jp/omiya/racedetail/2520261001020005/?pageType=result,2026-10-02T15:03:57.938194+00:00
3420261001020001,2026-10-02,川崎競輪,F1,A1/A2,1,Ａ級一般,15:55,15:50,7,https://keirin.kdreams.jp/kawasaki/racedetail/3420261001020001/?pageType=result,2026-10-02T15:02:49.538768+00:00
3420261001020002,2026-10-02,川崎競輪,F1,A1/A2,2,Ａ級一般,16:18,16:13,7,https://keirin.kdreams.jp/kawasaki/racedetail/3420261001020002/?pageType=result,2026-10-02T15:02:51.179407+00:00
3420261001020003,2026-10-02,川崎競輪,F1,A1/A2,3,Ａ級準決勝,16:42,16:37,7,https://keirin.kdreams.jp/kawasaki/racedetail/3420261001020003/?pageType=result,2026-10-02T15:02:53.340304+00:00
3420261001020004,2026-10-02,川崎競輪,F1,A1/A2,4,Ａ級準決勝,17:06,17:01,7,https://keirin.kdreams.jp/kawasaki/racedetail/3420261001020004/?pageType=result,2026-10-02T15:02:55.280253+00:00
3420261001020005,2026-10-02,川崎競輪,F1,A1/A2,5,Ａ級準決勝,17:30,17:25,7,https://keirin.kdreams.jp/kawasaki/racedetail/3420261001020005/?pageType=result,2026-10-02T15:02:57.222355+00:00
1220260930030002,2026-10-02,青森競輪,F2,A1/A2,2,Ａ級特一般,21:13,21:08,7,https://keirin.kdreams.jp/aomori/racedetail/1220260930030002/?pageType=result,2026-10-02T15:01:58.776860+00:00
1220260930030003,2026-10-02,青森競輪,F2,A1/A2,3,Ａ級特一般,21:37,21:32,7,https://keirin.kdreams.jp/aomori/racedetail/1220260930030003/?pageType=result,2026-10-02T15:02:00.471405+00:00
1220260930030004,2026-10-02,青森競輪,F2,A1/A2,4,Ａ級特選,22:01,21:56,7,https://keirin.kdreams.jp/aomori/racedetail/1220260930030004/?pageType=result,2026-10-02T15:02:02.453923+00:00
1220260930030005,2026-10-02,青森競輪,F2,A1/A2,5,Ａ級特選,22:27,22:22,7,https://keirin.kdreams.jp/aomori/racedetail/1220260930030005/?pageType=result,2026-10-02T15:02:04.368353+00:00
1220260930030007,2026-10-02,青森競輪,F2,A1/A2,7,Ａ級決勝,23:21,23:16,7,https://keirin.kdreams.jp/aomori/racedetail/1220260930030007/?pageType=result,2026-10-02T15:02:06.087818+00:00
