race_id,race_date,track,race_no,participate,first_candidates,second_candidates,third_candidates,actual_1st,actual_2nd,actual_3rd,hit_1st,hit_2nd,hit_3rd,complete_capture,candidate_cells,first_gap,line_strength_spread
8620240311010008,2024-03-11,別府競輪,8,1,1,1-2-4,2-3-4-7,1,4,7,1,1,1,1,8,41.100444364046304,7.486666666666665
8620240311010009,2024-03-11,別府競輪,9,1,2-3,2-3,1-3-4-7,4,1,5,0,0,0,0,8,8.38869974167001,16.3925
8620240311010010,2024-03-11,別府競輪,10,1,1-2,1-2-5,1-4-5-7,2,1,4,1,1,1,1,9,3.6851549179374103,18.039999999999992
8620240311010011,2024-03-11,別府競輪,11,1,4-7,1-4-7,2-4-5,4,7,2,1,1,1,1,8,3.861921813207829,17.72166666666665
8620240311010012,2024-03-11,別府競輪,12,1,3-4,3-4,1-2-4-6,4,2,7,1,0,0,0,8,8.995887520156202,31.292500000000018
4820240309030006,2024-03-11,四日市競輪,6,1,2-4,1-2-5,3-4-5-6,4,7,1,1,0,0,0,9,13.0094598811841,9.409999999999997
4820240309030007,2024-03-11,四日市競輪,7,0,1,2-4-5,2-3-5,4,1,2,0,0,1,0,7,23.40177474997543,110.41999999999999
4820240309030008,2024-03-11,四日市競輪,8,1,1-4,1-4,1-4-5,1,7,4,1,0,1,0,7,4.35858555652851,16.66000000000001
4820240309030009,2024-03-11,四日市競輪,9,1,2,1-5,3-4-5,1,3,4,0,0,1,0,6,19.527042505518295,9.283333333333331
4820240309030010,2024-03-11,四日市競輪,10,1,1-7,1-2-4,2-3-4,7,4,2,1,1,1,1,8,1.3637739757755014,9.00333333333333
4820240309030012,2024-03-11,四日市競輪,12,1,1-3,1-3,1-3-4-5,1,7,6,1,0,0,0,8,17.22124781011651,15.640000000000015
5120240311010006,2024-03-11,福井競輪,6,1,4-5,1-5,2-3-4,2,5,4,0,1,1,0,7,16.7285956742207,10.48666666666665
5120240311010007,2024-03-11,福井競輪,7,1,1,1-2-7,4-5-7,7,1,4,0,1,1,0,7,34.13524835229509,0.9849999999999994
5120240311010008,2024-03-11,福井競輪,8,1,1-7,1-3-4,2-3-5-7,1,4,2,1,1,1,1,9,16.570884744909208,17.221666666666664
5120240311010009,2024-03-11,福井競輪,9,1,3,3-4-7,1-4-5-7,1,7,4,0,1,1,0,8,20.271401763433786,16.543333333333337
5120240311010010,2024-03-11,福井競輪,10,0,2,1-5,1-2-3-5,2,5,7,1,1,0,0,7,31.356622104522998,29.154999999999987
5120240311010011,2024-03-11,福井競輪,11,0,2,2-4-7,2-4-5-6,7,2,4,0,1,1,0,8,23.845446205383354,10.810000000000002
5120240311010012,2024-03-11,福井競輪,12,1,1,2-4,1-2-3-7,4,1,2,0,0,1,0,7,40.19169560126006,10.703333333333333
8620240311020010,2024-03-12,別府競輪,10,1,1-2,1-2-5,1-3-4-5,1,7,5,1,0,1,0,9,9.756323104271985,24.510000000000005
8620240311020011,2024-03-12,別府競輪,11,1,1-7,1-7,2-4-5,1,7,4,1,1,1,1,7,5.85918961369552,11.819999999999993
8620240311020012,2024-03-12,別府競輪,12,0,1,1-3-4,3-4-7,1,7,4,1,0,1,0,7,27.587194664051253,25.686666666666667
4320240312010006,2024-03-12,岐阜競輪,6,1,1-5,1-5,1-4-7,5,7,3,1,0,0,0,7,4.554313445856522,11.428333333333313
4320240312010007,2024-03-12,岐阜競輪,7,1,1-5,1-5,1-3-4-5,1,5,7,1,1,0,0,8,8.398781160003352,13.329999999999998
4320240312010008,2024-03-12,岐阜競輪,8,1,4-5,1-4-6,2-4-5-7,1,4,2,0,1,1,0,9,8.596157459918942,12.990000000000009
4320240312010009,2024-03-12,岐阜競輪,9,0,2,2-5,1-4-5-7,2,4,3,1,0,0,0,7,28.938347461986325,16.25499999999998
4320240312010010,2024-03-12,岐阜競輪,10,1,1,3-4,2-4-7,1,3,4,1,1,1,1,6,27.14715297463937,0.21666666666666856
4320240312010011,2024-03-12,岐阜競輪,11,1,3-4,3-4,3-4-5,2,3,5,0,1,1,0,7,0.8314240890657487,28.845
4320240312010012,2024-03-12,岐阜競輪,12,1,1-4,1-4-5,1-5-6,3,1,5,0,1,1,0,8,9.970262860419098,25.765
5120240311020006,2024-03-12,福井競輪,6,1,1,3-5-7,1-4-5-7,1,5,7,1,1,1,1,8,21.36537770103601,19.25
5120240311020007,2024-03-12,福井競輪,7,1,3-5,1-3-7,1-3-5,5,6,1,1,0,1,0,8,8.972819630858268,16.476666666666674
5120240311020008,2024-03-12,福井競輪,8,1,3-7,1-3-7,1-3-6-7,1,3,4,0,1,0,0,9,2.5968220536963855,11.786666666666676
5120240311020009,2024-03-12,福井競輪,9,0,2,3-5-7,3-4-5,2,5,7,1,1,0,0,7,37.60804131064754,20.315000000000012
5120240311020010,2024-03-12,福井競輪,10,1,1,2-3-4,2-3-4-6,2,7,3,0,0,1,0,8,21.22132502036972,5.448333333333338
5120240311020011,2024-03-12,福井競輪,11,0,7,2-4-5,1-3-4-5,1,2,7,0,1,0,0,8,23.346487614835326,15.556666666666658
5120240311020012,2024-03-12,福井競輪,12,1,1-7,1-4-7,2-4-5,7,4,1,1,1,0,0,8,16.987996492992295,15.296666666666667
8620240311030008,2024-03-13,別府競輪,8,0,1,3-6-7,1-3-4-5,1,3,2,1,1,0,0,8,29.90009467034082,20.305000000000007
8620240311030009,2024-03-13,別府競輪,9,0,1,1-4-7,4-5-7,1,7,4,1,1,1,1,7,43.283305583037404,22.481666666666683
8620240311030012,2024-03-13,別府競輪,12,1,1-7,1-5-7,3-4-5-7,7,5,4,1,1,1,1,9,10.21788547274133,37.82000000000002
4320240312020006,2024-03-13,岐阜競輪,6,1,1,1-5-7,1-2-4-5,2,6,1,0,0,1,0,8,35.10280896594385,5.553333333333342
4320240312020007,2024-03-13,岐阜競輪,7,1,2-7,2-7,2-5-6,7,2,3,1,1,0,0,7,4.215620968348745,30.98166666666667
4320240312020008,2024-03-13,岐阜競輪,8,0,2,1-2-4,1-3-4-7,7,1,6,0,1,0,0,8,35.048337457864875,20.745000000000005
4320240312020009,2024-03-13,岐阜競輪,9,1,1-4,1-4-7,3-4-5,1,4,7,1,1,0,0,8,7.665111470689979,7.243333333333325
4320240312020010,2024-03-13,岐阜競輪,10,1,1,4-5,1-2-3-7,7,2,3,0,0,1,0,7,18.262265616862777,8.944999999999993
4320240312020011,2024-03-13,岐阜競輪,11,0,1,1-2-5,2-3-4-5,1,3,4,1,0,1,0,8,44.127302283652945,20.63500000000002
4320240312020012,2024-03-13,岐阜競輪,12,1,3-7,3-4-7,4-6-7,3,7,4,1,1,1,1,8,13.549436526405572,10.21833333333332
6120240313010006,2024-03-13,玉野競輪,6,1,2-4,2-4,1-4-5,2,1,5,1,0,1,0,7,7.268590581492461,5.468333333333348
6120240313010007,2024-03-13,玉野競輪,7,1,1,3-4,1-3-4,3,1,7,0,0,0,0,6,25.142597439597083,6.084999999999994
6120240313010008,2024-03-13,玉野競輪,8,1,2-7,2-4-7,4-5-7,2,7,1,1,1,0,0,8,16.786342584231505,12.198333333333352
6120240313010009,2024-03-13,玉野競輪,9,1,3,3-5-7,1-4-5-7,3,7,1,1,1,1,1,8,21.169560494714432,27.01333333333335
6120240313010010,2024-03-13,玉野競輪,10,1,1-5,1-4-5,1-2-4-7,4,1,5,0,1,0,0,9,9.940795368338115,20.608333333333334
6120240313010011,2024-03-13,玉野競輪,11,1,3-7,3-7,2-4-7,7,4,2,1,0,1,0,7,11.589823326705371,35.59500000000001
6120240313010012,2024-03-13,玉野競輪,12,0,2,4-5-7,1-4-5,1,6,5,0,0,1,0,7,30.519353787054,22.914999999999992
5120240311030007,2024-03-13,福井競輪,7,1,2-4,2-4,1-3-4-5,4,2,5,1,1,1,1,8,17.484015629067073,17.36999999999999
5120240311030009,2024-03-13,福井競輪,9,1,4-7,1-2-7,1-3-4-7,6,7,2,0,1,0,0,9,9.36628887428003,15.095000000000013
5120240311030010,2024-03-13,福井競輪,10,0,3,1-4-5,2-3-5-7,1,7,4,0,0,0,0,8,37.63726890669715,16.689999999999998
5120240311030011,2024-03-13,福井競輪,11,0,4,1-7,2-3-4-5,2,4,5,0,0,1,0,7,31.26570388871997,11.381666666666675
5120240311030012,2024-03-13,福井競輪,12,1,4,1-3-6,2-3-4-5,6,1,2,0,1,1,0,8,19.603999255331104,21.966666666666654
4320240312030005,2024-03-14,岐阜競輪,5,1,1-5,1-5,1-2-5-7,1,5,7,1,1,1,1,8,5.381303751905506,17.39
4320240312030006,2024-03-14,岐阜競輪,6,0,1,1-4-7,2-4-5-7,5,2,4,0,0,1,0,8,24.86297718026556,16.62666666666668
4320240312030007,2024-03-14,岐阜競輪,7,1,7,1-3,2-3-5-7,3,7,6,0,0,0,0,7,55.772691559186235,2.5849999999999937
4320240312030008,2024-03-14,岐阜競輪,8,1,1,1-4-5,2-4-5,4,7,1,0,0,0,0,7,19.576289061163422,19.78500000000001
4320240312030009,2024-03-14,岐阜競輪,9,1,1-7,1-7,4-6-7,2,4,5,0,0,0,0,7,12.265515743002169,5.349999999999994
4320240312030010,2024-03-14,岐阜競輪,10,1,1-5,1-5,1-3-7,5,1,6,1,1,0,0,7,13.33227372757672,20.561666666666667
4320240312030012,2024-03-14,岐阜競輪,12,1,1,1-5-7,3-4-5-7,6,3,4,0,0,1,0,8,31.10625988859394,6.03000000000003
6120240313020006,2024-03-14,玉野競輪,6,0,2,4-5,3-4-5,5,2,1,0,0,0,0,6,46.270644909807736,11.094999999999999
6120240313020007,2024-03-14,玉野競輪,7,1,1,2-4-5,2-4-7,2,1,4,0,0,1,0,7,21.503764331388496,18.689999999999984
6120240313020008,2024-03-14,玉野競輪,8,1,2,5-7,1-4-5-7,2,7,3,1,1,0,0,7,28.275108572851778,10.240000000000009
6120240313020009,2024-03-14,玉野競輪,9,1,1,1-5-7,2-4-5-7,1,7,4,1,1,1,1,8,20.163412921271686,6.074999999999989
6120240313020010,2024-03-14,玉野競輪,10,1,1-3,1-3-7,4-5-7,3,5,7,1,0,1,0,8,1.454751263390179,28.40666666666668
6120240313020011,2024-03-14,玉野競輪,11,1,2,1-2-5,4-5-6-7,5,6,7,0,0,1,0,8,22.128747720901316,14.891666666666666
6120240313020012,2024-03-14,玉野競輪,12,1,3-5,3-5,1-3-4-5,7,5,1,0,1,1,0,8,15.37680798929857,19.643333333333345
2220240315010008,2024-03-15,前橋競輪,8,1,2-5,2-5-7,2-4-5-7,2,3,1,1,0,0,0,9,2.678679328585474,5.474999999999994
2220240315010009,2024-03-15,前橋競輪,9,1,2-7,2-7,2-4-5,7,1,3,1,0,0,0,7,1.4278622960867011,38.25333333333333
2220240315010010,2024-03-15,前橋競輪,10,1,4-7,2-4-7,2-3-7,4,7,5,1,1,0,0,8,17.29793233267948,28.340000000000003
2220240315010011,2024-03-15,前橋競輪,11,1,1-5,1-5-7,1-2-5-7,5,1,6,1,1,0,0,9,11.57086809187507,29.909999999999982
2220240315010012,2024-03-15,前橋競輪,12,1,7,2-3-5,2-4-6-7,6,1,3,0,0,0,0,8,20.057008460615236,9.550000000000011
6120240313030006,2024-03-15,玉野競輪,6,1,1-5,1-2-5,1-4-7,2,1,4,0,1,1,0,8,1.8191766258759827,10.489999999999995
6120240313030007,2024-03-15,玉野競輪,7,1,2-3,1-3-5,1-3-5-6,5,1,7,0,1,0,0,9,9.126706323567063,11.829999999999998
6120240313030008,2024-03-15,玉野競輪,8,1,4,2-4-7,1-2-3,1,4,2,0,1,1,0,7,19.311298103920166,15.530000000000001
6120240313030009,2024-03-15,玉野競輪,9,1,1-7,1-7,3-4-6-7,7,1,3,1,1,1,1,8,1.7051499979542655,12.655000000000015
6120240313030010,2024-03-15,玉野競輪,10,1,1-2,2-7,2-3-4-5,1,2,4,1,1,1,1,8,10.769585763880812,15.253333333333345
6120240313030012,2024-03-15,玉野競輪,12,1,2,1-5-7,2-5-6-7,3,2,7,0,0,1,0,8,20.75169932433589,27.730000000000018
2220240315020008,2024-03-16,前橋競輪,8,1,4-7,2-4-5,1-4-5-7,7,1,5,1,0,1,0,9,12.719339343182853,15.703333333333347
2220240315020009,2024-03-16,前橋競輪,9,0,2,3-4-7,3-4-5-7,7,2,3,0,0,1,0,8,34.874971064588095,19.59333333333332
2220240315020010,2024-03-16,前橋競輪,10,1,3-4,1-3-5,2-4-7,2,4,7,0,0,1,0,8,5.7037515459452095,15.39500000000001
2220240315020011,2024-03-16,前橋競輪,11,0,2,3-4-7,3-4-5-7,5,2,1,0,0,0,0,8,27.228694012325832,26.554999999999993
2220240315020012,2024-03-16,前橋競輪,12,0,4,1-5,2-4-7,4,1,7,1,1,1,1,6,28.704432907923945,24.855000000000004
2220240315030006,2024-03-17,前橋競輪,6,1,1-2,1-2-4,1-3-7,2,1,3,1,1,1,1,8,9.21120269353736,15.14333333333333
2220240315030007,2024-03-17,前橋競輪,7,1,2-5,3-4-5,1-3-4-7,2,7,4,1,0,1,0,9,9.93922953430257,31.16000000000001
2220240315030008,2024-03-17,前橋競輪,8,1,2-7,2-7,1-3-4,3,5,7,0,0,0,0,7,2.870619931651575,18.89500000000001
2220240315030009,2024-03-17,前橋競輪,9,0,4,2-3-5,2-3-4-7,3,7,4,0,0,1,0,8,28.710684034336808,22.15000000000002
2220240315030012,2024-03-17,前橋競輪,12,1,1-4,1-4,1-2-3-4,1,6,3,1,0,1,0,8,0.12737982091772437,31.243333333333354
7420240317010006,2024-03-17,高知競輪,6,1,3-5,3-4-5,2-3-4-5,5,3,1,1,1,0,0,9,8.190665937783308,19.313333333333333
7420240317010007,2024-03-17,高知競輪,7,0,2,1-4-7,1-3-4-5,2,5,1,1,0,1,0,8,27.4690345746897,15.436666666666667
7420240317010008,2024-03-17,高知競輪,8,1,2-3,1-2-3,2-4-7,7,4,1,0,0,0,0,8,6.182112959231205,15.335000000000022
7420240317010009,2024-03-17,高知競輪,9,1,1-2,1-2-5,3-4-5-7,1,7,5,1,0,1,0,9,7.246969706318964,14.144999999999996
7420240317010010,2024-03-17,高知競輪,10,1,2,2-4-7,1-4-7,2,7,4,1,1,1,1,7,19.80874122526177,16.87833333333333
7420240317010011,2024-03-17,高知競輪,11,1,1,1-7,3-4-7,1,7,3,1,1,1,1,6,18.237194140750844,21.74333333333334
7420240317010012,2024-03-17,高知競輪,12,0,2,3-4-5,2-4-5-6,1,2,4,0,0,1,0,8,24.802773110785765,12.780000000000001
